DEVELOPMENT,NUMBER OF UNITS,PRIMARY WORK TYPE,SECONDARY WORK TYPE,5 YEAR NEED ($),20 YEAR NEED ($)
1010 EAST 178TH STREET,220,Apartments,Apartment 504 Access,600000,600000
1010 EAST 178TH STREET,220,Apartments,Apartment Bathroom,11002463.92,11002463.92
1010 EAST 178TH STREET,220,Apartments,Apartment Entrance Doors,1435746.4,1435746.4
1010 EAST 178TH STREET,220,Apartments,Apartment Kitchen,8398420.05,8398420.05
1010 EAST 178TH STREET,220,Apartments,Apartment Renovation,16379448.78,17700568.58
1010 EAST 178TH STREET,220,Building Exterior/Facade/Window,Brickwork,3206434.93,3206434.93
1010 EAST 178TH STREET,220,Building Exterior/Facade/Window,Building Windows,6065577.32,6065577.32
1010 EAST 178TH STREET,220,Building Exterior/Facade/Window,Entrances/Exits,213160.63,213160.63
1010 EAST 178TH STREET,220,Building Exterior/Facade/Window,Foundations,4868.5,4868.5
1010 EAST 178TH STREET,220,Common Areas/Lobbies,Building Common Area Finishes ,1630445.06,1630445.06
1010 EAST 178TH STREET,220,Common Areas/Lobbies,Building Common Areas - Bathroom,625992.95,853626.75
1010 EAST 178TH STREET,220,Common Areas/Lobbies,Interior Building Doors,836324.9,836324.9
1010 EAST 178TH STREET,220,Common Areas/Lobbies,Interior Building Stairs,1254.85,1567713.63
1010 EAST 178TH STREET,220,Common Areas/Lobbies,Non Residential Kitchen,1282380.27,1282380.27
1010 EAST 178TH STREET,220,Elevators,Elevators,2926627.38,2926627.38
1010 EAST 178TH STREET,220,Fire Protection,Fire Sprinkler,0,0
1010 EAST 178TH STREET,220,Fire Protection,Standpipe System,40653.69,40653.69
1010 EAST 178TH STREET,220,Grounds,Building Exterior Walkways and Retaining Walls,72494.74,72494.74
1010 EAST 178TH STREET,220,Grounds,Lighting - Exterior Security,129144.84,129144.84
1010 EAST 178TH STREET,220,Grounds,Open Spaces,,2073276.75
1010 EAST 178TH STREET,220,Grounds,Parking Lot,1076845.05,1076845.05
1010 EAST 178TH STREET,220,Grounds,Paving - Non-Vehicular Area,1067776,1067776
1010 EAST 178TH STREET,220,Grounds,Playgrounds,227808,227808
1010 EAST 178TH STREET,220,Grounds,Site Fences,706269.9,706269.9
1010 EAST 178TH STREET,220,Grounds,Site Lighting,153807.5,153807.5
1010 EAST 178TH STREET,220,Grounds,Stairs / Ramps,9213.48,133364.6
1010 EAST 178TH STREET,220,Heating,Decarbonization,22583004.19,22583004.19
1010 EAST 178TH STREET,220,Interior Electrical/Lighting,Electrical System,152547.96,374711.24
1010 EAST 178TH STREET,220,Interior Electrical/Lighting,Emergency and Exit Lighting and Panels,29928.71,29928.71
1010 EAST 178TH STREET,220,Interior Electrical/Lighting,Interior Lighting Fixture,784422.14,784422.14
1010 EAST 178TH STREET,220,Interior Electrical/Lighting,Telephone/Intercom,,148224.96
1010 EAST 178TH STREET,220,Lead Based Paint,Lead Based Paint,1788478.8,1788478.8
1010 EAST 178TH STREET,220,Plumbing,Building Drainage,14688.24,14688.24
1010 EAST 178TH STREET,220,Plumbing,Non Residential Spaces Plumbing Fixtures,5058.33,5058.33
1010 EAST 178TH STREET,220,Plumbing,Roof Tank,1138364.78,1138364.78
1010 EAST 178TH STREET,220,Plumbing,Underground Hydronic Piping,,111585.5
1010 EAST 178TH STREET,220,Plumbing,Underground Natural Gas Piping,,27728.4
1010 EAST 178TH STREET,220,Roofs,Building Roof/Parapets/Misc,2227074.74,2227074.74
1010 EAST 178TH STREET,220,Safety And Security,Additional Security,1268815.8,1268815.8
1010 EAST 178TH STREET,220,Safety And Security,CCTV,,280561.96
1010 EAST 178TH STREET,220,Safety And Security,Intrusion Alarm,107323.29,214646.58
1010 EAST 178TH STREET,220,Ventilation/Air Conditioning,Air Conditioning,104706.96,104706.96
1010 EAST 178TH STREET,220,Ventilation/Air Conditioning,Exhaust Fan,2410.77,2410.77
1010 EAST 178TH STREET,220,Waste Management,Waste Infrastructure,2032802.08,2032802.08
104-14 TAPSCOTT STREET,30,Apartments,Apartment 504 Access,200000,200000
104-14 TAPSCOTT STREET,30,Apartments,Apartment Bathroom,1386865.2,1386865.2
104-14 TAPSCOTT STREET,30,Apartments,Apartment Entrance Doors,195783.6,195783.6
104-14 TAPSCOTT STREET,30,Apartments,Apartment Kitchen,1150468.5,1150468.5
104-14 TAPSCOTT STREET,30,Apartments,Apartment Renovation,3029152.58,3157584.02
104-14 TAPSCOTT STREET,30,Building Exterior/Facade/Window,Brickwork,161502,161502
104-14 TAPSCOTT STREET,30,Building Exterior/Facade/Window,Building Windows,1476684.78,1476684.78
104-14 TAPSCOTT STREET,30,Building Exterior/Facade/Window,Entrances/Exits,78054.78,78054.78
104-14 TAPSCOTT STREET,30,Building Exterior/Facade/Window,Fire Escapes,,1045632.24
104-14 TAPSCOTT STREET,30,Building Exterior/Facade/Window,Foundations,17539,17539
104-14 TAPSCOTT STREET,30,Common Areas/Lobbies,Building Common Area Finishes ,279596.74,279596.74
104-14 TAPSCOTT STREET,30,Common Areas/Lobbies,Building Common Areas - Bathroom,,113816.9
104-14 TAPSCOTT STREET,30,Common Areas/Lobbies,Interior Building Doors,201319.95,201319.95
104-14 TAPSCOTT STREET,30,Common Areas/Lobbies,Interior Building Stairs,,751900.22
104-14 TAPSCOTT STREET,30,Common Areas/Lobbies,Non Residential Kitchen,422090.02,422090.02
104-14 TAPSCOTT STREET,30,Grounds,Lighting - Exterior Security,158495.94,158495.94
104-14 TAPSCOTT STREET,30,Grounds,Open Spaces,,0
104-14 TAPSCOTT STREET,30,Grounds,Paving - Non-Vehicular Area,114702.5,114702.5
104-14 TAPSCOTT STREET,30,Grounds,Site Fences,67263.8,67263.8
104-14 TAPSCOTT STREET,30,Grounds,Site Walls (Not Retaining Walls),3335.4,3335.4
104-14 TAPSCOTT STREET,30,Grounds,Stairs / Ramps,23434.9,23434.9
104-14 TAPSCOTT STREET,30,Heating,Common Spaces Radiator / Convector / Baseboard,,60210.43
104-14 TAPSCOTT STREET,30,Heating,Decarbonization,2307955.87,2307955.87
104-14 TAPSCOTT STREET,30,Interior Electrical/Lighting,Electrical System,375723.22,862528.08
104-14 TAPSCOTT STREET,30,Interior Electrical/Lighting,Emergency and Exit Lighting and Panels,10051.02,10051.02
104-14 TAPSCOTT STREET,30,Interior Electrical/Lighting,Interior Lighting Fixture,202264.64,202264.64
104-14 TAPSCOTT STREET,30,Lead Based Paint,Lead Based Paint,215551.8,215551.8
104-14 TAPSCOTT STREET,30,Plumbing,Building Sewage System,78733.84,78733.84
104-14 TAPSCOTT STREET,30,Plumbing,Non Residential Spaces Plumbing Fixtures,0,0
104-14 TAPSCOTT STREET,30,Roofs,Building Roof/Parapets/Misc,2709762.58,2738952.2
104-14 TAPSCOTT STREET,30,Safety And Security,Additional Security,875149.8,875149.8
104-14 TAPSCOTT STREET,30,Waste Management,Waste Infrastructure,84940.69,84940.69
1162-1176 WASHINGTON AVENUE,66,Apartments,Apartment 504 Access,200000,200000
1162-1176 WASHINGTON AVENUE,66,Apartments,Apartment Bathroom,3051103.44,3051103.44
1162-1176 WASHINGTON AVENUE,66,Apartments,Apartment Entrance Doors,430723.92,430723.92
1162-1176 WASHINGTON AVENUE,66,Apartments,Apartment Kitchen,2531030.7,2531030.7
1162-1176 WASHINGTON AVENUE,66,Apartments,Apartment Renovation,7039810.68,7707109.54
1162-1176 WASHINGTON AVENUE,66,Building Exterior/Facade/Window,Brickwork,,400000
1162-1176 WASHINGTON AVENUE,66,Building Exterior/Facade/Window,Entrances/Exits,180969.7,180969.7
1162-1176 WASHINGTON AVENUE,66,Building Exterior/Facade/Window,Foundations,14766.8,14766.8
1162-1176 WASHINGTON AVENUE,66,Common Areas/Lobbies,Building Common Area Finishes ,361066.55,361066.55
1162-1176 WASHINGTON AVENUE,66,Common Areas/Lobbies,Interior Building Doors,109611.1,109611.1
1162-1176 WASHINGTON AVENUE,66,Common Areas/Lobbies,Interior Building Stairs,1183.88,1755617.72
1162-1176 WASHINGTON AVENUE,66,Elevators,Elevators,1463313.69,1463313.69
1162-1176 WASHINGTON AVENUE,66,Grounds,Building Exterior Walkways and Retaining Walls,112712.5,112712.5
1162-1176 WASHINGTON AVENUE,66,Grounds,Lighting - Exterior Security,152625.72,152625.72
1162-1176 WASHINGTON AVENUE,66,Grounds,Open Spaces,,0
1162-1176 WASHINGTON AVENUE,66,Grounds,Paving - Non-Vehicular Area,114493.95,114493.95
1162-1176 WASHINGTON AVENUE,66,Grounds,Playgrounds,42714,42714
1162-1176 WASHINGTON AVENUE,66,Grounds,Site Fences,3540.2,3540.2
1162-1176 WASHINGTON AVENUE,66,Grounds,Stairs / Ramps,63250.2,63250.2
1162-1176 WASHINGTON AVENUE,66,Heating,Common Spaces Radiator / Convector / Baseboard,,576299.83
1162-1176 WASHINGTON AVENUE,66,Heating,Decarbonization,4504439.17,4504439.17
1162-1176 WASHINGTON AVENUE,66,Heating,Hot Water System,,2650032
1162-1176 WASHINGTON AVENUE,66,Interior Electrical/Lighting,Electrical System,,1370066.1
1162-1176 WASHINGTON AVENUE,66,Interior Electrical/Lighting,Emergency and Exit Lighting and Panels,13716.97,13716.97
1162-1176 WASHINGTON AVENUE,66,Interior Electrical/Lighting,Interior Lighting Fixture,295717.68,295717.68
1162-1176 WASHINGTON AVENUE,66,Lead Based Paint,Lead Based Paint,605223.72,605223.72
1162-1176 WASHINGTON AVENUE,66,Plumbing,Underground Hydronic Piping,,89268.4
1162-1176 WASHINGTON AVENUE,66,Plumbing,Underground Natural Gas Piping,,36971.2
1162-1176 WASHINGTON AVENUE,66,Roofs,Building Roof/Parapets/Misc,1625309.4,1683688.64
1162-1176 WASHINGTON AVENUE,66,Safety And Security,Additional Security,1071982.8,1071982.8
1162-1176 WASHINGTON AVENUE,66,Ventilation/Air Conditioning,Air Conditioning,30538.67,30538.67
1162-1176 WASHINGTON AVENUE,66,Waste Management,Waste Infrastructure,84940.69,84940.69
131 SAINT NICHOLAS AVENUE,100,Apartments,Apartment 504 Access,200000,200000
131 SAINT NICHOLAS AVENUE,100,Apartments,Apartment Bathroom,4622884,4622884
131 SAINT NICHOLAS AVENUE,100,Apartments,Apartment Entrance Doors,652612,652612
131 SAINT NICHOLAS AVENUE,100,Apartments,Apartment Kitchen,3834895,3834895
131 SAINT NICHOLAS AVENUE,100,Apartments,Apartment Renovation,7460974.07,8495446.97
131 SAINT NICHOLAS AVENUE,100,Building Exterior/Facade/Window,Brickwork,3206434.93,3206434.93
131 SAINT NICHOLAS AVENUE,100,Building Exterior/Facade/Window,Building Windows,3318258.4,3318258.4
131 SAINT NICHOLAS AVENUE,100,Building Exterior/Facade/Window,Entrances/Exits,88769.14,88769.14
131 SAINT NICHOLAS AVENUE,100,Common Areas/Lobbies,Building Common Area Finishes ,429978.05,429978.05
131 SAINT NICHOLAS AVENUE,100,Common Areas/Lobbies,Building Common Areas - Bathroom,284542.25,341450.7
131 SAINT NICHOLAS AVENUE,100,Common Areas/Lobbies,Interior Building Doors,545645.45,545645.45
131 SAINT NICHOLAS AVENUE,100,Common Areas/Lobbies,Interior Building Stairs,,2318359
131 SAINT NICHOLAS AVENUE,100,Common Areas/Lobbies,Non Residential Kitchen,7091.8,429181.82
131 SAINT NICHOLAS AVENUE,100,Elevators,Elevators,2926627.38,2926627.38
131 SAINT NICHOLAS AVENUE,100,Fire Protection,Fire Alarm,177343.48,177343.48
131 SAINT NICHOLAS AVENUE,100,Fire Protection,Standpipe System,32910.13,32910.13
131 SAINT NICHOLAS AVENUE,100,Grounds,Building Exterior Walkways and Retaining Walls,61830.38,61830.38
131 SAINT NICHOLAS AVENUE,100,Grounds,Lighting - Exterior Security,176106.6,176106.6
131 SAINT NICHOLAS AVENUE,100,Grounds,Open Spaces,,1124515.7
131 SAINT NICHOLAS AVENUE,100,Grounds,Parking Lot,234393,234393
131 SAINT NICHOLAS AVENUE,100,Grounds,Paving - Non-Vehicular Area,473408.5,473408.5
131 SAINT NICHOLAS AVENUE,100,Grounds,Playgrounds,166110,166110
131 SAINT NICHOLAS AVENUE,100,Grounds,Site Fences,451375.5,451375.5
131 SAINT NICHOLAS AVENUE,100,Grounds,Site Lighting,54285,54285
131 SAINT NICHOLAS AVENUE,100,Grounds,Site Walls (Not Retaining Walls),1484.2,1484.2
131 SAINT NICHOLAS AVENUE,100,Grounds,Stairs / Ramps,2153.25,98000.25
131 SAINT NICHOLAS AVENUE,100,Heating,Building Steam Piping,,4498485.6
131 SAINT NICHOLAS AVENUE,100,Heating,Common Spaces Radiator / Convector / Baseboard,,154826.82
131 SAINT NICHOLAS AVENUE,100,Heating,Decarbonization,2339197.18,2339197.18
131 SAINT NICHOLAS AVENUE,100,Interior Electrical/Lighting,Electrical System,38136.99,260300.27
131 SAINT NICHOLAS AVENUE,100,Interior Electrical/Lighting,Emergency and Exit Lighting and Panels,33900.83,33900.83
131 SAINT NICHOLAS AVENUE,100,Interior Electrical/Lighting,Interior Lighting Fixture,223023.52,377436.6
131 SAINT NICHOLAS AVENUE,100,Interior Electrical/Lighting,Telephone/Intercom,,148224.96
131 SAINT NICHOLAS AVENUE,100,Lead Based Paint,Lead Based Paint,833384.4,833384.4
131 SAINT NICHOLAS AVENUE,100,Plumbing,Building Sewage System,157467.68,157467.68
131 SAINT NICHOLAS AVENUE,100,Plumbing,Roof Tank,,163646.9
131 SAINT NICHOLAS AVENUE,100,Plumbing,Underground Hydronic Piping,,133902.6
131 SAINT NICHOLAS AVENUE,100,Plumbing,Underground Natural Gas Piping,,36971.2
131 SAINT NICHOLAS AVENUE,100,Roofs,Building Roof/Parapets/Misc,849625.98,849625.98
131 SAINT NICHOLAS AVENUE,100,Safety And Security,Additional Security,745348.8,745348.8
131 SAINT NICHOLAS AVENUE,100,Safety And Security,CCTV,,280561.96
131 SAINT NICHOLAS AVENUE,100,Waste Management,Garbage Chute,14484,14484
131 SAINT NICHOLAS AVENUE,100,Waste Management,Waste Infrastructure,84940.69,84940.69
1471 WATSON AVENUE,96,Apartments,Apartment 504 Access,200000,200000
1471 WATSON AVENUE,96,Apartments,Apartment Bathroom,4437968.64,4437968.64
1471 WATSON AVENUE,96,Apartments,Apartment Entrance Doors,626507.52,626507.52
1471 WATSON AVENUE,96,Apartments,Apartment Kitchen,3681499.2,3681499.2
1471 WATSON AVENUE,96,Apartments,Apartment Renovation,9104852.86,10047249.66
1471 WATSON AVENUE,96,Building Exterior/Facade/Window,Brickwork,2308981.39,2308981.39
1471 WATSON AVENUE,96,Building Exterior/Facade/Window,Building Windows,1619691.04,1619691.04
1471 WATSON AVENUE,96,Building Exterior/Facade/Window,Entrances/Exits,114265,114265
1471 WATSON AVENUE,96,Building Exterior/Facade/Window,Foundations,16727.71,16727.71
1471 WATSON AVENUE,96,Common Areas/Lobbies,Building Common Area Finishes ,608951.62,608951.62
1471 WATSON AVENUE,96,Common Areas/Lobbies,Building Common Areas - Bathroom,,56908.45
1471 WATSON AVENUE,96,Common Areas/Lobbies,Interior Building Doors,247371.65,247371.65
1471 WATSON AVENUE,96,Common Areas/Lobbies,Interior Building Stairs,4132.26,1069324.23
1471 WATSON AVENUE,96,Common Areas/Lobbies,Non Residential Kitchen,422090.02,422090.02
1471 WATSON AVENUE,96,Elevators,Elevators,2926627.38,2926627.38
1471 WATSON AVENUE,96,Fire Protection,Fire Alarm,179422.4,179422.4
1471 WATSON AVENUE,96,Fire Protection,Fire Sprinkler,4448.8,4448.8
1471 WATSON AVENUE,96,Grounds,Building Exterior Walkways and Retaining Walls,13565.61,13565.61
1471 WATSON AVENUE,96,Grounds,Lighting - Exterior Security,246549.24,246549.24
1471 WATSON AVENUE,96,Grounds,Open Spaces,,0
1471 WATSON AVENUE,96,Grounds,Parking Lot,701992.75,701992.75
1471 WATSON AVENUE,96,Grounds,Paving - Non-Vehicular Area,202293.5,202293.5
1471 WATSON AVENUE,96,Grounds,Playgrounds,106785,106785
1471 WATSON AVENUE,96,Grounds,Site Fences,371721,371721
1471 WATSON AVENUE,96,Grounds,Site Lighting,27142.5,27142.5
1471 WATSON AVENUE,96,Grounds,Stairs / Ramps,2047.44,89907.19
1471 WATSON AVENUE,96,Heating,Building Steam Piping,24091.64,2504874.14
1471 WATSON AVENUE,96,Heating,Common Spaces Radiator / Convector / Baseboard,77413.41,77413.41
1471 WATSON AVENUE,96,Heating,Decarbonization,0,0
1471 WATSON AVENUE,96,Heating,Heating System,3592101.6,3673311.27
1471 WATSON AVENUE,96,Interior Electrical/Lighting,Electrical System,,2193445.21
1471 WATSON AVENUE,96,Interior Electrical/Lighting,Emergency and Exit Lighting and Panels,7115.2,7115.2
1471 WATSON AVENUE,96,Interior Electrical/Lighting,Interior Lighting Fixture,323229.46,323229.46
1471 WATSON AVENUE,96,Interior Electrical/Lighting,Telephone/Intercom,,74112.48
1471 WATSON AVENUE,96,Lead Based Paint,Lead Based Paint,732205.92,732205.92
1471 WATSON AVENUE,96,Plumbing,Building Drainage,83344.25,83344.25
1471 WATSON AVENUE,96,Plumbing,Domestic Hot Water System,61.66,94470.58
1471 WATSON AVENUE,96,Plumbing,Gas Risers,0,0
1471 WATSON AVENUE,96,Plumbing,Underground Hydronic Piping,,133902.6
1471 WATSON AVENUE,96,Plumbing,Underground Natural Gas Piping,,55456.8
1471 WATSON AVENUE,96,Safety And Security,Additional Security,919837.8,919837.8
1471 WATSON AVENUE,96,Ventilation/Air Conditioning,Air Conditioning,30538.67,30538.67
1471 WATSON AVENUE,96,Ventilation/Air Conditioning,Exhaust Fan,3616.15,3616.15
1471 WATSON AVENUE,96,Waste Management,Waste Infrastructure,152521.6,152521.6
154 WEST 84TH STREET,35,Apartments,Apartment 504 Access,200000,200000
154 WEST 84TH STREET,35,Apartments,Apartment Bathroom,1618009.4,1618009.4
154 WEST 84TH STREET,35,Apartments,Apartment Entrance Doors,228414.2,228414.2
154 WEST 84TH STREET,35,Apartments,Apartment Kitchen,1342213.25,1342213.25
154 WEST 84TH STREET,35,Apartments,Apartment Renovation,2764960.88,3356880.22
154 WEST 84TH STREET,35,Building Exterior/Facade/Window,Brickwork,2514911.26,2514911.26
154 WEST 84TH STREET,35,Building Exterior/Facade/Window,Building Windows,877986.2,877986.2
154 WEST 84TH STREET,35,Building Exterior/Facade/Window,Entrances/Exits,69659.73,69659.73
154 WEST 84TH STREET,35,Common Areas/Lobbies,Building Common Area Finishes ,360972.47,360972.47
154 WEST 84TH STREET,35,Common Areas/Lobbies,Building Common Areas - Bathroom,,227633.8
154 WEST 84TH STREET,35,Common Areas/Lobbies,Interior Building Doors,323770.4,323770.4
154 WEST 84TH STREET,35,Common Areas/Lobbies,Non Residential Kitchen,422090.02,422090.02
154 WEST 84TH STREET,35,Elevators,Elevators,1501587.66,1501587.66
154 WEST 84TH STREET,35,Grounds,Open Spaces,,0
154 WEST 84TH STREET,35,Grounds,Paving - Non-Vehicular Area,81751.6,81751.6
154 WEST 84TH STREET,35,Grounds,Playgrounds,100615.2,100615.2
154 WEST 84TH STREET,35,Grounds,Site Fences,72574.1,72574.1
154 WEST 84TH STREET,35,Grounds,Site Lighting,63332.5,63332.5
154 WEST 84TH STREET,35,Grounds,Stairs / Ramps,,6389.8
154 WEST 84TH STREET,35,Heating,Common Spaces Radiator / Convector / Baseboard,,249443.21
154 WEST 84TH STREET,35,Heating,Decarbonization,1627937.6,1627937.6
154 WEST 84TH STREET,35,Interior Electrical/Lighting,Emergency and Exit Lighting and Panels,37814.86,37814.86
154 WEST 84TH STREET,35,Interior Electrical/Lighting,Interior Lighting Fixture,306920.44,306920.44
154 WEST 84TH STREET,35,Interior Electrical/Lighting,Telephone/Intercom,,74112.48
154 WEST 84TH STREET,35,Lead Based Paint,Lead Based Paint,0,0
154 WEST 84TH STREET,35,Plumbing,Domestic Hot Water System,14884.12,173933.72
154 WEST 84TH STREET,35,Plumbing,Domestic Water System,,109364
154 WEST 84TH STREET,35,Roofs,Building Roof/Parapets/Misc,849208.33,849208.33
154 WEST 84TH STREET,35,Safety And Security,Additional Security,1071982.8,1071982.8
154 WEST 84TH STREET,35,Safety And Security,Intrusion Alarm,,107323.29
154 WEST 84TH STREET,35,Ventilation/Air Conditioning,Air Conditioning,,93103.04
154 WEST 84TH STREET,35,Ventilation/Air Conditioning,Exhaust Fan,1205.38,1205.38
154 WEST 84TH STREET,35,Waste Management,Interior Compactor,63826.69,63826.69
154 WEST 84TH STREET,35,Waste Management,Waste Infrastructure,17359.78,17359.78
303 VERNON AVENUE,234,Apartments,Apartment 504 Access,600000,600000
303 VERNON AVENUE,234,Apartments,Apartment Bathroom,11744767.01,11744767.01
303 VERNON AVENUE,234,Apartments,Apartment Entrance Doors,,1527112.08
303 VERNON AVENUE,234,Apartments,Apartment Kitchen,8973654.3,8973654.3
303 VERNON AVENUE,234,Apartments,Apartment Renovation,14447423.55,15293626.52
303 VERNON AVENUE,234,Building Exterior/Facade/Window,Brickwork,3539796.95,3539796.95
303 VERNON AVENUE,234,Building Exterior/Facade/Window,Building Windows,9079852.13,9079852.13
303 VERNON AVENUE,234,Building Exterior/Facade/Window,Entrances/Exits,73624.03,73624.03
303 VERNON AVENUE,234,Building Exterior/Facade/Window,Foundations,36270,36270
303 VERNON AVENUE,234,Common Areas/Lobbies,Building Common Area Finishes ,1577874.97,1585731.97
303 VERNON AVENUE,234,Common Areas/Lobbies,Building Common Areas - Bathroom,341450.7,682901.4
303 VERNON AVENUE,234,Common Areas/Lobbies,Interior Building Doors,482252.76,767474.76
303 VERNON AVENUE,234,Common Areas/Lobbies,Interior Building Stairs,3007600.8,3007600.8
303 VERNON AVENUE,234,Common Areas/Lobbies,Non Residential Kitchen,,844180.04
303 VERNON AVENUE,234,Elevators,Elevators,2926627.38,2926627.38
303 VERNON AVENUE,234,Fire Protection,Fire Alarm,175669.98,175669.98
303 VERNON AVENUE,234,Grounds,Building Exterior Walkways and Retaining Walls,956069.74,956069.74
303 VERNON AVENUE,234,Grounds,Fixed Site Equipment,2360.46,2360.46
303 VERNON AVENUE,234,Grounds,Landscaping,46347.72,46347.72
303 VERNON AVENUE,234,Grounds,Lighting - Exterior Security,121422.61,121422.61
303 VERNON AVENUE,234,Grounds,Open Spaces,,3380685.03
303 VERNON AVENUE,234,Grounds,Parking Lot,1090200,1090200
303 VERNON AVENUE,234,Grounds,Paving - Non-Vehicular Area,500520,500520
303 VERNON AVENUE,234,Grounds,Playgrounds,,303744
303 VERNON AVENUE,234,Grounds,Site Fences,1362977,1362977
303 VERNON AVENUE,234,Grounds,Site Lighting,271425,271425
303 VERNON AVENUE,234,Grounds,Site Walls (Not Retaining Walls),11835.95,11835.95
303 VERNON AVENUE,234,Grounds,Stairs / Ramps,246622.4,329689.8
303 VERNON AVENUE,234,Heating,Common Spaces Radiator / Convector / Baseboard,,94616.39
303 VERNON AVENUE,234,Heating,Decarbonization,16469355.7,16469355.7
303 VERNON AVENUE,234,Interior Electrical/Lighting,Electrical System,114410.97,169951.79
303 VERNON AVENUE,234,Interior Electrical/Lighting,Emergency and Exit Lighting and Panels,11726.19,11726.19
303 VERNON AVENUE,234,Interior Electrical/Lighting,Interior Lighting Fixture,477072.77,477072.77
303 VERNON AVENUE,234,Interior Electrical/Lighting,Telephone/Intercom,148224.96,222337.44
303 VERNON AVENUE,234,Lead Based Paint,Lead Based Paint,379625.63,379625.63
303 VERNON AVENUE,234,Plumbing,Building Drainage,29731.17,29731.17
303 VERNON AVENUE,234,Plumbing,Building Sewage System,8813.7,8813.7
303 VERNON AVENUE,234,Plumbing,Domestic Water System,44511.48,44511.48
303 VERNON AVENUE,234,Plumbing,Gas Risers,3236.53,3236.53
303 VERNON AVENUE,234,Plumbing,Roof Tank,27474.78,191121.68
303 VERNON AVENUE,234,Plumbing,Underground Natural Gas Piping,,92428
303 VERNON AVENUE,234,Roofs,Building Roof/Parapets/Misc,47275.4,47275.4
303 VERNON AVENUE,234,Safety And Security,Additional Security,1268815.8,1268815.8
303 VERNON AVENUE,234,Safety And Security,CCTV,280561.96,280561.96
303 VERNON AVENUE,234,Safety And Security,Intrusion Alarm,107323.29,107323.29
303 VERNON AVENUE,234,Ventilation/Air Conditioning,Air Conditioning,2439.29,7317.87
303 VERNON AVENUE,234,Waste Management,Garbage Chute,5112,5112
303 VERNON AVENUE,234,Waste Management,Waste Infrastructure,2044375.26,2044375.26
45 ALLEN STREET,107,Apartments,Apartment 504 Access,200000,200000
45 ALLEN STREET,107,Apartments,Apartment Bathroom,5501231.96,5501231.96
45 ALLEN STREET,107,Apartments,Apartment Entrance Doors,698294.84,698294.84
45 ALLEN STREET,107,Apartments,Apartment Kitchen,4103337.65,4103337.65
45 ALLEN STREET,107,Apartments,Apartment Renovation,11605035.13,12717159.54
45 ALLEN STREET,107,Building Exterior/Facade/Window,Brickwork,2717077.78,2717077.78
45 ALLEN STREET,107,Building Exterior/Facade/Window,Building Windows,7130973.1,7130973.1
45 ALLEN STREET,107,Building Exterior/Facade/Window,Entrances/Exits,171377.22,171377.22
45 ALLEN STREET,107,Building Exterior/Facade/Window,Foundations,162625,162625
45 ALLEN STREET,107,Common Areas/Lobbies,Building Common Area Finishes ,895488.96,895488.96
45 ALLEN STREET,107,Common Areas/Lobbies,Building Common Areas - Bathroom,284542.25,284542.25
45 ALLEN STREET,107,Common Areas/Lobbies,Interior Building Doors,627107.1,627107.1
45 ALLEN STREET,107,Common Areas/Lobbies,Interior Building Stairs,,939875.27
45 ALLEN STREET,107,Common Areas/Lobbies,Non Residential Kitchen,844180.04,844180.04
45 ALLEN STREET,107,Elevators,Elevators,2926627.38,2926627.38
45 ALLEN STREET,107,Fire Protection,Fire Sprinkler,50593.08,50593.08
45 ALLEN STREET,107,Grounds,Building Exterior Walkways and Retaining Walls,4505.46,4505.46
45 ALLEN STREET,107,Grounds,Landscaping,3929.5,3929.5
45 ALLEN STREET,107,Grounds,Lighting - Exterior Security,164366.16,164366.16
45 ALLEN STREET,107,Grounds,Open Spaces,,719660.74
45 ALLEN STREET,107,Grounds,Parking Lot,522766,522766
45 ALLEN STREET,107,Grounds,Paving - Non-Vehicular Area,399581.8,399581.8
45 ALLEN STREET,107,Grounds,Playgrounds,121497.6,121497.6
45 ALLEN STREET,107,Grounds,Site Fences,449605.4,449605.4
45 ALLEN STREET,107,Grounds,Site Lighting,54285,54285
45 ALLEN STREET,107,Grounds,Site Walls (Not Retaining Walls),963.2,963.2
45 ALLEN STREET,107,Grounds,Stairs / Ramps,266365,362844.75
45 ALLEN STREET,107,Heating,Common Spaces Radiator / Convector / Baseboard,,215037.25
45 ALLEN STREET,107,Heating,Decarbonization,2482413.34,2482413.34
45 ALLEN STREET,107,Heating,Heating System,,1180469.51
45 ALLEN STREET,107,Heating,Hot Water System,,3643794
45 ALLEN STREET,107,Interior Electrical/Lighting,Emergency and Exit Lighting and Panels,23986.48,23986.48
45 ALLEN STREET,107,Interior Electrical/Lighting,Emergency Generator Set,,171983.61
45 ALLEN STREET,107,Interior Electrical/Lighting,Interior Lighting Fixture,544733.04,544733.04
45 ALLEN STREET,107,Interior Electrical/Lighting,Telephone/Intercom,,74112.48
45 ALLEN STREET,107,Lead Based Paint,Lead Based Paint,797922.54,797922.54
45 ALLEN STREET,107,Plumbing,Building Drainage,,29376.48
45 ALLEN STREET,107,Plumbing,Underground Hydronic Piping,,223171
45 ALLEN STREET,107,Plumbing,Underground Natural Gas Piping,,55456.8
45 ALLEN STREET,107,Roofs,Building Roof/Parapets/Misc,1220706.08,1220706.08
45 ALLEN STREET,107,Safety And Security,Additional Security,1127372.4,1127372.4
45 ALLEN STREET,107,Safety And Security,Intrusion Alarm,,214646.58
45 ALLEN STREET,107,Waste Management,Waste Infrastructure,2032802.08,2032802.08
830 AMSTERDAM AVENUE,159,Apartments,Apartment 504 Access,400000,400000
830 AMSTERDAM AVENUE,159,Apartments,Apartment Bathroom,7951360.48,7951360.48
830 AMSTERDAM AVENUE,159,Apartments,Apartment Entrance Doors,1037653.08,1037653.08
830 AMSTERDAM AVENUE,159,Apartments,Apartment Kitchen,6097483.05,6097483.05
830 AMSTERDAM AVENUE,159,Apartments,Apartment Renovation,15956564.98,15963032
830 AMSTERDAM AVENUE,159,Building Exterior/Facade/Window,Brickwork,3503033.61,3503033.61
830 AMSTERDAM AVENUE,159,Building Exterior/Facade/Window,Building Windows,5013636.09,5013636.09
830 AMSTERDAM AVENUE,159,Building Exterior/Facade/Window,Entrances/Exits,100561.15,100561.15
830 AMSTERDAM AVENUE,159,Building Exterior/Facade/Window,Foundations,24827.5,24827.5
830 AMSTERDAM AVENUE,159,Common Areas/Lobbies,Building Common Area Finishes ,759584.65,759584.65
830 AMSTERDAM AVENUE,159,Common Areas/Lobbies,Building Common Areas - Bathroom,,284542.25
830 AMSTERDAM AVENUE,159,Common Areas/Lobbies,Interior Building Doors,494773.65,494773.65
830 AMSTERDAM AVENUE,159,Common Areas/Lobbies,Interior Building Stairs,,2819625.81
830 AMSTERDAM AVENUE,159,Common Areas/Lobbies,Non Residential Kitchen,844180.04,844180.04
830 AMSTERDAM AVENUE,159,Elevators,Elevators,40405.92,2967033.3
830 AMSTERDAM AVENUE,159,Fire Protection,Fire Alarm,,175669.98
830 AMSTERDAM AVENUE,159,Fire Protection,Standpipe System,38717.8,38717.8
830 AMSTERDAM AVENUE,159,Grounds,Building Exterior Walkways and Retaining Walls,27121.14,27121.14
830 AMSTERDAM AVENUE,159,Grounds,Lighting - Exterior Security,123274.62,123274.62
830 AMSTERDAM AVENUE,159,Grounds,Open Spaces,,608132.3
830 AMSTERDAM AVENUE,159,Grounds,Parking Lot,387021,387021
830 AMSTERDAM AVENUE,159,Grounds,Paving - Non-Vehicular Area,173096.5,173096.5
830 AMSTERDAM AVENUE,159,Grounds,Playgrounds,,98716.8
830 AMSTERDAM AVENUE,159,Grounds,Site Fences,336319,336319
830 AMSTERDAM AVENUE,159,Grounds,Site Lighting,45237.5,45237.5
830 AMSTERDAM AVENUE,159,Grounds,Stairs / Ramps,5863.2,76151
830 AMSTERDAM AVENUE,159,Heating,Building Steam Piping,,9987557.2
830 AMSTERDAM AVENUE,159,Heating,Common Spaces Radiator / Convector / Baseboard,,43007.45
830 AMSTERDAM AVENUE,159,Heating,Decarbonization,0,0
830 AMSTERDAM AVENUE,159,Heating,Heating System,,7129628.3
830 AMSTERDAM AVENUE,159,Interior Electrical/Lighting,Electrical System,38136.99,454820.54
830 AMSTERDAM AVENUE,159,Interior Electrical/Lighting,Emergency and Exit Lighting and Panels,22523.35,22523.35
830 AMSTERDAM AVENUE,159,Interior Electrical/Lighting,Interior Lighting Fixture,884906.57,884906.57
830 AMSTERDAM AVENUE,159,Interior Electrical/Lighting,Telephone/Intercom,,74112.48
830 AMSTERDAM AVENUE,159,Lead Based Paint,Lead Based Paint,1225749.18,1225749.18
830 AMSTERDAM AVENUE,159,Plumbing,Building Drainage,0,0
830 AMSTERDAM AVENUE,159,Plumbing,Building Sewage System,78733.84,78733.84
830 AMSTERDAM AVENUE,159,Plumbing,Domestic Hot Water System,167080.72,167080.72
830 AMSTERDAM AVENUE,159,Plumbing,Roof Tank,1002192.66,1165839.56
830 AMSTERDAM AVENUE,159,Plumbing,Underground Hydronic Piping,,89268.4
830 AMSTERDAM AVENUE,159,Plumbing,Underground Natural Gas Piping,,36971.2
830 AMSTERDAM AVENUE,159,Roofs,Building Roof/Parapets/Misc,1191182.75,1191182.75
830 AMSTERDAM AVENUE,159,Safety And Security,Additional Security,919837.8,919837.8
830 AMSTERDAM AVENUE,159,Waste Management,Garbage Chute,1737.36,1737.36
830 AMSTERDAM AVENUE,159,Waste Management,Waste Infrastructure,2032802.08,2032802.08
ADAMS,925,Apartments,Apartment 504 Access,2200000,2200000
ADAMS,925,Apartments,Apartment Bathroom,46090153.48,46090153.48
ADAMS,925,Apartments,Apartment Entrance Doors,6036661,6036661
ADAMS,925,Apartments,Apartment Kitchen,35396080.85,35396080.85
ADAMS,925,Apartments,Apartment Renovation,71261500.3,77273299.44
ADAMS,925,Building Exterior/Facade/Window,Brickwork,20177200.14,20577200.14
ADAMS,925,Building Exterior/Facade/Window,Building Windows,34749121.94,34749121.94
ADAMS,925,Building Exterior/Facade/Window,Entrances/Exits,724046.01,724046.01
ADAMS,925,Building Exterior/Facade/Window,Foundations,100228.8,100228.8
ADAMS,925,Common Areas/Lobbies,Building Common Area Finishes ,4205528.44,4205528.44
ADAMS,925,Common Areas/Lobbies,Building Common Areas - Bathroom,56908.45,1650345.05
ADAMS,925,Common Areas/Lobbies,Interior Building Doors,3804208.05,3804208.05
ADAMS,925,Common Areas/Lobbies,Interior Building Stairs,,16291171.33
ADAMS,925,Common Areas/Lobbies,Non Residential Kitchen,2110450.1,2110450.1
ADAMS,925,Elevators,Elevators,20486391.66,20486391.66
ADAMS,925,Fire Protection,Fire Alarm,,351339.96
ADAMS,925,Fire Protection,Standpipe System,183720.6,183720.6
ADAMS,925,Grounds,Building Exterior Walkways and Retaining Walls,356420.65,356420.65
ADAMS,925,Grounds,Lighting - Exterior Security,821830.8,821830.8
ADAMS,925,Grounds,Open Spaces,,7384741
ADAMS,925,Grounds,Parking Lot,696801.95,696801.95
ADAMS,925,Grounds,Playgrounds,265776,265776
ADAMS,925,Grounds,Site Fences,7080400,7080400
ADAMS,925,Grounds,Site Lighting,361900,361900
ADAMS,925,Grounds,Stairs / Ramps,267338.25,551684.35
ADAMS,925,Heating,Decarbonization,95822380.16,95822380.16
ADAMS,925,Interior Electrical/Lighting,Electrical System,,3574256.48
ADAMS,925,Interior Electrical/Lighting,Emergency and Exit Lighting and Panels,85896.81,85896.81
ADAMS,925,Interior Electrical/Lighting,Interior Lighting Fixture,3794163.57,3794163.57
ADAMS,925,Lead Based Paint,Lead Based Paint,7471631.7,7471631.7
ADAMS,925,Plumbing,Building Drainage,117505.92,117505.92
ADAMS,925,Plumbing,Roof Tank,2194906.11,2194906.11
ADAMS,925,Plumbing,Underground Hydronic Piping,3570736,3570736
ADAMS,925,Plumbing,Underground Natural Gas Piping,739424,739424
ADAMS,925,Roofs,Building Roof/Parapets/Misc,20746,20746
ADAMS,925,Safety And Security,Additional Security,4527041.4,4527041.4
ADAMS,925,Safety And Security,Intrusion Alarm,,536616.45
ADAMS,925,Ventilation/Air Conditioning,Air Conditioning,30538.67,66094.34
ADAMS,925,Ventilation/Air Conditioning,Building Ductwork,33034.68,33034.68
ADAMS,925,Waste Management,Garbage Chute,15440.76,15440.76
ADAMS,925,Waste Management,Waste Infrastructure,2793638.35,2793638.35
ALBANY,829,Apartments,Apartment 504 Access,2000000,2000000
ALBANY,829,Apartments,Apartment Bathroom,38323708.36,38323708.36
ALBANY,829,Apartments,Apartment Entrance Doors,4529127.28,5410153.48
ALBANY,829,Apartments,Apartment Kitchen,31791279.55,31791279.55
ALBANY,829,Apartments,Apartment Renovation,34627765.34,58173699.61
ALBANY,829,Building Exterior/Facade/Window,Brickwork,5024,2405024
ALBANY,829,Building Exterior/Facade/Window,Building Windows,38276132.27,38276132.27
ALBANY,829,Building Exterior/Facade/Window,Entrances/Exits,341780.02,448937.84
ALBANY,829,Building Exterior/Facade/Window,Foundations,126401.35,126401.35
ALBANY,829,Common Areas/Lobbies,Building Common Area Finishes ,4134659,5897101.24
ALBANY,829,Common Areas/Lobbies,Building Common Areas - Bathroom,1365802.8,1707253.5
ALBANY,829,Common Areas/Lobbies,Building Locker Room and Shower,17463.36,17463.36
ALBANY,829,Common Areas/Lobbies,Interior Building Doors,3121696.3,3590336
ALBANY,829,Common Areas/Lobbies,Interior Building Stairs,10526602.8,10651919.5
ALBANY,829,Common Areas/Lobbies,Non Residential Kitchen,,1688360.08
ALBANY,829,Elevators,Elevators,11706509.52,17559764.28
ALBANY,829,Fire Protection,Fire Alarm,171297.4,171297.4
ALBANY,829,Fire Protection,Standpipe System,5162.2,3081801.4
ALBANY,829,Grounds,Building Exterior Walkways and Retaining Walls,1130445.35,1130445.35
ALBANY,829,Grounds,Fixed Site Equipment,13072.62,13072.62
ALBANY,829,Grounds,Landscaping,5420,5420
ALBANY,829,Grounds,Lighting - Exterior Security,176349.98,182220.2
ALBANY,829,Grounds,Open Spaces,,3377732.87
ALBANY,829,Grounds,Parking Lot,504691,504691
ALBANY,829,Grounds,Paving - Non-Vehicular Area,41710,41710
ALBANY,829,Grounds,Playgrounds,,379680
ALBANY,829,Grounds,Site Fences,1770100,1770100
ALBANY,829,Grounds,Site Lighting,22365.93,22365.93
ALBANY,829,Grounds,Stairs / Ramps,493807.85,596044.65
ALBANY,829,Grounds,Storm Piping,,1503565.2
ALBANY,829,Heating,Building Steam Piping,17290651.68,17419506.08
ALBANY,829,Heating,Common Spaces Radiator / Convector / Baseboard,,946163.9
ALBANY,829,Heating,Decarbonization,19723296.02,19723296.02
ALBANY,829,Heating,Heating System,,13903215.28
ALBANY,829,Heating,Through Wall/Window Heat Pump,,9973.32
ALBANY,829,Heating,Underground Steam and Condensate Return Piping,49409300,49409300
ALBANY,829,Interior Electrical/Lighting,Electrical System,2113841.9,2113841.9
ALBANY,829,Interior Electrical/Lighting,Emergency and Exit Lighting and Panels,34255.99,105074.36
ALBANY,829,Interior Electrical/Lighting,Interior Lighting Fixture,2429278.78,2429278.78
ALBANY,829,Interior Electrical/Lighting,Telephone/Intercom,296449.92,296449.92
ALBANY,829,Interior Electrical/Lighting,Transformer,,159448.63
ALBANY,829,Lead Based Paint,Lead Based Paint,13151921.9,13151921.9
ALBANY,829,Plumbing,Building Drainage,30085.86,1564283.07
ALBANY,829,Plumbing,Building Sewage System,8813.7,8238310.2
ALBANY,829,Plumbing,Domestic Water System,,24589182.5
ALBANY,829,Plumbing,Gas Risers,,8215482.5
ALBANY,829,Plumbing,Non Residential Spaces Plumbing Fixtures,8065.06,8065.06
ALBANY,829,Plumbing,Roof Tank,974717.88,974717.88
ALBANY,829,Plumbing,Underground Natural Gas Piping,7394240,7394240
ALBANY,829,Roofs,Building Roof/Parapets/Misc,3962471.81,3962471.81
ALBANY,829,Safety And Security,Additional Security,3402373.8,3402373.8
ALBANY,829,Safety And Security,CCTV,290615.5,1693425.3
ALBANY,829,Ventilation/Air Conditioning,Air Conditioning,5306.05,5306.05
ALBANY,829,Ventilation/Air Conditioning,Exhaust Fan,3616.14,17637.36
ALBANY,829,Waste Management,Waste Infrastructure,3061219.1,3061219.1
ALBANY II,400,Apartments,Apartment 504 Access,1000000,1000000
ALBANY II,400,Apartments,Apartment Bathroom,18722680.2,18722680.2
ALBANY II,400,Apartments,Apartment Entrance Doors,2610448,2610448
ALBANY II,400,Apartments,Apartment Kitchen,15339580,15339580
ALBANY II,400,Apartments,Apartment Renovation,21558662.05,26364550.73
ALBANY II,400,Building Exterior/Facade/Window,Brickwork,1554,1201554
ALBANY II,400,Building Exterior/Facade/Window,Building Windows,18274355.05,18274355.05
ALBANY II,400,Building Exterior/Facade/Window,Entrances/Exits,156658.58,156658.58
ALBANY II,400,Building Exterior/Facade/Window,Foundations,171912,171912
ALBANY II,400,Common Areas/Lobbies,Building Common Area Finishes ,2137379.43,2541728.87
ALBANY II,400,Common Areas/Lobbies,Building Common Areas - Bathroom,,56908.45
ALBANY II,400,Common Areas/Lobbies,Interior Building Doors,746315.62,914392.87
ALBANY II,400,Common Areas/Lobbies,Interior Building Stairs,4198109.45,4198109.45
ALBANY II,400,Elevators,Elevators,5853254.76,8779882.14
ALBANY II,400,Fire Protection,Fire Sprinkler,,133464
ALBANY II,400,Fire Protection,Standpipe System,,1535760
ALBANY II,400,Grounds,Building Exterior Walkways and Retaining Walls,675713.7,675713.7
ALBANY II,400,Grounds,Lighting - Exterior Security,172998.6,172998.6
ALBANY II,400,Grounds,Open Spaces,,1590319.01
ALBANY II,400,Grounds,Parking Lot,1144710,1343875.25
ALBANY II,400,Grounds,Paving - Non-Vehicular Area,,62565
ALBANY II,400,Grounds,Site Fences,1260311.2,1260311.2
ALBANY II,400,Grounds,Site Lighting,325710,325710
ALBANY II,400,Grounds,Stairs / Ramps,74946.8,155575.3
ALBANY II,400,Grounds,Storm Piping,,1099830.1
ALBANY II,400,Heating,Building Steam Piping,6615420,6615420
ALBANY II,400,Heating,Common Spaces Radiator / Convector / Baseboard,,34405.96
ALBANY II,400,Heating,Decarbonization,9516668.77,9516668.77
ALBANY II,400,Heating,Through Wall/Window Heat Pump,,9973.32
ALBANY II,400,Heating,Underground Steam and Condensate Return Piping,5929116,5929116
ALBANY II,400,Interior Electrical/Lighting,Electrical System,2415608.49,2603470.1
ALBANY II,400,Interior Electrical/Lighting,Interior Lighting Fixture,971882.08,971882.08
ALBANY II,400,Interior Electrical/Lighting,Telephone/Intercom,148224.96,148224.96
ALBANY II,400,Interior Electrical/Lighting,Transformer,,159448.63
ALBANY II,400,Lead Based Paint,Lead Based Paint,3018569.7,3018569.7
ALBANY II,400,Plumbing,Building Drainage,5793.84,709684.56
ALBANY II,400,Plumbing,Building Sewage System,2937.9,4071864.9
ALBANY II,400,Plumbing,Domestic Water System,,12196860
ALBANY II,400,Plumbing,Gas Risers,,4614654
ALBANY II,400,Plumbing,Roof Tank,974717.88,974717.88
ALBANY II,400,Plumbing,Underground Natural Gas Piping,1016708,1016708
ALBANY II,400,Roofs,Building Roof/Parapets/Misc,2259025.02,4711007.42
ALBANY II,400,Safety And Security,Additional Security,1598772,1598772
ALBANY II,400,Safety And Security,CCTV,581231,3106288.64
ALBANY II,400,Ventilation/Air Conditioning,Air Conditioning,0,0
ALBANY II,400,Waste Management,Waste Infrastructure,2214256.64,2214256.64
AMSTERDAM,1084,Apartments,Apartment 504 Access,2600000,2600000
AMSTERDAM,1084,Apartments,Apartment Bathroom,49834689.52,49834689.52
AMSTERDAM,1084,Apartments,Apartment Entrance Doors,7074314.08,7074314.08
AMSTERDAM,1084,Apartments,Apartment Kitchen,41340168.1,41340168.1
AMSTERDAM,1084,Apartments,Apartment Renovation,92427446.27,104146798.3
AMSTERDAM,1084,Building Exterior/Facade/Window,Brickwork,32947288.18,32947288.18
AMSTERDAM,1084,Building Exterior/Facade/Window,Building Windows,50582831.45,50582831.45
AMSTERDAM,1084,Building Exterior/Facade/Window,Entrances/Exits,1506176.05,1506176.05
AMSTERDAM,1084,Building Exterior/Facade/Window,Foundations,264837.95,264837.95
AMSTERDAM,1084,Common Areas/Lobbies,Building Common Area Finishes ,3314634.3,3444798.6
AMSTERDAM,1084,Common Areas/Lobbies,Building Common Areas - Bathroom,1081260.55,1479619.7
AMSTERDAM,1084,Common Areas/Lobbies,Interior Building Doors,2689011.15,2696666.2
AMSTERDAM,1084,Common Areas/Lobbies,Interior Building Stairs,7217.55,17802189.3
AMSTERDAM,1084,Common Areas/Lobbies,Non Residential Kitchen,844180.04,1266270.06
AMSTERDAM,1084,Elevators,Elevators,43899410.7,43899410.7
AMSTERDAM,1084,Fire Protection,Standpipe System,,468406.8
AMSTERDAM,1084,Grounds,Building Exterior Walkways and Retaining Walls,83665.47,126737.07
AMSTERDAM,1084,Grounds,Fixed Site Equipment,1165.23,1165.23
AMSTERDAM,1084,Grounds,Landscaping,30677.21,30677.21
AMSTERDAM,1084,Grounds,Lighting - Exterior Security,1449944.34,1455814.56
AMSTERDAM,1084,Grounds,Open Spaces,,14115339.49
AMSTERDAM,1084,Grounds,Parking Lot,2307838.7,2307838.7
AMSTERDAM,1084,Grounds,Paving - Non-Vehicular Area,5472352,5472352
AMSTERDAM,1084,Grounds,Playgrounds,778344,778344
AMSTERDAM,1084,Grounds,Site Fences,7618510.4,7618510.4
AMSTERDAM,1084,Grounds,Site Lighting,425232.5,425232.5
AMSTERDAM,1084,Grounds,Site Walls (Not Retaining Walls),42209.3,42209.3
AMSTERDAM,1084,Grounds,Stairs / Ramps,325366.55,726326.5
AMSTERDAM,1084,Grounds,Storm Piping,,2171816.4
AMSTERDAM,1084,Heating,Building Steam Piping,329257.76,1166811.36
AMSTERDAM,1084,Heating,Common Spaces Radiator / Convector / Baseboard,86014.9,1109592.21
AMSTERDAM,1084,Heating,Decarbonization,0,0
AMSTERDAM,1084,Heating,Heating System,22566.88,14050283.43
AMSTERDAM,1084,Heating,Through Wall/Window Heat Pump,0,0
AMSTERDAM,1084,Interior Electrical/Lighting,Electrical System,5101923.92,18510670.9
AMSTERDAM,1084,Interior Electrical/Lighting,Emergency and Exit Lighting and Panels,36564.34,78470.78
AMSTERDAM,1084,Interior Electrical/Lighting,Interior Lighting Fixture,2620675.22,2620675.22
AMSTERDAM,1084,Lead Based Paint,Lead Based Paint,7104472.08,7104472.08
AMSTERDAM,1084,Plumbing,Building Drainage,176258.88,6461860.11
AMSTERDAM,1084,Plumbing,Building Sewage System,7331.4,6285575.79
AMSTERDAM,1084,Plumbing,Domestic Hot Water System,4347.77,162405.55
AMSTERDAM,1084,Plumbing,Domestic Water System,41613.55,40307480.4
AMSTERDAM,1084,Plumbing,Gas Risers,0,11793237.73
AMSTERDAM,1084,Plumbing,Roof Tank,1138364.78,1138364.78
AMSTERDAM,1084,Plumbing,Underground Hydronic Piping,2231710,2231710
AMSTERDAM,1084,Plumbing,Underground Natural Gas Piping,1940988,1940988
AMSTERDAM,1084,Roofs,Building Roof/Parapets/Misc,13830342.46,13830342.46
AMSTERDAM,1084,Safety And Security,Additional Security,8572599,8572599
AMSTERDAM,1084,Safety And Security,CCTV,,1402809.8
AMSTERDAM,1084,Ventilation/Air Conditioning,Air Conditioning,34976.69,34976.69
AMSTERDAM,1084,Waste Management,Garbage Chute,77694.84,77694.84
AMSTERDAM,1084,Waste Management,Waste Infrastructure,4312394.99,4312394.99
AMSTERDAM ADDITION,175,Apartments,Apartment 504 Access,400000,400000
AMSTERDAM ADDITION,175,Apartments,Apartment Bathroom,8090047,8090047
AMSTERDAM ADDITION,175,Apartments,Apartment Entrance Doors,1142071,1142071
AMSTERDAM ADDITION,175,Apartments,Apartment Kitchen,6711066.25,6711066.25
AMSTERDAM ADDITION,175,Apartments,Apartment Renovation,16809025.59,17712560.67
AMSTERDAM ADDITION,175,Building Exterior/Facade/Window,Brickwork,,400000
AMSTERDAM ADDITION,175,Building Exterior/Facade/Window,Building Windows,6028714.2,6028714.2
AMSTERDAM ADDITION,175,Building Exterior/Facade/Window,Entrances/Exits,172636.11,172636.11
AMSTERDAM ADDITION,175,Common Areas/Lobbies,Building Common Area Finishes ,2190407.72,2190407.72
AMSTERDAM ADDITION,175,Common Areas/Lobbies,Building Common Areas - Bathroom,,1138169
AMSTERDAM ADDITION,175,Common Areas/Lobbies,Interior Building Doors,1215696.15,1215696.15
AMSTERDAM ADDITION,175,Common Areas/Lobbies,Interior Building Stairs,,3822159.43
AMSTERDAM ADDITION,175,Common Areas/Lobbies,Non Residential Kitchen,,844180.04
AMSTERDAM ADDITION,175,Elevators,Elevators,5354467.88,5354467.88
AMSTERDAM ADDITION,175,Fire Protection,Fire Sprinkler,4448.8,4448.8
AMSTERDAM ADDITION,175,Grounds,Landscaping,1626,1626
AMSTERDAM ADDITION,175,Grounds,Lighting - Exterior Security,93923.52,93923.52
AMSTERDAM ADDITION,175,Grounds,Open Spaces,,1018593.2
AMSTERDAM ADDITION,175,Grounds,Paving - Non-Vehicular Area,624398.7,624398.7
AMSTERDAM ADDITION,175,Grounds,Playgrounds,218316,218316
AMSTERDAM ADDITION,175,Grounds,Site Fences,130987.4,130987.4
AMSTERDAM ADDITION,175,Grounds,Site Lighting,144760,144760
AMSTERDAM ADDITION,175,Grounds,Site Walls (Not Retaining Walls),2648.8,2648.8
AMSTERDAM ADDITION,175,Grounds,Stairs / Ramps,6773.55,52333.75
AMSTERDAM ADDITION,175,Heating,Common Spaces Radiator / Convector / Baseboard,,670916.22
AMSTERDAM ADDITION,175,Heating,Decarbonization,12316825.84,12316825.84
AMSTERDAM ADDITION,175,Interior Electrical/Lighting,Electrical System,76273.98,1508539.56
AMSTERDAM ADDITION,175,Interior Electrical/Lighting,Emergency and Exit Lighting and Panels,74019.02,77892.23
AMSTERDAM ADDITION,175,Interior Electrical/Lighting,Interior Lighting Fixture,1486577.43,1486577.43
AMSTERDAM ADDITION,175,Interior Electrical/Lighting,Telephone/Intercom,,74112.48
AMSTERDAM ADDITION,175,Lead Based Paint,Lead Based Paint,1897347.9,1897347.9
AMSTERDAM ADDITION,175,Plumbing,Building Drainage,14688.24,14688.24
AMSTERDAM ADDITION,175,Plumbing,Domestic Water System,18596.58,18596.58
AMSTERDAM ADDITION,175,Plumbing,Non Residential Spaces Plumbing Fixtures,3401.06,3401.06
AMSTERDAM ADDITION,175,Plumbing,Roof Tank,1138364.78,1138364.78
AMSTERDAM ADDITION,175,Plumbing,Underground Hydronic Piping,,111585.5
AMSTERDAM ADDITION,175,Plumbing,Underground Natural Gas Piping,,147884.8
AMSTERDAM ADDITION,175,Roofs,Building Roof/Parapets/Misc,2478607.14,2478607.14
AMSTERDAM ADDITION,175,Safety And Security,Additional Security,1139014.8,1139014.8
AMSTERDAM ADDITION,175,Safety And Security,CCTV,,280561.96
AMSTERDAM ADDITION,175,Safety And Security,Intrusion Alarm,,107323.29
AMSTERDAM ADDITION,175,Ventilation/Air Conditioning,Air Conditioning,36519.69,36519.69
AMSTERDAM ADDITION,175,Waste Management,Garbage Chute,6949.44,6949.44
AMSTERDAM ADDITION,175,Waste Management,Waste Infrastructure,96513.88,96513.88
ASTORIA,1104,Apartments,Apartment 504 Access,2600000,2600000
ASTORIA,1104,Apartments,Apartment Bathroom,51036639.36,51036639.36
ASTORIA,1104,Apartments,Apartment Entrance Doors,7204836.48,7204836.48
ASTORIA,1104,Apartments,Apartment Kitchen,42337240.8,42337240.8
ASTORIA,1104,Apartments,Apartment Renovation,118040555.8,124238506.9
ASTORIA,1104,Building Exterior/Facade/Window,Brickwork,1884,8801884
ASTORIA,1104,Building Exterior/Facade/Window,Building Loading Dock,489.45,489.45
ASTORIA,1104,Building Exterior/Facade/Window,Building Windows,11142173.75,57490249.67
ASTORIA,1104,Building Exterior/Facade/Window,Entrances/Exits,481657.42,711830.26
ASTORIA,1104,Building Exterior/Facade/Window,Foundations,709682.85,709682.85
ASTORIA,1104,Common Areas/Lobbies,Building Common Area Finishes ,5426655.79,5426655.79
ASTORIA,1104,Common Areas/Lobbies,Interior Building Doors,4354539.8,4354539.8
ASTORIA,1104,Common Areas/Lobbies,Interior Building Stairs,,20050672.4
ASTORIA,1104,Common Areas/Lobbies,Non Residential Kitchen,4155.44,2114605.54
ASTORIA,1104,Elevators,Elevators,,32192901.18
ASTORIA,1104,Fire Protection,Fire Alarm,175669.98,175669.98
ASTORIA,1104,Grounds,Building Exterior Walkways and Retaining Walls,133826.25,133826.25
ASTORIA,1104,Grounds,Fixed Site Equipment,16097.45,16097.45
ASTORIA,1104,Grounds,Landscaping,1761.5,1761.5
ASTORIA,1104,Grounds,Open Spaces,,0
ASTORIA,1104,Grounds,Parking Lot,2706065.4,2706065.4
ASTORIA,1104,Grounds,Site Fences,10070098.9,10070098.9
ASTORIA,1104,Grounds,Site Walls (Not Retaining Walls),5737.05,5737.05
ASTORIA,1104,Grounds,Stairs / Ramps,172241.5,388189.8
ASTORIA,1104,Grounds,Storm Piping,,6404074
ASTORIA,1104,Heating,Common Spaces Radiator / Convector / Baseboard,249443.21,696720.69
ASTORIA,1104,Heating,Decarbonization,81079904.96,81079904.96
ASTORIA,1104,Heating,Heating System,3044.22,3044.22
ASTORIA,1104,Interior Electrical/Lighting,Electrical System,413860.21,22822950.86
ASTORIA,1104,Interior Electrical/Lighting,Emergency and Exit Lighting and Panels,104329.39,104329.39
ASTORIA,1104,Interior Electrical/Lighting,Emergency Generator Set,274402.56,274402.56
ASTORIA,1104,Interior Electrical/Lighting,Interior Lighting Fixture,2523916.12,2621625.36
ASTORIA,1104,Interior Electrical/Lighting,Telephone/Intercom,296449.92,296449.92
ASTORIA,1104,Lead Based Paint,Lead Based Paint,9799673.28,9799673.28
ASTORIA,1104,Plumbing,Building Drainage,323141.28,2583045.33
ASTORIA,1104,Plumbing,Building Sewage System,25659.9,7511752.44
ASTORIA,1104,Plumbing,Domestic Water System,2746.2,43989627.2
ASTORIA,1104,Plumbing,Non Residential Spaces Plumbing Fixtures,14235.71,14235.71
ASTORIA,1104,Plumbing,Underground Hydronic Piping,44634200,44634200
ASTORIA,1104,Plumbing,Underground Natural Gas Piping,6174190.4,6174190.4
ASTORIA,1104,Roofs,Building Roof/Parapets/Misc,33005,33005
ASTORIA,1104,Safety And Security,Additional Security,11308592.4,11308592.4
ASTORIA,1104,Safety And Security,Intrusion Alarm,536616.45,536616.45
ASTORIA,1104,Ventilation/Air Conditioning,Air Conditioning,61077.34,61077.34
ASTORIA,1104,Ventilation/Air Conditioning,Building Ductwork,2219.54,2219.54
ASTORIA,1104,Ventilation/Air Conditioning,Exhaust Fan,22171.61,22171.61
ASTORIA,1104,Waste Management,Garbage Chute,852,852
ASTORIA,1104,Waste Management,Waste Infrastructure,4240885.71,4240885.71
ATLANTIC TERMINAL SITE 4B,300,Apartments,Apartment 504 Access,600000,600000
ATLANTIC TERMINAL SITE 4B,300,Apartments,Apartment Bathroom,14469626.92,14469626.92
ATLANTIC TERMINAL SITE 4B,300,Apartments,Apartment Entrance Doors,1957836,1957836
ATLANTIC TERMINAL SITE 4B,300,Apartments,Apartment Kitchen,11504685,11504685
ATLANTIC TERMINAL SITE 4B,300,Apartments,Apartment Renovation,26527329.63,26666463.69
ATLANTIC TERMINAL SITE 4B,300,Building Exterior/Facade/Window,Brickwork,,400000
ATLANTIC TERMINAL SITE 4B,300,Building Exterior/Facade/Window,Building Windows,42580.38,42580.38
ATLANTIC TERMINAL SITE 4B,300,Building Exterior/Facade/Window,Entrances/Exits,130231.53,130231.53
ATLANTIC TERMINAL SITE 4B,300,Building Exterior/Facade/Window,Foundations,7638.6,7638.6
ATLANTIC TERMINAL SITE 4B,300,Common Areas/Lobbies,Building Common Area Finishes ,2424287.66,2428748.3
ATLANTIC TERMINAL SITE 4B,300,Common Areas/Lobbies,Building Common Areas - Bathroom,625992.95,625992.95
ATLANTIC TERMINAL SITE 4B,300,Common Areas/Lobbies,Interior Building Doors,1075889.75,1075889.75
ATLANTIC TERMINAL SITE 4B,300,Common Areas/Lobbies,Interior Building Stairs,,3947476.13
ATLANTIC TERMINAL SITE 4B,300,Common Areas/Lobbies,Non Residential Kitchen,1270425.5,1270425.5
ATLANTIC TERMINAL SITE 4B,300,Elevators,Elevators,4389941.07,4389941.07
ATLANTIC TERMINAL SITE 4B,300,Fire Protection,Fire Alarm,1673.5,180727.81
ATLANTIC TERMINAL SITE 4B,300,Grounds,Building Exterior Walkways and Retaining Walls,20506,20506
ATLANTIC TERMINAL SITE 4B,300,Grounds,Open Spaces,,1019961
ATLANTIC TERMINAL SITE 4B,300,Grounds,Parking Lot,381570,381570
ATLANTIC TERMINAL SITE 4B,300,Grounds,Paving - Non-Vehicular Area,375390,375390
ATLANTIC TERMINAL SITE 4B,300,Grounds,Site Fences,531030,531030
ATLANTIC TERMINAL SITE 4B,300,Grounds,Site Lighting,289520,289520
ATLANTIC TERMINAL SITE 4B,300,Grounds,Stairs / Ramps,5118.6,173521.4
ATLANTIC TERMINAL SITE 4B,300,Heating,Common Spaces Radiator / Convector / Baseboard,645111.75,1006374.33
ATLANTIC TERMINAL SITE 4B,300,Heating,Decarbonization,21044176.72,21044176.72
ATLANTIC TERMINAL SITE 4B,300,Heating,Through Wall/Window Heat Pump,4986.66,4986.66
ATLANTIC TERMINAL SITE 4B,300,Interior Electrical/Lighting,Electrical System,419506.89,4095150.41
ATLANTIC TERMINAL SITE 4B,300,Interior Electrical/Lighting,Emergency and Exit Lighting and Panels,42466.85,56697.25
ATLANTIC TERMINAL SITE 4B,300,Interior Electrical/Lighting,Telephone/Intercom,148224.96,296449.92
ATLANTIC TERMINAL SITE 4B,300,Lead Based Paint,Lead Based Paint,2642734.8,2642734.8
ATLANTIC TERMINAL SITE 4B,300,Plumbing,Building Drainage,2622.53,2622.53
ATLANTIC TERMINAL SITE 4B,300,Plumbing,Building Sewage System,78733.84,78733.84
ATLANTIC TERMINAL SITE 4B,300,Plumbing,Domestic Water System,,109364
ATLANTIC TERMINAL SITE 4B,300,Plumbing,Non Residential Spaces Plumbing Fixtures,3401.06,3401.06
ATLANTIC TERMINAL SITE 4B,300,Plumbing,Underground Hydronic Piping,,256646.65
ATLANTIC TERMINAL SITE 4B,300,Plumbing,Underground Natural Gas Piping,,92428
ATLANTIC TERMINAL SITE 4B,300,Roofs,Building Roof/Parapets/Misc,2239998.17,2239998.17
ATLANTIC TERMINAL SITE 4B,300,Safety And Security,Additional Security,1465648.8,1465648.8
ATLANTIC TERMINAL SITE 4B,300,Safety And Security,CCTV,,280561.96
ATLANTIC TERMINAL SITE 4B,300,Safety And Security,Intrusion Alarm,107323.29,107323.29
ATLANTIC TERMINAL SITE 4B,300,Ventilation/Air Conditioning,Air Conditioning,,57327.67
ATLANTIC TERMINAL SITE 4B,300,Ventilation/Air Conditioning,Exhaust Fan,7232.31,7232.31
ATLANTIC TERMINAL SITE 4B,300,Waste Management,Garbage Chute,10424.16,10424.16
ATLANTIC TERMINAL SITE 4B,300,Waste Management,Waste Infrastructure,2044375.26,2044375.26
BAILEY AVENUE-WEST 193RD STREET,233,Apartments,Apartment 504 Access,600000,600000
BAILEY AVENUE-WEST 193RD STREET,233,Apartments,Apartment Bathroom,11326065.8,11326065.8
BAILEY AVENUE-WEST 193RD STREET,233,Apartments,Apartment Entrance Doors,1520585.96,1520585.96
BAILEY AVENUE-WEST 193RD STREET,233,Apartments,Apartment Kitchen,8935305.35,8935305.35
BAILEY AVENUE-WEST 193RD STREET,233,Apartments,Apartment Renovation,17888371.13,19098627.73
BAILEY AVENUE-WEST 193RD STREET,233,Building Exterior/Facade/Window,Brickwork,3503033.61,3503033.61
BAILEY AVENUE-WEST 193RD STREET,233,Building Exterior/Facade/Window,Building Windows,6682058.62,6682058.62
BAILEY AVENUE-WEST 193RD STREET,233,Building Exterior/Facade/Window,Entrances/Exits,169129.62,169129.62
BAILEY AVENUE-WEST 193RD STREET,233,Building Exterior/Facade/Window,Foundations,3338.4,3338.4
BAILEY AVENUE-WEST 193RD STREET,233,Common Areas/Lobbies,Building Common Area Finishes ,1712463.74,1716924.38
BAILEY AVENUE-WEST 193RD STREET,233,Common Areas/Lobbies,Building Common Areas - Bathroom,284542.25,455267.6
BAILEY AVENUE-WEST 193RD STREET,233,Common Areas/Lobbies,Interior Building Doors,757364.35,757364.35
BAILEY AVENUE-WEST 193RD STREET,233,Common Areas/Lobbies,Interior Building Stairs,2114.42,2821740.23
BAILEY AVENUE-WEST 193RD STREET,233,Common Areas/Lobbies,Non Residential Kitchen,422090.02,422090.02
BAILEY AVENUE-WEST 193RD STREET,233,Elevators,Elevators,,2926627.38
BAILEY AVENUE-WEST 193RD STREET,233,Fire Protection,Standpipe System,36781.91,36781.91
BAILEY AVENUE-WEST 193RD STREET,233,Grounds,Building Exterior Walkways and Retaining Walls,23139,23139
BAILEY AVENUE-WEST 193RD STREET,233,Grounds,Lighting - Exterior Security,129144.84,129144.84
BAILEY AVENUE-WEST 193RD STREET,233,Grounds,Open Spaces,,8202785
BAILEY AVENUE-WEST 193RD STREET,233,Grounds,Parking Lot,411429,411429
BAILEY AVENUE-WEST 193RD STREET,233,Grounds,Paving - Non-Vehicular Area,917620,917620
BAILEY AVENUE-WEST 193RD STREET,233,Grounds,Playgrounds,142380,142380
BAILEY AVENUE-WEST 193RD STREET,233,Grounds,Site Fences,7080400,7080400
BAILEY AVENUE-WEST 193RD STREET,233,Grounds,Site Lighting,271425,271425
BAILEY AVENUE-WEST 193RD STREET,233,Grounds,Stairs / Ramps,,77584.8
BAILEY AVENUE-WEST 193RD STREET,233,Heating,Decarbonization,24136880.63,24136880.63
BAILEY AVENUE-WEST 193RD STREET,233,Interior Electrical/Lighting,Electrical System,563584.83,1897831.29
BAILEY AVENUE-WEST 193RD STREET,233,Interior Electrical/Lighting,Emergency and Exit Lighting and Panels,47875.84,47875.84
BAILEY AVENUE-WEST 193RD STREET,233,Interior Electrical/Lighting,Interior Lighting Fixture,850561.05,850561.05
BAILEY AVENUE-WEST 193RD STREET,233,Interior Electrical/Lighting,Transformer,318897.26,318897.26
BAILEY AVENUE-WEST 193RD STREET,233,Lead Based Paint,Lead Based Paint,1866606.66,1866606.66
BAILEY AVENUE-WEST 193RD STREET,233,Plumbing,Building Drainage,29376.48,29376.48
BAILEY AVENUE-WEST 193RD STREET,233,Plumbing,Roof Tank,1138364.78,1138364.78
BAILEY AVENUE-WEST 193RD STREET,233,Plumbing,Underground Hydronic Piping,,223171
BAILEY AVENUE-WEST 193RD STREET,233,Plumbing,Underground Natural Gas Piping,,92428
BAILEY AVENUE-WEST 193RD STREET,233,Roofs,Building Roof/Parapets/Misc,1937735.75,1937735.75
BAILEY AVENUE-WEST 193RD STREET,233,Safety And Security,Additional Security,1443304.8,1443304.8
BAILEY AVENUE-WEST 193RD STREET,233,Safety And Security,Intrusion Alarm,,107323.29
BAILEY AVENUE-WEST 193RD STREET,233,Ventilation/Air Conditioning,Air Conditioning,,57327.67
BAILEY AVENUE-WEST 193RD STREET,233,Waste Management,Garbage Chute,1704,1704
BAILEY AVENUE-WEST 193RD STREET,233,Waste Management,Waste Infrastructure,2032802.08,2032802.08
BAISLEY PARK,386,Apartments,Apartment 504 Access,800000,800000
BAISLEY PARK,386,Apartments,Apartment Bathroom,17844332.24,17844332.24
BAISLEY PARK,386,Apartments,Apartment Entrance Doors,2519082.32,2519082.32
BAISLEY PARK,386,Apartments,Apartment Kitchen,14802694.7,14802694.7
BAISLEY PARK,386,Apartments,Apartment Renovation,31989827.42,33692501.4
BAISLEY PARK,386,Building Exterior/Facade/Window,Brickwork,14131855.46,14131855.46
BAISLEY PARK,386,Building Exterior/Facade/Window,Building Windows,15460442.54,15703177.38
BAISLEY PARK,386,Building Exterior/Facade/Window,Entrances/Exits,563522.87,563522.87
BAISLEY PARK,386,Building Exterior/Facade/Window,Foundations,44583.35,44583.35
BAISLEY PARK,386,Common Areas/Lobbies,Building Common Area Finishes ,3108877.92,3108877.92
BAISLEY PARK,386,Common Areas/Lobbies,Building Common Areas - Bathroom,56908.45,569084.5
BAISLEY PARK,386,Common Areas/Lobbies,Interior Building Doors,1759356.45,1759356.45
BAISLEY PARK,386,Common Areas/Lobbies,Interior Building Stairs,811.28,5076137.73
BAISLEY PARK,386,Common Areas/Lobbies,Non Residential Kitchen,1688360.08,1688360.08
BAISLEY PARK,386,Elevators,Elevators,,7431390.36
BAISLEY PARK,386,Fire Protection,Fire Alarm,,169218.48
BAISLEY PARK,386,Grounds,Building Exterior Walkways and Retaining Walls,329047.45,377339.85
BAISLEY PARK,386,Grounds,Fixed Site Equipment,1357.75,1357.75
BAISLEY PARK,386,Grounds,Landscaping,3252,3252
BAISLEY PARK,386,Grounds,Lighting - Exterior Security,540060.24,540060.24
BAISLEY PARK,386,Grounds,Open Spaces,,6149559.75
BAISLEY PARK,386,Grounds,Parking Lot,2200968,2200968
BAISLEY PARK,386,Grounds,Paving - Non-Vehicular Area,500520,500520
BAISLEY PARK,386,Grounds,Playgrounds,759360,759360
BAISLEY PARK,386,Grounds,Site Fences,4602260,4602260
BAISLEY PARK,386,Grounds,Site Lighting,370947.5,370947.5
BAISLEY PARK,386,Grounds,Stairs / Ramps,104671.75,481669.95
BAISLEY PARK,386,Heating,Decarbonization,39468461.45,39468461.45
BAISLEY PARK,386,Interior Electrical/Lighting,Electrical System,2369.32,7743631.7
BAISLEY PARK,386,Interior Electrical/Lighting,Emergency and Exit Lighting and Panels,17698.53,28802.89
BAISLEY PARK,386,Interior Electrical/Lighting,Interior Lighting Fixture,1413887.77,1550476.69
BAISLEY PARK,386,Lead Based Paint,Lead Based Paint,2555501.47,2555501.47
BAISLEY PARK,386,Plumbing,Building Drainage,103527.06,103527.06
BAISLEY PARK,386,Plumbing,Building Sewage System,157467.68,157467.68
BAISLEY PARK,386,Plumbing,Domestic Water System,,546820
BAISLEY PARK,386,Plumbing,Underground Hydronic Piping,1450611.5,1450611.5
BAISLEY PARK,386,Plumbing,Underground Natural Gas Piping,369712,369712
BAISLEY PARK,386,Roofs,Building Roof/Parapets/Misc,7978131.62,7978131.62
BAISLEY PARK,386,Safety And Security,Additional Security,3268309.8,3268309.8
BAISLEY PARK,386,Ventilation/Air Conditioning,Building Ductwork,0,0
BAISLEY PARK,386,Waste Management,Garbage Chute,38221.92,38221.92
BAISLEY PARK,386,Waste Management,Waste Infrastructure,2589037.41,2589037.41
BARUCH,2194,Apartments,Apartment 504 Access,5200000,5200000
BARUCH,2194,Apartments,Apartment Bathroom,95285516.58,101480181.1
BARUCH,2194,Apartments,Apartment Entrance Doors,14318307.28,14318307.28
BARUCH,2194,Apartments,Apartment Kitchen,78998837,84137596.3
BARUCH,2194,Apartments,Apartment Renovation,115666166.9,158710208.2
BARUCH,2194,Building Exterior/Facade/Window,Brickwork,14877804.57,49537759
BARUCH,2194,Building Exterior/Facade/Window,Building Loading Dock,2895.1,2895.1
BARUCH,2194,Building Exterior/Facade/Window,Building Windows,88308355.2,88308355.2
BARUCH,2194,Building Exterior/Facade/Window,Entrances/Exits,1992973.89,1992973.89
BARUCH,2194,Building Exterior/Facade/Window,Foundations,210855.6,210855.6
BARUCH,2194,Common Areas/Lobbies,Building Common Area Finishes ,7138458.81,9299644.18
BARUCH,2194,Common Areas/Lobbies,Building Common Areas - Bathroom,1877978.85,2276338
BARUCH,2194,Common Areas/Lobbies,Building Locker Room and Shower,679.36,11169.36
BARUCH,2194,Common Areas/Lobbies,Interior Building Doors,3947151.17,5971781.52
BARUCH,2194,Common Areas/Lobbies,Interior Building Stairs,36843109.8,40477294.1
BARUCH,2194,Common Areas/Lobbies,Non Residential Kitchen,422090.02,3810679.45
BARUCH,2194,Elevators,Elevators,49758437.73,49758437.73
BARUCH,2194,Fire Protection,Fire Alarm,175669.98,527009.94
BARUCH,2194,Fire Protection,Fire Sprinkler,13504.7,35748.7
BARUCH,2194,Fire Protection,Standpipe System,2262815.4,2262815.4
BARUCH,2194,Grounds,Building Exterior Walkways and Retaining Walls,5802631.25,5802631.25
BARUCH,2194,Grounds,Lighting - Exterior Security,254311.91,254311.91
BARUCH,2194,Grounds,Open Spaces,,0
BARUCH,2194,Grounds,Parking Lot,5232960,5232960
BARUCH,2194,Grounds,Playgrounds,806820,806820
BARUCH,2194,Grounds,Site Lighting,117617.5,117617.5
BARUCH,2194,Grounds,Stairs / Ramps,108826.65,115216.45
BARUCH,2194,Grounds,Storm Piping,,1113752
BARUCH,2194,Heating,Building Steam Piping,22918826.95,23071772.99
BARUCH,2194,Heating,Common Spaces Radiator / Convector / Baseboard,270378.83,1853052.99
BARUCH,2194,Heating,Decarbonization,0,0
BARUCH,2194,Heating,Heating System,24836524.32,24906153.46
BARUCH,2194,Heating,Through Wall/Window Heat Pump,,64826.58
BARUCH,2194,Heating,Underground Steam and Condensate Return Piping,17293255,17293255
BARUCH,2194,Interior Electrical/Lighting,Electrical System,10908934.01,13834652.67
BARUCH,2194,Interior Electrical/Lighting,Emergency and Exit Lighting and Panels,58609.82,113187.32
BARUCH,2194,Interior Electrical/Lighting,Interior Lighting Fixture,2811292.62,2811292.62
BARUCH,2194,Interior Electrical/Lighting,Public Address System,,21667.7
BARUCH,2194,Interior Electrical/Lighting,Telephone/Intercom,815237.28,1111687.2
BARUCH,2194,Lead Based Paint,Lead Based Paint,15850655.88,15850655.88
BARUCH,2194,Plumbing,Building Drainage,43920.48,3614515.8
BARUCH,2194,Plumbing,Building Sewage System,174244.8,12644956.2
BARUCH,2194,Plumbing,Domestic Hot Water System,38524.99,157597.95
BARUCH,2194,Plumbing,Domestic Water System,339572.32,448936.32
BARUCH,2194,Plumbing,Gas Risers,6473.06,6473.06
BARUCH,2194,Plumbing,Roof Tank,,163646.9
BARUCH,2194,Plumbing,Underground Natural Gas Piping,,2218272
BARUCH,2194,Roofs,Building Roof/Parapets/Misc,7437919.1,7437919.1
BARUCH,2194,Safety And Security,Additional Security,12142494,12142494
BARUCH,2194,Safety And Security,CCTV,,25250576.4
BARUCH,2194,Safety And Security,Intrusion Alarm,,107323.29
BARUCH,2194,Ventilation/Air Conditioning,Air Conditioning,2779.96,2779.96
BARUCH,2194,Ventilation/Air Conditioning,Building Ductwork,15245.64,15245.64
BARUCH,2194,Ventilation/Air Conditioning,Exhaust Fan,11758.24,11758.24
BARUCH,2194,Waste Management,Garbage Chute,25225.92,25225.92
BARUCH,2194,Waste Management,Waste Infrastructure,4365447.89,4365447.89
BARUCH HOUSES ADDITION,197,Apartments,Apartment 504 Access,400000,400000
BARUCH HOUSES ADDITION,197,Apartments,Apartment Bathroom,9107081.48,9107081.48
BARUCH HOUSES ADDITION,197,Apartments,Apartment Entrance Doors,1285645.64,1285645.64
BARUCH HOUSES ADDITION,197,Apartments,Apartment Kitchen,7554743.15,7554743.15
BARUCH HOUSES ADDITION,197,Apartments,Apartment Renovation,8430574.24,9953412.48
BARUCH HOUSES ADDITION,197,Building Exterior/Facade/Window,Brickwork,3503033.61,3503033.61
BARUCH HOUSES ADDITION,197,Building Exterior/Facade/Window,Building Windows,3424171.9,3424171.9
BARUCH HOUSES ADDITION,197,Building Exterior/Facade/Window,Entrances/Exits,106893.94,106893.94
BARUCH HOUSES ADDITION,197,Building Exterior/Facade/Window,Foundations,17561.4,17561.4
BARUCH HOUSES ADDITION,197,Common Areas/Lobbies,Building Common Area Finishes ,592565.7,757848.41
BARUCH HOUSES ADDITION,197,Common Areas/Lobbies,Building Common Areas - Bathroom,,113816.9
BARUCH HOUSES ADDITION,197,Common Areas/Lobbies,Interior Building Doors,,711585.8
BARUCH HOUSES ADDITION,197,Common Areas/Lobbies,Interior Building Stairs,,2882284.1
BARUCH HOUSES ADDITION,197,Common Areas/Lobbies,Non Residential Kitchen,0,476705.83
BARUCH HOUSES ADDITION,197,Elevators,Elevators,,2926627.38
BARUCH HOUSES ADDITION,197,Fire Protection,Fire Alarm,0,351339.96
BARUCH HOUSES ADDITION,197,Grounds,Building Exterior Walkways and Retaining Walls,,64275
BARUCH HOUSES ADDITION,197,Grounds,Landscaping,542,542
BARUCH HOUSES ADDITION,197,Grounds,Lighting - Exterior Security,29351.1,29351.1
BARUCH HOUSES ADDITION,197,Grounds,Open Spaces,,0
BARUCH HOUSES ADDITION,197,Grounds,Paving - Non-Vehicular Area,,287799
BARUCH HOUSES ADDITION,197,Grounds,Site Fences,,531030
BARUCH HOUSES ADDITION,197,Grounds,Site Lighting,117617.5,117617.5
BARUCH HOUSES ADDITION,197,Heating,Common Spaces Radiator / Convector / Baseboard,,120420.86
BARUCH HOUSES ADDITION,197,Heating,Decarbonization,13865226.8,13865226.8
BARUCH HOUSES ADDITION,197,Interior Electrical/Lighting,Electrical System,1202431.66,1202431.66
BARUCH HOUSES ADDITION,197,Interior Electrical/Lighting,Emergency and Exit Lighting and Panels,10684.2,20638.1
BARUCH HOUSES ADDITION,197,Interior Electrical/Lighting,Emergency Generator Set,185013.75,185013.75
BARUCH HOUSES ADDITION,197,Interior Electrical/Lighting,Interior Lighting Fixture,382187.86,382187.86
BARUCH HOUSES ADDITION,197,Lead Based Paint,Lead Based Paint,1402930.74,1402930.74
BARUCH HOUSES ADDITION,197,Plumbing,Building Drainage,17310.77,17310.77
BARUCH HOUSES ADDITION,197,Plumbing,Domestic Water System,16974.28,16974.28
BARUCH HOUSES ADDITION,197,Plumbing,Roof Tank,1138364.78,1138364.78
BARUCH HOUSES ADDITION,197,Plumbing,Underground Natural Gas Piping,,138642
BARUCH HOUSES ADDITION,197,Roofs,Building Roof/Parapets/Misc,975439.18,975439.18
BARUCH HOUSES ADDITION,197,Safety And Security,Additional Security,745348.8,745348.8
BARUCH HOUSES ADDITION,197,Safety And Security,CCTV,145307.75,1828679.51
BARUCH HOUSES ADDITION,197,Ventilation/Air Conditioning,Air Conditioning,1102.44,3541.73
BARUCH HOUSES ADDITION,197,Waste Management,Waste Infrastructure,96513.88,96513.88
BAY VIEW,1610,Apartments,Apartment 504 Access,3800000,3800000
BAY VIEW,1610,Apartments,Apartment Bathroom,74428432.4,74428432.4
BAY VIEW,1610,Apartments,Apartment Entrance Doors,10507053.2,10507053.2
BAY VIEW,1610,Apartments,Apartment Kitchen,61741809.5,61741809.5
BAY VIEW,1610,Apartments,Apartment Renovation,150783594.6,163596921.5
BAY VIEW,1610,Building Exterior/Facade/Window,Brickwork,133379.29,8933379.29
BAY VIEW,1610,Building Exterior/Facade/Window,Building Loading Dock,1360.7,1360.7
BAY VIEW,1610,Building Exterior/Facade/Window,Entrances/Exits,2208328.24,2314838.96
BAY VIEW,1610,Building Exterior/Facade/Window,Foundations,2326605.31,2326605.31
BAY VIEW,1610,Common Areas/Lobbies,Building Common Area Finishes ,8214120.95,8862457.41
BAY VIEW,1610,Common Areas/Lobbies,Building Common Areas - Bathroom,625992.95,1138169
BAY VIEW,1610,Common Areas/Lobbies,Building Gymnasium,98695.42,482378.92
BAY VIEW,1610,Common Areas/Lobbies,Building Locker Room and Shower,,6713.6
BAY VIEW,1610,Common Areas/Lobbies,Interior Building Doors,5422501.35,5705738.2
BAY VIEW,1610,Common Areas/Lobbies,Interior Building Stairs,,24875365.45
BAY VIEW,1610,Common Areas/Lobbies,Non Residential Kitchen,844180.04,1266270.06
BAY VIEW,1610,Elevators,Elevators,33656214.87,34659015.65
BAY VIEW,1610,Fire Protection,Fire Alarm,75514.48,75514.48
BAY VIEW,1610,Fire Protection,Fire Sprinkler,3180.4,3180.4
BAY VIEW,1610,Grounds,Building Exterior Walkways and Retaining Walls,887973.47,887973.47
BAY VIEW,1610,Grounds,Fixed Site Equipment,68869.32,68869.32
BAY VIEW,1610,Grounds,Landscaping,6880,6880
BAY VIEW,1610,Grounds,Lighting - Exterior Security,1420593.24,1420593.24
BAY VIEW,1610,Grounds,Open Spaces,,10705078.62
BAY VIEW,1610,Grounds,Parking Lot,10733356.55,10733356.55
BAY VIEW,1610,Grounds,Paving - Non-Vehicular Area,3116988.3,3116988.3
BAY VIEW,1610,Grounds,Site Fences,6667966.7,6667966.7
BAY VIEW,1610,Grounds,Site Lighting,968082.5,968082.5
BAY VIEW,1610,Grounds,Site Walls (Not Retaining Walls),2540.8,2540.8
BAY VIEW,1610,Grounds,Stairs / Ramps,576545.58,1067708.88
BAY VIEW,1610,Heating,Building Steam Piping,119268270,119332697.2
BAY VIEW,1610,Heating,Common Spaces Radiator / Convector / Baseboard,1420729.89,1902413.33
BAY VIEW,1610,Heating,Decarbonization,0,0
BAY VIEW,1610,Heating,Heating System,24078576.18,25293593.55
BAY VIEW,1610,Interior Electrical/Lighting,Electrical System,8005988.36,28572061.13
BAY VIEW,1610,Interior Electrical/Lighting,Emergency and Exit Lighting and Panels,,74997.87
BAY VIEW,1610,Interior Electrical/Lighting,Interior Lighting Fixture,5269726.07,5523950.23
BAY VIEW,1610,Interior Electrical/Lighting,PA System,,21667.7
BAY VIEW,1610,Interior Electrical/Lighting,Telephone/Intercom,815237.28,889349.76
BAY VIEW,1610,Lead Based Paint,Lead Based Paint,18014044.04,18014044.04
BAY VIEW,1610,Plumbing,Building Drainage,392442.52,392442.52
BAY VIEW,1610,Plumbing,Building Sewage System,78733.84,78733.84
BAY VIEW,1610,Plumbing,Domestic Hot Water System,530970.42,553296.6
BAY VIEW,1610,Plumbing,Domestic Water System,15637,562457
BAY VIEW,1610,Plumbing,Underground Hydronic Piping,7944887.6,7944887.6
BAY VIEW,1610,Roofs,Building Roof/Parapets/Misc,5658,5658
BAY VIEW,1610,Safety And Security,Additional Security,10732117.2,10732117.2
BAY VIEW,1610,Ventilation/Air Conditioning,Air Conditioning,157360.78,157360.78
BAY VIEW,1610,Ventilation/Air Conditioning,Building Ductwork,7295.27,7295.27
BAY VIEW,1610,Ventilation/Air Conditioning,Exhaust Fan,33249.43,33249.43
BAY VIEW,1610,Waste Management,Garbage Chute,261224.64,261224.64
BAY VIEW,1610,Waste Management,Waste Infrastructure,4695707.61,4695707.61
BEACH 41ST STREET-BEACH CHANNEL DRIVE,712,Apartments,Apartment 504 Access,1600000,1600000
BEACH 41ST STREET-BEACH CHANNEL DRIVE,712,Apartments,Apartment Bathroom,35180147.24,35180147.24
BEACH 41ST STREET-BEACH CHANNEL DRIVE,712,Apartments,Apartment Entrance Doors,4646597.44,4646597.44
BEACH 41ST STREET-BEACH CHANNEL DRIVE,712,Apartments,Apartment Kitchen,27266103.45,27266103.45
BEACH 41ST STREET-BEACH CHANNEL DRIVE,712,Apartments,Apartment Renovation,74515101.59,74917904.55
BEACH 41ST STREET-BEACH CHANNEL DRIVE,712,Building Exterior/Facade/Window,Brickwork,8184828.61,8584828.61
BEACH 41ST STREET-BEACH CHANNEL DRIVE,712,Building Exterior/Facade/Window,Building Windows,26521502.89,26521502.89
BEACH 41ST STREET-BEACH CHANNEL DRIVE,712,Building Exterior/Facade/Window,Entrances/Exits,319503.51,588555.23
BEACH 41ST STREET-BEACH CHANNEL DRIVE,712,Building Exterior/Facade/Window,Foundations,30445.5,30445.5
BEACH 41ST STREET-BEACH CHANNEL DRIVE,712,Common Areas/Lobbies,Building Common Area Finishes ,4139242.13,4139242.13
BEACH 41ST STREET-BEACH CHANNEL DRIVE,712,Common Areas/Lobbies,Building Common Areas - Bathroom,,739809.85
BEACH 41ST STREET-BEACH CHANNEL DRIVE,712,Common Areas/Lobbies,Building Gymnasium,152384.92,152384.92
BEACH 41ST STREET-BEACH CHANNEL DRIVE,712,Common Areas/Lobbies,Interior Building Doors,2958242.95,2958242.95
BEACH 41ST STREET-BEACH CHANNEL DRIVE,712,Common Areas/Lobbies,Interior Building Stairs,,9774702.8
BEACH 41ST STREET-BEACH CHANNEL DRIVE,712,Common Areas/Lobbies,Non Residential Kitchen,847684.35,1269774.37
BEACH 41ST STREET-BEACH CHANNEL DRIVE,712,Elevators,Elevators,17559764.28,17559764.28
BEACH 41ST STREET-BEACH CHANNEL DRIVE,712,Fire Protection,Standpipe System,102602.17,102602.17
BEACH 41ST STREET-BEACH CHANNEL DRIVE,712,Grounds,Building Exterior Walkways and Retaining Walls,292599,292599
BEACH 41ST STREET-BEACH CHANNEL DRIVE,712,Grounds,Lighting - Exterior Security,628113.54,628113.54
BEACH 41ST STREET-BEACH CHANNEL DRIVE,712,Grounds,Open Spaces,,0
BEACH 41ST STREET-BEACH CHANNEL DRIVE,712,Grounds,Parking Lot,5233090.1,5233090.1
BEACH 41ST STREET-BEACH CHANNEL DRIVE,712,Grounds,Paving - Non-Vehicular Area,1459850,1459850
BEACH 41ST STREET-BEACH CHANNEL DRIVE,712,Grounds,Site Fences,11859670,11859670
BEACH 41ST STREET-BEACH CHANNEL DRIVE,712,Grounds,Stairs / Ramps,134629.25,160188.45
BEACH 41ST STREET-BEACH CHANNEL DRIVE,712,Heating,Building Steam Piping,,39571237.3
BEACH 41ST STREET-BEACH CHANNEL DRIVE,712,Heating,Common Spaces Radiator / Convector / Baseboard,471634.02,1047933.85
BEACH 41ST STREET-BEACH CHANNEL DRIVE,712,Heating,Decarbonization,16994983.61,16994983.61
BEACH 41ST STREET-BEACH CHANNEL DRIVE,712,Heating,Heating System,,14027716.55
BEACH 41ST STREET-BEACH CHANNEL DRIVE,712,Interior Electrical/Lighting,Electrical System,230006.6,1996529.08
BEACH 41ST STREET-BEACH CHANNEL DRIVE,712,Interior Electrical/Lighting,Emergency and Exit Lighting and Panels,117957.87,117957.87
BEACH 41ST STREET-BEACH CHANNEL DRIVE,712,Interior Electrical/Lighting,Interior Lighting Fixture,2673003.57,2673003.57
BEACH 41ST STREET-BEACH CHANNEL DRIVE,712,Lead Based Paint,Lead Based Paint,6565391.04,6565391.04
BEACH 41ST STREET-BEACH CHANNEL DRIVE,712,Plumbing,Building Drainage,5865.12,5865.12
BEACH 41ST STREET-BEACH CHANNEL DRIVE,712,Plumbing,Building Sewage System,196834.6,196834.6
BEACH 41ST STREET-BEACH CHANNEL DRIVE,712,Plumbing,Domestic Water System,,37555.51
BEACH 41ST STREET-BEACH CHANNEL DRIVE,712,Plumbing,Roof Tank,180190.27,2293272.93
BEACH 41ST STREET-BEACH CHANNEL DRIVE,712,Plumbing,Underground Hydronic Piping,,557927.5
BEACH 41ST STREET-BEACH CHANNEL DRIVE,712,Plumbing,Underground Natural Gas Piping,,277284
BEACH 41ST STREET-BEACH CHANNEL DRIVE,712,Roofs,Building Roof/Parapets/Misc,336,9350665.33
BEACH 41ST STREET-BEACH CHANNEL DRIVE,712,Safety And Security,Additional Security,4590751.2,4590751.2
BEACH 41ST STREET-BEACH CHANNEL DRIVE,712,Ventilation/Air Conditioning,Building Ductwork,4719.24,4719.24
BEACH 41ST STREET-BEACH CHANNEL DRIVE,712,Ventilation/Air Conditioning,Exhaust Fan,9877.78,9877.78
BEACH 41ST STREET-BEACH CHANNEL DRIVE,712,Waste Management,Garbage Chute,20686.2,20686.2
BEACH 41ST STREET-BEACH CHANNEL DRIVE,712,Waste Management,Waste Infrastructure,1974721.82,1974721.82
BEDFORD-STUYVESANT REHAB,85,Apartments,Apartment 504 Access,200000,200000
BEDFORD-STUYVESANT REHAB,85,Apartments,Apartment Bathroom,5732376.16,5732376.16
BEDFORD-STUYVESANT REHAB,85,Apartments,Apartment Entrance Doors,554720.2,554720.2
BEDFORD-STUYVESANT REHAB,85,Apartments,Apartment Kitchen,3221311.8,3221311.8
BEDFORD-STUYVESANT REHAB,85,Apartments,Apartment Renovation,8615296.23,9129886.25
BEDFORD-STUYVESANT REHAB,85,Building Exterior/Facade/Window,Brickwork,3645021.05,9668292.93
BEDFORD-STUYVESANT REHAB,85,Building Exterior/Facade/Window,Building Windows,4772282.72,4772282.72
BEDFORD-STUYVESANT REHAB,85,Building Exterior/Facade/Window,Entrances/Exits,258808.78,258808.78
BEDFORD-STUYVESANT REHAB,85,Building Exterior/Facade/Window,Foundations,46689.2,46689.2
BEDFORD-STUYVESANT REHAB,85,Common Areas/Lobbies,Building Common Area Finishes ,392858.86,392858.86
BEDFORD-STUYVESANT REHAB,85,Common Areas/Lobbies,Building Common Areas - Bathroom,113816.9,113816.9
BEDFORD-STUYVESANT REHAB,85,Common Areas/Lobbies,Interior Building Doors,357013.1,357013.1
BEDFORD-STUYVESANT REHAB,85,Common Areas/Lobbies,Interior Building Stairs,8551.31,1888301.85
BEDFORD-STUYVESANT REHAB,85,Elevators,Elevators,,1463313.69
BEDFORD-STUYVESANT REHAB,85,Fire Protection,Fire Alarm,119304.33,358774.29
BEDFORD-STUYVESANT REHAB,85,Fire Protection,Standpipe System,15075.24,158412.84
BEDFORD-STUYVESANT REHAB,85,Grounds,Building Exterior Walkways and Retaining Walls,32954.15,32954.15
BEDFORD-STUYVESANT REHAB,85,Grounds,Lighting - Exterior Security,311121.66,311121.66
BEDFORD-STUYVESANT REHAB,85,Grounds,Open Spaces,,0
BEDFORD-STUYVESANT REHAB,85,Grounds,Paving - Non-Vehicular Area,321167,321167
BEDFORD-STUYVESANT REHAB,85,Grounds,Site Fences,201791.4,201791.4
BEDFORD-STUYVESANT REHAB,85,Grounds,Stairs / Ramps,,61459.1
BEDFORD-STUYVESANT REHAB,85,Grounds,Storm Piping,69609.5,69609.5
BEDFORD-STUYVESANT REHAB,85,Heating,Common Spaces Radiator / Convector / Baseboard,34405.96,163428.31
BEDFORD-STUYVESANT REHAB,85,Heating,Decarbonization,3907050.25,3907050.25
BEDFORD-STUYVESANT REHAB,85,Heating,Hot Water System,,1509046
BEDFORD-STUYVESANT REHAB,85,Interior Electrical/Lighting,Electrical System,111081.64,2961283.5
BEDFORD-STUYVESANT REHAB,85,Interior Electrical/Lighting,Emergency and Exit Lighting and Panels,9743.82,9743.82
BEDFORD-STUYVESANT REHAB,85,Interior Electrical/Lighting,Interior Lighting Fixture,213851.24,218054.92
BEDFORD-STUYVESANT REHAB,85,Interior Electrical/Lighting,Telephone/Intercom,148224.96,222337.44
BEDFORD-STUYVESANT REHAB,85,Lead Based Paint,Lead Based Paint,85000,85000
BEDFORD-STUYVESANT REHAB,85,Plumbing,Building Drainage,366570,366570
BEDFORD-STUYVESANT REHAB,85,Plumbing,Building Sewage System,373901.4,373901.4
BEDFORD-STUYVESANT REHAB,85,Plumbing,Domestic Hot Water System,90982.42,98424.48
BEDFORD-STUYVESANT REHAB,85,Plumbing,Domestic Water System,75111.02,2279928.02
BEDFORD-STUYVESANT REHAB,85,Plumbing,Gas Risers,,811060.4
BEDFORD-STUYVESANT REHAB,85,Plumbing,Underground Hydronic Piping,401707.8,401707.8
BEDFORD-STUYVESANT REHAB,85,Plumbing,Underground Natural Gas Piping,36971.2,36971.2
BEDFORD-STUYVESANT REHAB,85,Roofs,Building Roof/Parapets/Misc,28290,2569921.97
BEDFORD-STUYVESANT REHAB,85,Safety And Security,Additional Security,1836030,1836030
BEDFORD-STUYVESANT REHAB,85,Ventilation/Air Conditioning,Air Conditioning,2439.29,2439.29
BEDFORD-STUYVESANT REHAB,85,Waste Management,Garbage Chute,17144.76,17144.76
BEDFORD-STUYVESANT REHAB,85,Waste Management,Waste Infrastructure,355264.32,355264.32
BERRY,506,Apartments,Apartment 504 Access,1200000,1200000
BERRY,506,Apartments,Apartment Bathroom,23345564.2,23345564.2
BERRY,506,Apartments,Apartment Entrance Doors,3302216.72,3302216.72
BERRY,506,Apartments,Apartment Kitchen,19366219.75,19366219.75
BERRY,506,Apartments,Apartment Renovation,40203277.84,45401035.25
BERRY,506,Building Exterior/Facade/Window,Brickwork,18060381.06,18060381.06
BERRY,506,Building Exterior/Facade/Window,Building Windows,18004239.85,18004239.85
BERRY,506,Building Exterior/Facade/Window,Entrances/Exits,931381.92,931381.92
BERRY,506,Building Exterior/Facade/Window,Foundations,92920.72,92920.72
BERRY,506,Common Areas/Lobbies,Building Common Area Finishes ,3295769.63,3600575.43
BERRY,506,Common Areas/Lobbies,Building Common Areas - Bathroom,569084.5,1024352.1
BERRY,506,Common Areas/Lobbies,Building Gymnasium,123238.42,123238.42
BERRY,506,Common Areas/Lobbies,Building Locker Room and Shower,2832.3,2832.3
BERRY,506,Common Areas/Lobbies,Interior Building Doors,1358853.45,1358853.45
BERRY,506,Common Areas/Lobbies,Interior Building Stairs,,6140518.42
BERRY,506,Common Areas/Lobbies,Non Residential Kitchen,1688360.08,1688360.08
BERRY,506,Elevators,Elevators,23413019.04,23413019.04
BERRY,506,Fire Protection,Fire Alarm,172970.9,172970.9
BERRY,506,Fire Protection,Fire Sprinkler,,355904
BERRY,506,Grounds,Building Exterior Walkways and Retaining Walls,171127.45,171127.45
BERRY,506,Grounds,Fixed Site Equipment,5832.8,5832.8
BERRY,506,Grounds,Lighting - Exterior Security,950975.64,950975.64
BERRY,506,Grounds,Open Spaces,,9562356.9
BERRY,506,Grounds,Parking Lot,187320,187320
BERRY,506,Grounds,Paving - Non-Vehicular Area,3157447,3157447
BERRY,506,Grounds,Playgrounds,626472,626472
BERRY,506,Grounds,Site Fences,5207634.2,5207634.2
BERRY,506,Grounds,Site Walls (Not Retaining Walls),1204,1204
BERRY,506,Grounds,Stairs / Ramps,568458.95,1127566.45
BERRY,506,Grounds,Storm Piping,,1531409
BERRY,506,Heating,Building Steam Piping,18801100.28,18801100.28
BERRY,506,Heating,Common Spaces Radiator / Convector / Baseboard,,1083787.74
BERRY,506,Heating,Decarbonization,0,0
BERRY,506,Heating,Through Wall/Window Heat Pump,0,0
BERRY,506,Heating,Underground Steam and Condensate Return Piping,6757466,6757466
BERRY,506,Interior Electrical/Lighting,Electrical System,2744473.51,10438958.48
BERRY,506,Interior Electrical/Lighting,Emergency and Exit Lighting and Panels,93556.7,93556.7
BERRY,506,Interior Electrical/Lighting,Emergency Generator Set,,343967.22
BERRY,506,Interior Electrical/Lighting,Interior Lighting Fixture,1647841.26,1757136.94
BERRY,506,Interior Electrical/Lighting,Telephone/Intercom,,518787.36
BERRY,506,Interior Electrical/Lighting,Transformer,1275589.04,1275589.04
BERRY,506,Lead Based Paint,Lead Based Paint,3638314.92,3638314.92
BERRY,506,Plumbing,Building Drainage,58752.96,2685089.4
BERRY,506,Plumbing,Building Sewage System,,2512470.78
BERRY,506,Plumbing,Domestic Hot Water System,490488,550024.48
BERRY,506,Plumbing,Domestic Water System,,17708902.5
BERRY,506,Plumbing,Underground Hydronic Piping,1517562.8,1517562.8
BERRY,506,Plumbing,Underground Natural Gas Piping,1293992,1293992
BERRY,506,Roofs,Building Roof/Parapets/Misc,377200,377200
BERRY,506,Safety And Security,Additional Security,6382710.6,6382710.6
BERRY,506,Safety And Security,CCTV,,280561.96
BERRY,506,Safety And Security,Intrusion Alarm,5582.53,5582.53
BERRY,506,Ventilation/Air Conditioning,Air Conditioning,32977.96,154667.89
BERRY,506,Waste Management,Garbage Chute,5112,5112
BERRY,506,Waste Management,Waste Infrastructure,3104381.62,3104381.62
BLAND,400,Apartments,Apartment 504 Access,1000000,1000000
BLAND,400,Apartments,Apartment Bathroom,18445307.16,18445307.16
BLAND,400,Apartments,Apartment Entrance Doors,2610448,2610448
BLAND,400,Apartments,Apartment Kitchen,15301231.05,15301231.05
BLAND,400,Apartments,Apartment Renovation,31013956.26,34294836.29
BLAND,400,Building Exterior/Facade/Window,Brickwork,12366156.44,12366156.44
BLAND,400,Building Exterior/Facade/Window,Building Windows,21831918.2,21831918.2
BLAND,400,Building Exterior/Facade/Window,Entrances/Exits,463385.07,463385.07
BLAND,400,Building Exterior/Facade/Window,Foundations,25463.9,25463.9
BLAND,400,Common Areas/Lobbies,Building Common Area Finishes ,2517966.93,2517966.93
BLAND,400,Common Areas/Lobbies,Building Common Areas - Bathroom,,1138169
BLAND,400,Common Areas/Lobbies,Interior Building Doors,1742334.35,1742334.35
BLAND,400,Common Areas/Lobbies,Interior Building Stairs,,6641785.23
BLAND,400,Common Areas/Lobbies,Non Residential Kitchen,1688360.08,1688360.08
BLAND,400,Elevators,Elevators,,14824506.75
BLAND,400,Fire Protection,Fire Alarm,,175669.98
BLAND,400,Fire Protection,Standpipe System,,1714932
BLAND,400,Grounds,Building Exterior Walkways and Retaining Walls,267437.5,283099.9
BLAND,400,Grounds,Fixed Site Equipment,23304.6,23304.6
BLAND,400,Grounds,Landscaping,10545.8,10545.8
BLAND,400,Grounds,Lighting - Exterior Security,639853.98,639853.98
BLAND,400,Grounds,Open Spaces,,3081020.4
BLAND,400,Grounds,Parking Lot,1874855,1874855
BLAND,400,Grounds,Paving - Non-Vehicular Area,208550,208550
BLAND,400,Grounds,Playgrounds,237300,237300
BLAND,400,Grounds,Site Fences,2265728,2265728
BLAND,400,Grounds,Site Lighting,253330,253330
BLAND,400,Grounds,Stairs / Ramps,14993.4,176552.8
BLAND,400,Heating,Decarbonization,41333113.17,41333113.17
BLAND,400,Interior Electrical/Lighting,Electrical System,1209090.32,6622056.75
BLAND,400,Interior Electrical/Lighting,Emergency and Exit Lighting and Panels,70196.54,70196.54
BLAND,400,Interior Electrical/Lighting,Interior Lighting Fixture,1941969.67,1941969.67
BLAND,400,Interior Electrical/Lighting,Telephone/Intercom,,148224.96
BLAND,400,Lead Based Paint,Lead Based Paint,7242694.44,7242694.44
BLAND,400,Plumbing,Building Drainage,88129.44,1796345.64
BLAND,400,Plumbing,Building Sewage System,,2576987.1
BLAND,400,Plumbing,Domestic Water System,,16254661.5
BLAND,400,Plumbing,Gas Risers,,4537743.1
BLAND,400,Plumbing,Non Residential Spaces Plumbing Fixtures,5622.29,5622.29
BLAND,400,Plumbing,Roof Tank,1138364.78,1138364.78
BLAND,400,Plumbing,Underground Hydronic Piping,1115855,1115855
BLAND,400,Plumbing,Underground Natural Gas Piping,415926,415926
BLAND,400,Roofs,Building Roof/Parapets/Misc,5866272.99,5866272.99
BLAND,400,Safety And Security,Additional Security,3324640.2,3324640.2
BLAND,400,Safety And Security,CCTV,,1683371.76
BLAND,400,Safety And Security,Intrusion Alarm,107323.29,107323.29
BLAND,400,Ventilation/Air Conditioning,Air Conditioning,70747.86,554106.13
BLAND,400,Ventilation/Air Conditioning,Building Ductwork,3392.5,3392.5
BLAND,400,Ventilation/Air Conditioning,Exhaust Fan,1445.4,1445.4
BLAND,400,Waste Management,Garbage Chute,2556,2556
BLAND,400,Waste Management,Waste Infrastructure,2343631.86,2343631.86
BORINQUEN PLAZA I,509,Apartments,Apartment 504 Access,1200000,1200000
BORINQUEN PLAZA I,509,Apartments,Apartment Bathroom,25379633.16,25379633.16
BORINQUEN PLAZA I,509,Apartments,Apartment Entrance Doors,3321795.08,3321795.08
BORINQUEN PLAZA I,509,Apartments,Apartment Kitchen,19404568.7,19404568.7
BORINQUEN PLAZA I,509,Apartments,Apartment Renovation,50387457.74,57816758.24
BORINQUEN PLAZA I,509,Building Exterior/Facade/Window,Brickwork,20452382.54,20452382.54
BORINQUEN PLAZA I,509,Building Exterior/Facade/Window,Building Windows,11473812.87,11723686.97
BORINQUEN PLAZA I,509,Building Exterior/Facade/Window,Entrances/Exits,30743.68,30743.68
BORINQUEN PLAZA I,509,Building Exterior/Facade/Window,Foundations,29137.95,29137.95
BORINQUEN PLAZA I,509,Common Areas/Lobbies,Building Common Area Finishes ,3991086.8,4022311.28
BORINQUEN PLAZA I,509,Common Areas/Lobbies,Building Common Areas - Bathroom,1024352.1,1138169
BORINQUEN PLAZA I,509,Common Areas/Lobbies,Building Gymnasium,459948.96,459948.96
BORINQUEN PLAZA I,509,Common Areas/Lobbies,Building Locker Room and Shower,4196,4196
BORINQUEN PLAZA I,509,Common Areas/Lobbies,Interior Building Doors,2267030.15,2267030.15
BORINQUEN PLAZA I,509,Common Areas/Lobbies,Interior Building Stairs,2452.88,8148038.55
BORINQUEN PLAZA I,509,Common Areas/Lobbies,Non Residential Kitchen,1694923.29,1694923.29
BORINQUEN PLAZA I,509,Elevators,Elevators,14633136.9,14633136.9
BORINQUEN PLAZA I,509,Fire Protection,Fire Alarm,172970.9,172970.9
BORINQUEN PLAZA I,509,Fire Protection,Standpipe System,5162.2,5162.2
BORINQUEN PLAZA I,509,Grounds,Building Exterior Walkways and Retaining Walls,57006,57006
BORINQUEN PLAZA I,509,Grounds,Lighting - Exterior Security,1185784.44,1185784.44
BORINQUEN PLAZA I,509,Grounds,Open Spaces,,5009462
BORINQUEN PLAZA I,509,Grounds,Parking Lot,1095651,1095651
BORINQUEN PLAZA I,509,Grounds,Paving - Non-Vehicular Area,1751820,1751820
BORINQUEN PLAZA I,509,Grounds,Playgrounds,377307,377307
BORINQUEN PLAZA I,509,Grounds,Site Fences,2743655,2743655
BORINQUEN PLAZA I,509,Grounds,Site Lighting,,54285
BORINQUEN PLAZA I,509,Grounds,Stairs / Ramps,100458.74,323174.84
BORINQUEN PLAZA I,509,Grounds,Storm Piping,10060.44,10060.44
BORINQUEN PLAZA I,509,Heating,Air Source Heat Pump,143648.56,143648.56
BORINQUEN PLAZA I,509,Heating,Common Spaces Radiator / Convector / Baseboard,378465.56,412871.52
BORINQUEN PLAZA I,509,Heating,Decarbonization,12149503.74,12149503.74
BORINQUEN PLAZA I,509,Heating,Heating System,4023083.9,9075440.83
BORINQUEN PLAZA I,509,Heating,Hot Water System,67328.8,20483617
BORINQUEN PLAZA I,509,Heating,Through Wall/Window Heat Pump,2116.75,2116.75
BORINQUEN PLAZA I,509,Interior Electrical/Lighting,Electrical System,492957.53,11738609.88
BORINQUEN PLAZA I,509,Interior Electrical/Lighting,Emergency and Exit Lighting and Panels,118734.69,139441.42
BORINQUEN PLAZA I,509,Interior Electrical/Lighting,Emergency Generator Set,548290.38,548290.38
BORINQUEN PLAZA I,509,Interior Electrical/Lighting,Interior Lighting Fixture,1958099.4,1958099.4
BORINQUEN PLAZA I,509,Interior Electrical/Lighting,Telephone/Intercom,321753.87,321753.87
BORINQUEN PLAZA I,509,Lead Based Paint,Lead Based Paint,509000,509000
BORINQUEN PLAZA I,509,Plumbing,Building Drainage,3331.91,3331.91
BORINQUEN PLAZA I,509,Plumbing,Building Sewage System,3659.85,3659.85
BORINQUEN PLAZA I,509,Plumbing,Domestic Water System,735661.97,735661.97
BORINQUEN PLAZA I,509,Plumbing,Gas Risers,9066.01,9066.01
BORINQUEN PLAZA I,509,Plumbing,Non Residential Spaces Plumbing Fixtures,4032.53,4032.53
BORINQUEN PLAZA I,509,Plumbing,Underground Hydronic Piping,,1060062.25
BORINQUEN PLAZA I,509,Plumbing,Underground Natural Gas Piping,,277284
BORINQUEN PLAZA I,509,Safety And Security,Additional Security,4536802.2,4536802.2
BORINQUEN PLAZA I,509,Safety And Security,Intrusion Alarm,321969.87,321969.87
BORINQUEN PLAZA I,509,Ventilation/Air Conditioning,Air Conditioning,440933.89,498261.56
BORINQUEN PLAZA I,509,Ventilation/Air Conditioning,Building Ductwork,13664.35,13664.35
BORINQUEN PLAZA I,509,Ventilation/Air Conditioning,Exhaust Fan,66509.51,66509.51
BORINQUEN PLAZA I,509,Waste Management,Waste Infrastructure,2791780.13,2791780.13
BORINQUEN PLAZA II,425,Apartments,Apartment 504 Access,1000000,1000000
BORINQUEN PLAZA II,425,Apartments,Apartment Bathroom,22282300.88,22282300.88
BORINQUEN PLAZA II,425,Apartments,Apartment Entrance Doors,2773601,2773601
BORINQUEN PLAZA II,425,Apartments,Apartment Kitchen,16183256.9,16183256.9
BORINQUEN PLAZA II,425,Apartments,Apartment Renovation,55132152.23,59024713.39
BORINQUEN PLAZA II,425,Building Exterior/Facade/Window,Brickwork,18124345.99,18124345.99
BORINQUEN PLAZA II,425,Building Exterior/Facade/Window,Building Windows,10672732.23,10672732.23
BORINQUEN PLAZA II,425,Building Exterior/Facade/Window,Entrances/Exits,1609.3,1609.3
BORINQUEN PLAZA II,425,Building Exterior/Facade/Window,Foundations,37386.95,37386.95
BORINQUEN PLAZA II,425,Common Areas/Lobbies,Building Common Area Finishes ,2020884.24,2038726.8
BORINQUEN PLAZA II,425,Common Areas/Lobbies,Building Common Areas - Bathroom,227633.8,227633.8
BORINQUEN PLAZA II,425,Common Areas/Lobbies,Interior Building Doors,2121614.55,2121614.55
BORINQUEN PLAZA II,425,Common Areas/Lobbies,Interior Building Stairs,5602.9,7023338.24
BORINQUEN PLAZA II,425,Common Areas/Lobbies,Non Residential Kitchen,422090.02,422090.02
BORINQUEN PLAZA II,425,Elevators,Elevators,20486391.66,20486391.66
BORINQUEN PLAZA II,425,Grounds,Building Exterior Walkways and Retaining Walls,104246,104246
BORINQUEN PLAZA II,425,Grounds,Lighting - Exterior Security,510709.14,510709.14
BORINQUEN PLAZA II,425,Grounds,Open Spaces,,3354112.3
BORINQUEN PLAZA II,425,Grounds,Parking Lot,981180,981180
BORINQUEN PLAZA II,425,Grounds,Paving - Non-Vehicular Area,1001040,1001040
BORINQUEN PLAZA II,425,Grounds,Playgrounds,53629.8,53629.8
BORINQUEN PLAZA II,425,Grounds,Site Fences,2194924,2194924
BORINQUEN PLAZA II,425,Grounds,Stairs / Ramps,38269.41,171991.76
BORINQUEN PLAZA II,425,Grounds,Storm Piping,28053.01,28053.01
BORINQUEN PLAZA II,425,Heating,Air Source Heat Pump,134327.55,134327.55
BORINQUEN PLAZA II,425,Heating,Common Spaces Radiator / Convector / Baseboard,172029.8,559096.85
BORINQUEN PLAZA II,425,Heating,Decarbonization,29912291.33,29912291.33
BORINQUEN PLAZA II,425,Heating,Hot Water System,11277.4,18119829.4
BORINQUEN PLAZA II,425,Interior Electrical/Lighting,Electrical System,,13889657.58
BORINQUEN PLAZA II,425,Interior Electrical/Lighting,Emergency and Exit Lighting and Panels,17286.78,19277.56
BORINQUEN PLAZA II,425,Interior Electrical/Lighting,Interior Lighting Fixture,1754227.76,1758642.98
BORINQUEN PLAZA II,425,Interior Electrical/Lighting,Telephone/Intercom,148224.96,518787.36
BORINQUEN PLAZA II,425,Lead Based Paint,Lead Based Paint,425000,425000
BORINQUEN PLAZA II,425,Plumbing,Building Drainage,8395.47,8395.47
BORINQUEN PLAZA II,425,Plumbing,Building Sewage System,21732.66,21732.66
BORINQUEN PLAZA II,425,Plumbing,Domestic Water System,791749.7,791749.7
BORINQUEN PLAZA II,425,Plumbing,Underground Hydronic Piping,,714147.2
BORINQUEN PLAZA II,425,Plumbing,Underground Natural Gas Piping,,369712
BORINQUEN PLAZA II,425,Safety And Security,Additional Security,3480107.4,3480107.4
BORINQUEN PLAZA II,425,Safety And Security,CCTV,1402809.8,1402809.8
BORINQUEN PLAZA II,425,Ventilation/Air Conditioning,Air Conditioning,2439.29,2439.29
BORINQUEN PLAZA II,425,Ventilation/Air Conditioning,Building Ductwork,3753.24,3753.24
BORINQUEN PLAZA II,425,Ventilation/Air Conditioning,Exhaust Fan,112079.44,112079.44
BORINQUEN PLAZA II,425,Waste Management,Waste Infrastructure,2496153.46,2496153.46
BOSTON ROAD PLAZA,235,Apartments,Apartment 504 Access,600000,600000
BOSTON ROAD PLAZA,235,Apartments,Apartment Bathroom,10863777.4,10863777.4
BOSTON ROAD PLAZA,235,Apartments,Apartment Entrance Doors,1533638.2,1533638.2
BOSTON ROAD PLAZA,235,Apartments,Apartment Kitchen,9012003.25,9012003.25
BOSTON ROAD PLAZA,235,Apartments,Apartment Renovation,13040116.43,13957509.41
BOSTON ROAD PLAZA,235,Building Exterior/Facade/Window,Brickwork,,400000
BOSTON ROAD PLAZA,235,Building Exterior/Facade/Window,Building Windows,5005841.02,5112929.92
BOSTON ROAD PLAZA,235,Building Exterior/Facade/Window,Entrances/Exits,190803.33,190803.33
BOSTON ROAD PLAZA,235,Building Exterior/Facade/Window,Foundations,12426.7,12426.7
BOSTON ROAD PLAZA,235,Common Areas/Lobbies,Building Common Area Finishes ,1757244.86,1757244.86
BOSTON ROAD PLAZA,235,Common Areas/Lobbies,Building Common Areas - Bathroom,,682901.4
BOSTON ROAD PLAZA,235,Common Areas/Lobbies,Building Gymnasium,9952.2,9952.2
BOSTON ROAD PLAZA,235,Common Areas/Lobbies,Interior Building Doors,770112.65,770112.65
BOSTON ROAD PLAZA,235,Common Areas/Lobbies,Interior Building Stairs,,2631650.75
BOSTON ROAD PLAZA,235,Common Areas/Lobbies,Non Residential Kitchen,1266270.06,1266270.06
BOSTON ROAD PLAZA,235,Fire Protection,Fire Alarm,,179054.31
BOSTON ROAD PLAZA,235,Fire Protection,Fire Sprinkler,5162.2,5162.2
BOSTON ROAD PLAZA,235,Grounds,Building Exterior Walkways and Retaining Walls,4231.36,4231.36
BOSTON ROAD PLAZA,235,Grounds,Fixed Site Equipment,701.5,701.5
BOSTON ROAD PLAZA,235,Grounds,Landscaping,6481.3,6481.3
BOSTON ROAD PLAZA,235,Grounds,Lighting - Exterior Security,88053.3,88053.3
BOSTON ROAD PLAZA,235,Grounds,Open Spaces,,1402538.5
BOSTON ROAD PLAZA,235,Grounds,Parking Lot,798026.4,798026.4
BOSTON ROAD PLAZA,235,Grounds,Paving - Non-Vehicular Area,821687,821687
BOSTON ROAD PLAZA,235,Grounds,Site Fences,571742.3,571742.3
BOSTON ROAD PLAZA,235,Grounds,Site Lighting,90475,90475
BOSTON ROAD PLAZA,235,Grounds,Site Walls (Not Retaining Walls),1926.4,1926.4
BOSTON ROAD PLAZA,235,Grounds,Stairs / Ramps,53453.08,56647.98
BOSTON ROAD PLAZA,235,Heating,Decarbonization,24136880.63,24136880.63
BOSTON ROAD PLAZA,235,Heating,Through Wall/Window Heat Pump,1555.63,1555.63
BOSTON ROAD PLAZA,235,Interior Electrical/Lighting,Electrical System,1018405.37,1825392.63
BOSTON ROAD PLAZA,235,Interior Electrical/Lighting,Emergency and Exit Lighting and Panels,18524.75,130692.78
BOSTON ROAD PLAZA,235,Interior Electrical/Lighting,Interior Lighting Fixture,32991.91,122385.47
BOSTON ROAD PLAZA,235,Interior Electrical/Lighting,Telephone/Intercom,,74112.48
BOSTON ROAD PLAZA,235,Lead Based Paint,Lead Based Paint,2008545.9,2008545.9
BOSTON ROAD PLAZA,235,Plumbing,Building Drainage,14688.24,14688.24
BOSTON ROAD PLAZA,235,Plumbing,Roof Tank,163646.9,163646.9
BOSTON ROAD PLAZA,235,Plumbing,Underground Hydronic Piping,,446342
BOSTON ROAD PLAZA,235,Plumbing,Underground Natural Gas Piping,,138642
BOSTON ROAD PLAZA,235,Safety And Security,Additional Security,1301861.4,1301861.4
BOSTON ROAD PLAZA,235,Safety And Security,CCTV,,561123.92
BOSTON ROAD PLAZA,235,Safety And Security,Intrusion Alarm,107323.29,214646.58
BOSTON ROAD PLAZA,235,Ventilation/Air Conditioning,Air Conditioning,6726.22,294183.29
BOSTON ROAD PLAZA,235,Ventilation/Air Conditioning,Building Ductwork,2746,2746
BOSTON ROAD PLAZA,235,Ventilation/Air Conditioning,Exhaust Fan,2410.77,2410.77
BOSTON ROAD PLAZA,235,Waste Management,Garbage Chute,852,852
BOSTON ROAD PLAZA,235,Waste Management,Waste Infrastructure,2032802.08,2032802.08
BOSTON SECOR,538,Apartments,Apartment 504 Access,1200000,1200000
BOSTON SECOR,538,Apartments,Apartment Bathroom,26350438.8,26350438.8
BOSTON SECOR,538,Apartments,Apartment Entrance Doors,3511052.56,3511052.56
BOSTON SECOR,538,Apartments,Apartment Kitchen,20555037.2,20555037.2
BOSTON SECOR,538,Apartments,Apartment Renovation,41659346.81,44882694.35
BOSTON SECOR,538,Building Exterior/Facade/Window,Brickwork,11899551.93,11899551.93
BOSTON SECOR,538,Building Exterior/Facade/Window,Building Windows,21414611.42,21414611.42
BOSTON SECOR,538,Building Exterior/Facade/Window,Entrances/Exits,609813.9,609813.9
BOSTON SECOR,538,Building Exterior/Facade/Window,Foundations,34784.42,34784.42
BOSTON SECOR,538,Common Areas/Lobbies,Building Common Area Finishes ,2952312.72,2952312.72
BOSTON SECOR,538,Common Areas/Lobbies,Building Common Areas - Bathroom,625992.95,1251985.9
BOSTON SECOR,538,Common Areas/Lobbies,Interior Building Doors,2337638.88,2337638.88
BOSTON SECOR,538,Common Areas/Lobbies,Interior Building Stairs,1584.43,8648436.9
BOSTON SECOR,538,Common Areas/Lobbies,Non Residential Kitchen,1705188.37,1705188.37
BOSTON SECOR,538,Elevators,Elevators,,11859605.4
BOSTON SECOR,538,Fire Protection,Fire Alarm,172970.9,172970.9
BOSTON SECOR,538,Fire Protection,Standpipe System,75499.71,75499.71
BOSTON SECOR,538,Grounds,Building Exterior Walkways and Retaining Walls,300259.74,331715.06
BOSTON SECOR,538,Grounds,Landscaping,17199.49,17199.49
BOSTON SECOR,538,Grounds,Lighting - Exterior Security,393304.74,393304.74
BOSTON SECOR,538,Grounds,Open Spaces,,0
BOSTON SECOR,538,Grounds,Parking Lot,5801160.45,5801160.45
BOSTON SECOR,538,Grounds,Playgrounds,399138.6,399138.6
BOSTON SECOR,538,Grounds,Site Fences,3965024,3965024
BOSTON SECOR,538,Grounds,Site Lighting,579040,579040
BOSTON SECOR,538,Grounds,Stairs / Ramps,23033.7,206740.45
BOSTON SECOR,538,Heating,Decarbonization,55732368.14,55732368.14
BOSTON SECOR,538,Heating,Heating System,833.07,833.07
BOSTON SECOR,538,Interior Electrical/Lighting,Electrical System,1928046.45,4301176.64
BOSTON SECOR,538,Interior Electrical/Lighting,Emergency and Exit Lighting and Panels,86666.71,120774.03
BOSTON SECOR,538,Interior Electrical/Lighting,Interior Lighting Fixture,1486431.43,1503246.15
BOSTON SECOR,538,Interior Electrical/Lighting,Public Address System,21667.7,21667.7
BOSTON SECOR,538,Interior Electrical/Lighting,Telephone/Intercom,74112.48,222337.44
BOSTON SECOR,538,Lead Based Paint,Lead Based Paint,538000,538000
BOSTON SECOR,538,Plumbing,Building Drainage,35664.71,65041.19
BOSTON SECOR,538,Plumbing,Domestic Water System,7818.5,7818.5
BOSTON SECOR,538,Plumbing,Non Residential Spaces Plumbing Fixtures,7433.59,7433.59
BOSTON SECOR,538,Plumbing,Roof Tank,2194906.11,2194906.11
BOSTON SECOR,538,Plumbing,Underground Hydronic Piping,,1673782.5
BOSTON SECOR,538,Plumbing,Underground Natural Gas Piping,,508354
BOSTON SECOR,538,Safety And Security,Additional Security,4185442.8,4185442.8
BOSTON SECOR,538,Safety And Security,Intrusion Alarm,429293.16,536616.45
BOSTON SECOR,538,Ventilation/Air Conditioning,Building Ductwork,12786.63,12786.63
BOSTON SECOR,538,Ventilation/Air Conditioning,Exhaust Fan,5061.55,5061.55
BOSTON SECOR,538,Waste Management,Garbage Chute,10576.8,10576.8
BOSTON SECOR,538,Waste Management,Waste Infrastructure,2527243.1,2527243.1
BOYNTON AVENUE REHAB,82,Apartments,Apartment 504 Access,200000,200000
BOYNTON AVENUE REHAB,82,Apartments,Apartment Bathroom,5408774.28,5408774.28
BOYNTON AVENUE REHAB,82,Apartments,Apartment Entrance Doors,535141.84,535141.84
BOYNTON AVENUE REHAB,82,Apartments,Apartment Kitchen,3144613.9,3144613.9
BOYNTON AVENUE REHAB,82,Apartments,Apartment Renovation,8548782.1,8548782.1
BOYNTON AVENUE REHAB,82,Building Exterior/Facade/Window,Brickwork,4508981.39,6708981.39
BOYNTON AVENUE REHAB,82,Building Exterior/Facade/Window,Entrances/Exits,187994.04,187994.04
BOYNTON AVENUE REHAB,82,Building Exterior/Facade/Window,Foundations,13296.71,13296.71
BOYNTON AVENUE REHAB,82,Common Areas/Lobbies,Building Common Area Finishes ,738142.32,738142.32
BOYNTON AVENUE REHAB,82,Common Areas/Lobbies,Building Common Areas - Bathroom,113816.9,170725.35
BOYNTON AVENUE REHAB,82,Common Areas/Lobbies,Interior Building Doors,254996.35,254996.35
BOYNTON AVENUE REHAB,82,Common Areas/Lobbies,Interior Building Stairs,1183.88,1692959.37
BOYNTON AVENUE REHAB,82,Common Areas/Lobbies,Non Residential Kitchen,0,0
BOYNTON AVENUE REHAB,82,Elevators,Elevators,1463313.69,1463313.69
BOYNTON AVENUE REHAB,82,Fire Protection,Fire Alarm,175669.98,175669.98
BOYNTON AVENUE REHAB,82,Fire Protection,Fire Sprinkler,0,0
BOYNTON AVENUE REHAB,82,Grounds,Lighting - Exterior Security,193717.26,193717.26
BOYNTON AVENUE REHAB,82,Grounds,Open Spaces,,0
BOYNTON AVENUE REHAB,82,Grounds,Paving - Non-Vehicular Area,474451.25,474451.25
BOYNTON AVENUE REHAB,82,Grounds,Site Fences,304457.2,304457.2
BOYNTON AVENUE REHAB,82,Grounds,Stairs / Ramps,31949,31949
BOYNTON AVENUE REHAB,82,Grounds,Storm Piping,10060.44,10060.44
BOYNTON AVENUE REHAB,82,Heating,Decarbonization,3814025.24,3814025.24
BOYNTON AVENUE REHAB,82,Heating,Hot Water System,14884.12,14884.12
BOYNTON AVENUE REHAB,82,Interior Electrical/Lighting,Electrical System,375723.22,2287165.22
BOYNTON AVENUE REHAB,82,Interior Electrical/Lighting,Emergency and Exit Lighting and Panels,83573.21,83573.21
BOYNTON AVENUE REHAB,82,Interior Electrical/Lighting,Interior Lighting Fixture,478056.64,478056.64
BOYNTON AVENUE REHAB,82,Interior Electrical/Lighting,Telephone/Intercom,74112.48,296449.92
BOYNTON AVENUE REHAB,82,Lead Based Paint,Lead Based Paint,0,0
BOYNTON AVENUE REHAB,82,Plumbing,Building Drainage,46192.86,46192.86
BOYNTON AVENUE REHAB,82,Plumbing,Domestic Hot Water System,116796.76,116796.76
BOYNTON AVENUE REHAB,82,Plumbing,Gas Risers,5829.48,5829.48
BOYNTON AVENUE REHAB,82,Plumbing,Non Residential Spaces Plumbing Fixtures,4032.53,4032.53
BOYNTON AVENUE REHAB,82,Safety And Security,Additional Security,1661541,1661541
BOYNTON AVENUE REHAB,82,Waste Management,Waste Infrastructure,220102.5,220102.5
BRACETTI PLAZA,108,Apartments,Apartment 504 Access,200000,200000
BRACETTI PLAZA,108,Apartments,Apartment Bathroom,5270087.76,5270087.76
BRACETTI PLAZA,108,Apartments,Apartment Entrance Doors,704820.96,704820.96
BRACETTI PLAZA,108,Apartments,Apartment Kitchen,4141686.6,4141686.6
BRACETTI PLAZA,108,Apartments,Apartment Renovation,10874860.12,11778597.24
BRACETTI PLAZA,108,Building Exterior/Facade/Window,Brickwork,1256,401256
BRACETTI PLAZA,108,Building Exterior/Facade/Window,Building Windows,2278960,2278960
BRACETTI PLAZA,108,Building Exterior/Facade/Window,Entrances/Exits,264858.75,264858.75
BRACETTI PLAZA,108,Building Exterior/Facade/Window,Foundations,1986.2,1986.2
BRACETTI PLAZA,108,Common Areas/Lobbies,Building Common Area Finishes ,1174631.11,1174631.11
BRACETTI PLAZA,108,Common Areas/Lobbies,Building Common Areas - Bathroom,227633.8,512176.05
BRACETTI PLAZA,108,Common Areas/Lobbies,Interior Building Doors,777889.1,777889.1
BRACETTI PLAZA,108,Common Areas/Lobbies,Interior Building Stairs,,626583.51
BRACETTI PLAZA,108,Common Areas/Lobbies,Non Residential Kitchen,844180.04,844180.04
BRACETTI PLAZA,108,Elevators,Elevators,5853254.76,5853254.76
BRACETTI PLAZA,108,Fire Protection,Fire Sprinkler,,50593.08
BRACETTI PLAZA,108,Grounds,Building Exterior Walkways and Retaining Walls,53991,53991
BRACETTI PLAZA,108,Grounds,Landscaping,2303.5,2303.5
BRACETTI PLAZA,108,Grounds,Lighting - Exterior Security,1675.69,13416.13
BRACETTI PLAZA,108,Grounds,Open Spaces,,0
BRACETTI PLAZA,108,Grounds,Parking Lot,331568.5,331568.5
BRACETTI PLAZA,108,Grounds,Paving - Non-Vehicular Area,495306.25,495306.25
BRACETTI PLAZA,108,Grounds,Playgrounds,226858.8,226858.8
BRACETTI PLAZA,108,Grounds,Site Fences,437214.7,437214.7
BRACETTI PLAZA,108,Grounds,Site Walls (Not Retaining Walls),3371.2,3371.2
BRACETTI PLAZA,108,Grounds,Stairs / Ramps,14345.4,261476.85
BRACETTI PLAZA,108,Heating,Common Spaces Radiator / Convector / Baseboard,51608.94,154826.82
BRACETTI PLAZA,108,Heating,Decarbonization,5023350.32,5023350.32
BRACETTI PLAZA,108,Interior Electrical/Lighting,Electrical System,,1358308.95
BRACETTI PLAZA,108,Interior Electrical/Lighting,Emergency and Exit Lighting and Panels,21267.36,26292.87
BRACETTI PLAZA,108,Interior Electrical/Lighting,Interior Lighting Fixture,214788.97,307481.36
BRACETTI PLAZA,108,Interior Electrical/Lighting,Telephone/Intercom,,74112.48
BRACETTI PLAZA,108,Lead Based Paint,Lead Based Paint,1104318.96,1104318.96
BRACETTI PLAZA,108,Plumbing,Building Drainage,29376.48,29376.48
BRACETTI PLAZA,108,Plumbing,Building Sewage System,39366.92,39366.92
BRACETTI PLAZA,108,Plumbing,Domestic Hot Water System,7442.06,7442.06
BRACETTI PLAZA,108,Plumbing,Domestic Water System,,218728
BRACETTI PLAZA,108,Plumbing,Underground Hydronic Piping,,200853.9
BRACETTI PLAZA,108,Plumbing,Underground Natural Gas Piping,,55456.8
BRACETTI PLAZA,108,Roofs,Building Roof/Parapets/Misc,2718345.52,2718345.52
BRACETTI PLAZA,108,Safety And Security,Additional Security,1662481.8,1662481.8
BRACETTI PLAZA,108,Waste Management,Waste Infrastructure,164094.78,164094.78
BREUKELEN,1595,Apartments,Apartment 504 Access,3800000,3800000
BREUKELEN,1595,Apartments,Apartment Bathroom,73919915.16,73919915.16
BREUKELEN,1595,Apartments,Apartment Entrance Doors,10409161.4,10409161.4
BREUKELEN,1595,Apartments,Apartment Kitchen,61166575.25,61166575.25
BREUKELEN,1595,Apartments,Apartment Renovation,123582213,144632901
BREUKELEN,1595,Building Exterior/Facade/Window,Brickwork,6489876.42,11289876.42
BREUKELEN,1595,Building Exterior/Facade/Window,Building Windows,72777352.53,72777352.53
BREUKELEN,1595,Building Exterior/Facade/Window,Entrances/Exits,5163509.59,5163509.59
BREUKELEN,1595,Building Exterior/Facade/Window,Foundations,504785.15,504785.15
BREUKELEN,1595,Common Areas/Lobbies,Building Common Area Finishes ,9877668.7,9877668.7
BREUKELEN,1595,Common Areas/Lobbies,Building Common Areas - Bathroom,284542.25,1422711.25
BREUKELEN,1595,Common Areas/Lobbies,Building Locker Room and Shower,21084.62,21084.62
BREUKELEN,1595,Common Areas/Lobbies,Interior Building Doors,7199972.5,7199972.5
BREUKELEN,1595,Common Areas/Lobbies,Interior Building Stairs,95974.41,37628326.81
BREUKELEN,1595,Common Areas/Lobbies,Non Residential Kitchen,2110450.1,2110450.1
BREUKELEN,1595,Elevators,Elevators,28861.37,35645951.54
BREUKELEN,1595,Fire Protection,Fire Sprinkler,1368.52,2225768.52
BREUKELEN,1595,Grounds,Building Exterior Walkways and Retaining Walls,2415179.56,2415179.56
BREUKELEN,1595,Grounds,Fixed Site Equipment,58826.79,58826.79
BREUKELEN,1595,Grounds,Landscaping,47274.7,47274.7
BREUKELEN,1595,Grounds,Lighting - Exterior Security,3153983.83,3153983.83
BREUKELEN,1595,Grounds,Open Spaces,,18776533.29
BREUKELEN,1595,Grounds,Parking Lot,5829933.8,5829933.8
BREUKELEN,1595,Grounds,Paving - Non-Vehicular Area,5422300,5422300
BREUKELEN,1595,Grounds,Playgrounds,1150430.4,1150430.4
BREUKELEN,1595,Grounds,Site Fences,9089463.5,9089463.5
BREUKELEN,1595,Grounds,Site Lighting,814275,814275
BREUKELEN,1595,Grounds,Site Walls (Not Retaining Walls),13091.9,13091.9
BREUKELEN,1595,Grounds,Stairs / Ramps,555918.34,1912342.81
BREUKELEN,1595,Grounds,Storm Piping,82783.73,10245770.73
BREUKELEN,1595,Heating,Decarbonization,127077510.9,127077510.9
BREUKELEN,1595,Interior Electrical/Lighting,Electrical System,1994431.56,34469236.4
BREUKELEN,1595,Interior Electrical/Lighting,Emergency and Exit Lighting and Panels,11848.06,70607.88
BREUKELEN,1595,Interior Electrical/Lighting,Interior Lighting Fixture,5062748.05,5062748.05
BREUKELEN,1595,Interior Electrical/Lighting,Telephone/Intercom,74112.48,518787.36
BREUKELEN,1595,Interior Electrical/Lighting,Transformer,318897.26,1275589.04
BREUKELEN,1595,Lead Based Paint,Lead Based Paint,10785902.29,10785902.29
BREUKELEN,1595,Plumbing,Building Drainage,502710.4,9963174.4
BREUKELEN,1595,Plumbing,Building Sewage System,,17112220.74
BREUKELEN,1595,Plumbing,Domestic Hot Water System,1961952,1961952
BREUKELEN,1595,Plumbing,Domestic Water System,,96362230.65
BREUKELEN,1595,Plumbing,Non Residential Spaces Plumbing Fixtures,27596.24,27596.24
BREUKELEN,1595,Plumbing,Underground Hydronic Piping,5356104,5356104
BREUKELEN,1595,Plumbing,Underground Natural Gas Piping,1756132,1756132
BREUKELEN,1595,Roofs,Building Roof/Parapets/Misc,62222974.99,113098148.6
BREUKELEN,1595,Safety And Security,Additional Security,24944900.4,24944900.4
BREUKELEN,1595,Safety And Security,Intrusion Alarm,,107323.29
BREUKELEN,1595,Ventilation/Air Conditioning,Air Conditioning,42975.9,240650.75
BREUKELEN,1595,Waste Management,Garbage Chute,65150.4,65150.4
BREUKELEN,1595,Waste Management,Waste Infrastructure,9493952.02,9493952.02
BREVOORT,896,Apartments,Apartment 504 Access,2000000,2000000
BREVOORT,896,Apartments,Apartment Bathroom,41374811.8,41374811.8
BREVOORT,896,Apartments,Apartment Entrance Doors,5847403.52,5847403.52
BREVOORT,896,Apartments,Apartment Kitchen,34322310.25,34322310.25
BREVOORT,896,Apartments,Apartment Renovation,90268193.81,95212692.53
BREVOORT,896,Building Exterior/Facade/Window,Brickwork,23567445.33,25167445.33
BREVOORT,896,Building Exterior/Facade/Window,Building Windows,44725080.11,44725080.11
BREVOORT,896,Building Exterior/Facade/Window,Entrances/Exits,1885936.12,1885936.12
BREVOORT,896,Building Exterior/Facade/Window,Foundations,171227.86,171227.86
BREVOORT,896,Common Areas/Lobbies,Building Common Area Finishes ,4054694.44,4054694.44
BREVOORT,896,Common Areas/Lobbies,Building Common Areas - Bathroom,853626.75,853626.75
BREVOORT,896,Common Areas/Lobbies,Interior Building Doors,4042303.7,4042303.7
BREVOORT,896,Common Areas/Lobbies,Interior Building Stairs,,21867764.59
BREVOORT,896,Common Areas/Lobbies,Non Residential Kitchen,1688360.08,1688360.08
BREVOORT,896,Elevators,Elevators,,38046155.94
BREVOORT,896,Fire Protection,Fire Alarm,170891.98,170891.98
BREVOORT,896,Fire Protection,Fire Sprinkler,,155708
BREVOORT,896,Grounds,Building Exterior Walkways and Retaining Walls,247945.2,253166
BREVOORT,896,Grounds,Fixed Site Equipment,10415.89,10415.89
BREVOORT,896,Grounds,Lighting - Exterior Security,1461684.78,1461684.78
BREVOORT,896,Grounds,Open Spaces,,12420198.89
BREVOORT,896,Grounds,Parking Lot,3362514.35,3362514.35
BREVOORT,896,Grounds,Paving - Non-Vehicular Area,3293004.5,3293004.5
BREVOORT,896,Grounds,Playgrounds,367815,367815
BREVOORT,896,Grounds,Site Fences,8416825.5,8416825.5
BREVOORT,896,Grounds,Site Lighting,850465,850465
BREVOORT,896,Grounds,Site Walls (Not Retaining Walls),481.6,481.6
BREVOORT,896,Grounds,Stairs / Ramps,108825.34,1179031.39
BREVOORT,896,Grounds,Storm Piping,,974533
BREVOORT,896,Heating,Building Steam Piping,41214066.6,41698093.32
BREVOORT,896,Heating,Common Spaces Radiator / Convector / Baseboard,,602104.3
BREVOORT,896,Heating,Decarbonization,0,0
BREVOORT,896,Heating,Heating System,112950.92,14129367.71
BREVOORT,896,Heating,Underground Steam and Condensate Return Piping,6176162.5,6176162.5
BREVOORT,896,Interior Electrical/Lighting,Electrical System,24475.19,15402148.16
BREVOORT,896,Interior Electrical/Lighting,Emergency and Exit Lighting and Panels,52902.33,62856.23
BREVOORT,896,Interior Electrical/Lighting,Interior Lighting Fixture,2964125.7,2972441.38
BREVOORT,896,Lead Based Paint,Lead Based Paint,10679456.08,10679456.08
BREVOORT,896,Plumbing,Building Drainage,103172.37,1706941.56
BREVOORT,896,Plumbing,Building Sewage System,81173.74,5982950.74
BREVOORT,896,Plumbing,Domestic Hot Water System,797043,819369.18
BREVOORT,896,Plumbing,Domestic Water System,,31477281
BREVOORT,896,Plumbing,Non Residential Spaces Plumbing Fixtures,3401.06,3401.06
BREVOORT,896,Plumbing,Roof Tank,2113082.66,2276729.56
BREVOORT,896,Plumbing,Underground Hydronic Piping,2343295.5,2343295.5
BREVOORT,896,Plumbing,Underground Natural Gas Piping,1386420,1386420
BREVOORT,896,Roofs,Building Roof/Parapets/Misc,18510493.4,18510493.4
BREVOORT,896,Safety And Security,Additional Security,9760035.6,9760035.6
BREVOORT,896,Safety And Security,Intrusion Alarm,,107323.29
BREVOORT,896,Ventilation/Air Conditioning,Air Conditioning,34976.69,60668.53
BREVOORT,896,Ventilation/Air Conditioning,Exhaust Fan,7227,7227
BREVOORT,896,Waste Management,Garbage Chute,14750.88,14750.88
BREVOORT,896,Waste Management,Waste Infrastructure,4077675.59,4077675.59
BRONX RIVER,1246,Apartments,Apartment 504 Access,3000000,3000000
BRONX RIVER,1246,Apartments,Apartment Bathroom,57970965.36,57970965.36
BRONX RIVER,1246,Apartments,Apartment Entrance Doors,8131545.52,8131545.52
BRONX RIVER,1246,Apartments,Apartment Kitchen,47744442.75,47744442.75
BRONX RIVER,1246,Apartments,Apartment Renovation,117663757.2,127987595.4
BRONX RIVER,1246,Building Exterior/Facade/Window,Brickwork,,3600000
BRONX RIVER,1246,Building Exterior/Facade/Window,Building Windows,57689085.75,57689085.75
BRONX RIVER,1246,Building Exterior/Facade/Window,Entrances/Exits,910936.24,910936.24
BRONX RIVER,1246,Building Exterior/Facade/Window,Foundations,281801.11,281801.11
BRONX RIVER,1246,Common Areas/Lobbies,Building Common Area Finishes ,6357671.14,6683212.84
BRONX RIVER,1246,Common Areas/Lobbies,Building Common Areas - Bathroom,56908.45,2447063.35
BRONX RIVER,1246,Common Areas/Lobbies,Building Gymnasium,588628.56,588628.56
BRONX RIVER,1246,Common Areas/Lobbies,Interior Building Doors,4133211.05,4133211.05
BRONX RIVER,1246,Common Areas/Lobbies,Interior Building Stairs,10414.49,16928169.33
BRONX RIVER,1246,Common Areas/Lobbies,Non Residential Kitchen,1701442.23,2545622.27
BRONX RIVER,1246,Elevators,Elevators,27342447.2,27342447.2
BRONX RIVER,1246,Fire Protection,Fire Sprinkler,0,0
BRONX RIVER,1246,Fire Protection,Standpipe System,25811,1152035
BRONX RIVER,1246,Grounds,Building Exterior Walkways and Retaining Walls,348024.8,364470.32
BRONX RIVER,1246,Grounds,Fixed Site Equipment,7183.9,7183.9
BRONX RIVER,1246,Grounds,Landscaping,16345.46,16345.46
BRONX RIVER,1246,Grounds,Lighting - Exterior Security,498968.7,498968.7
BRONX RIVER,1246,Grounds,Open Spaces,,8103817.06
BRONX RIVER,1246,Grounds,Parking Lot,1742448.25,1742448.25
BRONX RIVER,1246,Grounds,Playgrounds,1204060.2,1204060.2
BRONX RIVER,1246,Grounds,Site Fences,6549370,6549370
BRONX RIVER,1246,Grounds,Site Lighting,651420,651420
BRONX RIVER,1246,Grounds,Stairs / Ramps,452552.94,1034478.34
BRONX RIVER,1246,Grounds,Storm Piping,84159.03,1754787.03
BRONX RIVER,1246,Heating,Building Steam Piping,63232225.49,63812070.29
BRONX RIVER,1246,Heating,Common Spaces Radiator / Convector / Baseboard,457097.18,1033397.01
BRONX RIVER,1246,Heating,Decarbonization,0,0
BRONX RIVER,1246,Heating,Heating System,118337.32,17631804.71
BRONX RIVER,1246,Heating,Hot Water Heat Exchanger,7092.05,7092.05
BRONX RIVER,1246,Heating,Hot Water System,38963.57,38963.57
BRONX RIVER,1246,Heating,Through Wall/Window Heat Pump,9973.32,9973.32
BRONX RIVER,1246,Interior Electrical/Lighting,Electrical System,1504362.13,15115006.63
BRONX RIVER,1246,Interior Electrical/Lighting,Emergency and Exit Lighting and Panels,158382.65,192591.44
BRONX RIVER,1246,Interior Electrical/Lighting,Interior Lighting Fixture,4437988.68,4437988.68
BRONX RIVER,1246,Interior Electrical/Lighting,Public Address System,21667.7,21667.7
BRONX RIVER,1246,Interior Electrical/Lighting,Telephone/Intercom,74112.48,222337.44
BRONX RIVER,1246,Lead Based Paint,Lead Based Paint,31537749,31537749
BRONX RIVER,1246,Plumbing,Building Drainage,197082.29,3742547.33
BRONX RIVER,1246,Plumbing,Building Sewage System,22034.25,5989060.71
BRONX RIVER,1246,Plumbing,Domestic Hot Water System,110081.46,244038.54
BRONX RIVER,1246,Plumbing,Domestic Water System,64378.8,39754994.05
BRONX RIVER,1246,Plumbing,Non Residential Spaces Plumbing Fixtures,30997.3,30997.3
BRONX RIVER,1246,Plumbing,Roof Tank,2276729.56,2276729.56
BRONX RIVER,1246,Plumbing,Underground Hydronic Piping,3124394,3124394
BRONX RIVER,1246,Plumbing,Underground Natural Gas Piping,878066,878066
BRONX RIVER,1246,Safety And Security,Additional Security,5959321.2,5959321.2
BRONX RIVER,1246,Safety And Security,CCTV,280561.96,841685.88
BRONX RIVER,1246,Safety And Security,Intrusion Alarm,965909.61,1073232.9
BRONX RIVER,1246,Ventilation/Air Conditioning,Air Conditioning,75493.84,419459.86
BRONX RIVER,1246,Ventilation/Air Conditioning,Building Ductwork,10285.54,10285.54
BRONX RIVER,1246,Ventilation/Air Conditioning,Exhaust Fan,19286.15,19286.15
BRONX RIVER,1246,Waste Management,Garbage Chute,13898.88,13898.88
BRONX RIVER,1246,Waste Management,Waste Infrastructure,3327614.35,3327614.35
BRONX RIVER ADDITION,226,Apartments,Apartment 504 Access,600000,600000
BRONX RIVER ADDITION,226,Apartments,Apartment Bathroom,10447717.84,10447717.84
BRONX RIVER ADDITION,226,Apartments,Apartment Entrance Doors,1474903.12,1474903.12
BRONX RIVER ADDITION,226,Apartments,Apartment Kitchen,8666862.7,8666862.7
BRONX RIVER ADDITION,226,Apartments,Apartment Renovation,13607319.64,13628724.88
BRONX RIVER ADDITION,226,Building Exterior/Facade/Window,Brickwork,,800000
BRONX RIVER ADDITION,226,Building Exterior/Facade/Window,Building Windows,3599219.66,3599219.66
BRONX RIVER ADDITION,226,Building Exterior/Facade/Window,Entrances/Exits,196864.83,196864.83
BRONX RIVER ADDITION,226,Building Exterior/Facade/Window,Foundations,29211,29211
BRONX RIVER ADDITION,226,Common Areas/Lobbies,Building Common Area Finishes ,1171796.8,1171796.8
BRONX RIVER ADDITION,226,Common Areas/Lobbies,Building Common Areas - Bathroom,,113816.9
BRONX RIVER ADDITION,226,Common Areas/Lobbies,Interior Building Doors,599412.9,599412.9
BRONX RIVER ADDITION,226,Common Areas/Lobbies,Interior Building Stairs,,2694309.1
BRONX RIVER ADDITION,226,Elevators,Elevators,5853254.76,5853254.76
BRONX RIVER ADDITION,226,Fire Protection,Standpipe System,3871.78,3871.78
BRONX RIVER ADDITION,226,Grounds,Building Exterior Walkways and Retaining Walls,66402.72,66402.72
BRONX RIVER ADDITION,226,Grounds,Landscaping,9615.62,9615.62
BRONX RIVER ADDITION,226,Grounds,Lighting - Exterior Security,187847.04,187847.04
BRONX RIVER ADDITION,226,Grounds,Open Spaces,,1267991.62
BRONX RIVER ADDITION,226,Grounds,Parking Lot,964827,964827
BRONX RIVER ADDITION,226,Grounds,Paving - Non-Vehicular Area,523460.5,523460.5
BRONX RIVER ADDITION,226,Grounds,Site Fences,637236,637236
BRONX RIVER ADDITION,226,Grounds,Stairs / Ramps,8701.62,60651.62
BRONX RIVER ADDITION,226,Heating,Building Steam Piping,134348.64,158440.28
BRONX RIVER ADDITION,226,Heating,Common Spaces Radiator / Convector / Baseboard,559096.85,559096.85
BRONX RIVER ADDITION,226,Heating,Decarbonization,0,0
BRONX RIVER ADDITION,226,Heating,Heating System,2012.5,2012.5
BRONX RIVER ADDITION,226,Heating,Hot Water Heat Exchanger,369062.02,369062.02
BRONX RIVER ADDITION,226,Heating,Hot Water System,3975048,3975048
BRONX RIVER ADDITION,226,Heating,Underground Steam and Condensate Return Piping,,1482279
BRONX RIVER ADDITION,226,Interior Electrical/Lighting,Electrical System,413860.21,1740436.03
BRONX RIVER ADDITION,226,Interior Electrical/Lighting,Emergency and Exit Lighting and Panels,5131.04,5131.04
BRONX RIVER ADDITION,226,Interior Electrical/Lighting,Interior Lighting Fixture,562916.02,562916.02
BRONX RIVER ADDITION,226,Lead Based Paint,Lead Based Paint,1698318.12,1698318.12
BRONX RIVER ADDITION,226,Plumbing,Building Drainage,37598.76,37598.76
BRONX RIVER ADDITION,226,Plumbing,Domestic Hot Water System,,29768.24
BRONX RIVER ADDITION,226,Plumbing,Non Residential Spaces Plumbing Fixtures,4032.53,4032.53
BRONX RIVER ADDITION,226,Plumbing,Underground Hydronic Piping,,156219.7
BRONX RIVER ADDITION,226,Plumbing,Underground Natural Gas Piping,,46214
BRONX RIVER ADDITION,226,Safety And Security,Additional Security,1521038.4,1521038.4
BRONX RIVER ADDITION,226,Ventilation/Air Conditioning,Air Conditioning,0,0
BRONX RIVER ADDITION,226,Waste Management,Garbage Chute,29403.36,29403.36
BRONX RIVER ADDITION,226,Waste Management,Waste Infrastructure,169881.38,169881.38
BROWN,200,Apartments,Apartment 504 Access,400000,400000
BROWN,200,Apartments,Apartment Bathroom,9199539.16,9199539.16
BROWN,200,Apartments,Apartment Entrance Doors,1305224,1305224
BROWN,200,Apartments,Apartment Kitchen,7631441.05,7631441.05
BROWN,200,Apartments,Apartment Renovation,10193267.03,13939973.63
BROWN,200,Building Exterior/Facade/Window,Brickwork,4756501.66,4756501.66
BROWN,200,Building Exterior/Facade/Window,Building Windows,3714738.04,3714738.04
BROWN,200,Common Areas/Lobbies,Building Common Area Finishes ,1668146.38,1668146.38
BROWN,200,Common Areas/Lobbies,Building Common Areas - Bathroom,113816.9,512176.05
BROWN,200,Common Areas/Lobbies,Interior Building Doors,645130.75,645130.75
BROWN,200,Common Areas/Lobbies,Interior Building Stairs,,1253167.03
BROWN,200,Common Areas/Lobbies,Non Residential Kitchen,2936.36,425026.38
BROWN,200,Elevators,Elevators,5853254.76,5853254.76
BROWN,200,Grounds,Building Exterior Walkways and Retaining Walls,41411.7,41411.7
BROWN,200,Grounds,Lighting - Exterior Security,164366.16,164366.16
BROWN,200,Grounds,Open Spaces,,1086995.3
BROWN,200,Grounds,Parking Lot,534198,534198
BROWN,200,Grounds,Paving - Non-Vehicular Area,392074,392074
BROWN,200,Grounds,Site Fences,669097.8,669097.8
BROWN,200,Grounds,Site Lighting,135712.5,135712.5
BROWN,200,Grounds,Stairs / Ramps,,6541
BROWN,200,Heating,Common Spaces Radiator / Convector / Baseboard,,619307.28
BROWN,200,Heating,Decarbonization,14076372.39,14076372.39
BROWN,200,Interior Electrical/Lighting,Electrical System,939308.05,2871947
BROWN,200,Interior Electrical/Lighting,Emergency and Exit Lighting and Panels,22311.31,22311.31
BROWN,200,Interior Electrical/Lighting,Interior Lighting Fixture,932689.21,932689.21
BROWN,200,Lead Based Paint,Lead Based Paint,0,0
BROWN,200,Plumbing,Domestic Water System,0,0
BROWN,200,Safety And Security,Additional Security,1346549.4,1346549.4
BROWN,200,Ventilation/Air Conditioning,Air Conditioning,95101.77,188204.81
BROWN,200,Waste Management,Garbage Chute,3474.72,3474.72
BROWN,200,Waste Management,Waste Infrastructure,2088809.8,2088809.8
BROWNSVILLE,1338,Apartments,Apartment 504 Access,3200000,3200000
BROWNSVILLE,1338,Apartments,Apartment Bathroom,63056137.76,63056137.76
BROWNSVILLE,1338,Apartments,Apartment Entrance Doors,8731948.56,8731948.56
BROWNSVILLE,1338,Apartments,Apartment Kitchen,51272546.15,51272546.15
BROWNSVILLE,1338,Apartments,Apartment Renovation,104744636.3,118340610.7
BROWNSVILLE,1338,Building Exterior/Facade/Window,Brickwork,59667375,59667375
BROWNSVILLE,1338,Building Exterior/Facade/Window,Building Windows,51852914.07,51852914.07
BROWNSVILLE,1338,Building Exterior/Facade/Window,Entrances/Exits,5121.2,5121.2
BROWNSVILLE,1338,Building Exterior/Facade/Window,Foundations,139571.4,139571.4
BROWNSVILLE,1338,Common Areas/Lobbies,Building Common Area Finishes ,4529035.99,4529035.99
BROWNSVILLE,1338,Common Areas/Lobbies,Building Common Areas - Bathroom,170725.35,341450.7
BROWNSVILLE,1338,Common Areas/Lobbies,Interior Building Doors,3356804.83,3356804.83
BROWNSVILLE,1338,Common Areas/Lobbies,Interior Building Stairs,,28258916.41
BROWNSVILLE,1338,Common Areas/Lobbies,Non Residential Kitchen,422090.02,844180.04
BROWNSVILLE,1338,Elevators,Elevators,39509469.63,39509469.63
BROWNSVILLE,1338,Fire Protection,Fire Alarm,171297.4,171297.4
BROWNSVILLE,1338,Grounds,Building Exterior Walkways and Retaining Walls,25231.62,27580.98
BROWNSVILLE,1338,Grounds,Lighting - Exterior Security,592421.14,592421.14
BROWNSVILLE,1338,Grounds,Open Spaces,,13464555.9
BROWNSVILLE,1338,Grounds,Parking Lot,331420.8,331420.8
BROWNSVILLE,1338,Grounds,Paving - Non-Vehicular Area,2647333.7,2647333.7
BROWNSVILLE,1338,Grounds,Playgrounds,991914,991914
BROWNSVILLE,1338,Grounds,Site Fences,9802813.8,9802813.8
BROWNSVILLE,1338,Grounds,Site Walls (Not Retaining Walls),1926.4,1926.4
BROWNSVILLE,1338,Grounds,Stairs / Ramps,52331.54,720385.13
BROWNSVILLE,1338,Grounds,Storm Piping,,1392190
BROWNSVILLE,1338,Heating,Building Steam Piping,90092473.99,91165290.19
BROWNSVILLE,1338,Heating,Common Spaces Radiator / Convector / Baseboard,,1393441.38
BROWNSVILLE,1338,Heating,Decarbonization,0,0
BROWNSVILLE,1338,Heating,Heating System,212641.54,14313771.52
BROWNSVILLE,1338,Heating,Underground Steam and Condensate Return Piping,5929116,5929116
BROWNSVILLE,1338,Interior Electrical/Lighting,Electrical System,1882494.72,36286687.96
BROWNSVILLE,1338,Interior Electrical/Lighting,Emergency and Exit Lighting and Panels,46459.86,46459.86
BROWNSVILLE,1338,Interior Electrical/Lighting,Interior Lighting Fixture,3032775.42,3139808.82
BROWNSVILLE,1338,Interior Electrical/Lighting,Public Address System,43335.4,43335.4
BROWNSVILLE,1338,Interior Electrical/Lighting,Telephone/Intercom,295402.91,295402.91
BROWNSVILLE,1338,Lead Based Paint,Lead Based Paint,4328808.93,4328808.93
BROWNSVILLE,1338,Plumbing,Building Drainage,146882.4,3453343.8
BROWNSVILLE,1338,Plumbing,Building Sewage System,78733.84,10067766.34
BROWNSVILLE,1338,Plumbing,Domestic Hot Water System,5614.96,407486.2
BROWNSVILLE,1338,Plumbing,Domestic Water System,25853.09,45793380.48
BROWNSVILLE,1338,Plumbing,Underground Hydronic Piping,3012808.5,3012808.5
BROWNSVILLE,1338,Plumbing,Underground Natural Gas Piping,1340206,1340206
BROWNSVILLE,1338,Roofs,Building Roof/Parapets/Misc,25942622.74,25942622.74
BROWNSVILLE,1338,Safety And Security,Additional Security,15249809.4,15249809.4
BROWNSVILLE,1338,Safety And Security,CCTV,,6172363.12
BROWNSVILLE,1338,Safety And Security,Intrusion Alarm,321969.87,321969.87
BROWNSVILLE,1338,Ventilation/Air Conditioning,Air Conditioning,103604.52,103604.52
BROWNSVILLE,1338,Ventilation/Air Conditioning,Building Ductwork,2219.54,2219.54
BROWNSVILLE,1338,Ventilation/Air Conditioning,Exhaust Fan,24571.8,24571.8
BROWNSVILLE,1338,Waste Management,Garbage Chute,15636.24,15636.24
BROWNSVILLE,1338,Waste Management,Waste Infrastructure,5868614.07,5868614.07
BRYANT AVENUE-EAST 174TH STREET,72,Apartments,Apartment 504 Access,200000,200000
BRYANT AVENUE-EAST 174TH STREET,72,Apartments,Apartment Bathroom,3328476.48,3328476.48
BRYANT AVENUE-EAST 174TH STREET,72,Apartments,Apartment Entrance Doors,469880.64,469880.64
BRYANT AVENUE-EAST 174TH STREET,72,Apartments,Apartment Kitchen,2761124.4,2761124.4
BRYANT AVENUE-EAST 174TH STREET,72,Apartments,Apartment Renovation,5911232.75,6385217.63
BRYANT AVENUE-EAST 174TH STREET,72,Building Exterior/Facade/Window,Brickwork,2177267.43,2177267.43
BRYANT AVENUE-EAST 174TH STREET,72,Building Exterior/Facade/Window,Building Windows,1900555.65,1900555.65
BRYANT AVENUE-EAST 174TH STREET,72,Building Exterior/Facade/Window,Entrances/Exits,55587.48,55587.48
BRYANT AVENUE-EAST 174TH STREET,72,Building Exterior/Facade/Window,Foundations,2995.3,2995.3
BRYANT AVENUE-EAST 174TH STREET,72,Common Areas/Lobbies,Building Common Area Finishes ,440833.22,440833.22
BRYANT AVENUE-EAST 174TH STREET,72,Common Areas/Lobbies,Building Common Areas - Bathroom,,284542.25
BRYANT AVENUE-EAST 174TH STREET,72,Common Areas/Lobbies,Interior Building Doors,316115.35,316115.35
BRYANT AVENUE-EAST 174TH STREET,72,Common Areas/Lobbies,Interior Building Stairs,,1065191.97
BRYANT AVENUE-EAST 174TH STREET,72,Common Areas/Lobbies,Non Residential Kitchen,422090.02,422090.02
BRYANT AVENUE-EAST 174TH STREET,72,Elevators,Elevators,6313.72,1469627.41
BRYANT AVENUE-EAST 174TH STREET,72,Grounds,Building Exterior Walkways and Retaining Walls,22496.25,22496.25
BRYANT AVENUE-EAST 174TH STREET,72,Grounds,Lighting - Exterior Security,135015.06,135015.06
BRYANT AVENUE-EAST 174TH STREET,72,Grounds,Open Spaces,,0
BRYANT AVENUE-EAST 174TH STREET,72,Grounds,Parking Lot,235483.2,235483.2
BRYANT AVENUE-EAST 174TH STREET,72,Grounds,Paving - Non-Vehicular Area,108446,108446
BRYANT AVENUE-EAST 174TH STREET,72,Grounds,Playgrounds,59799.6,59799.6
BRYANT AVENUE-EAST 174TH STREET,72,Grounds,Site Fences,166389.4,166389.4
BRYANT AVENUE-EAST 174TH STREET,72,Grounds,Stairs / Ramps,18180.7,18180.7
BRYANT AVENUE-EAST 174TH STREET,72,Heating,Common Spaces Radiator / Convector / Baseboard,,103217.88
BRYANT AVENUE-EAST 174TH STREET,72,Heating,Decarbonization,3348900.21,3348900.21
BRYANT AVENUE-EAST 174TH STREET,72,Interior Electrical/Lighting,Electrical System,,1144067.5
BRYANT AVENUE-EAST 174TH STREET,72,Interior Electrical/Lighting,Emergency and Exit Lighting and Panels,17909.59,17909.59
BRYANT AVENUE-EAST 174TH STREET,72,Interior Electrical/Lighting,Interior Lighting Fixture,344776.49,344776.49
BRYANT AVENUE-EAST 174TH STREET,72,Lead Based Paint,Lead Based Paint,547251.84,547251.84
BRYANT AVENUE-EAST 174TH STREET,72,Plumbing,Building Drainage,14688.24,14688.24
BRYANT AVENUE-EAST 174TH STREET,72,Plumbing,Domestic Hot Water System,7442.06,166491.66
BRYANT AVENUE-EAST 174TH STREET,72,Plumbing,Domestic Water System,109364,109364
BRYANT AVENUE-EAST 174TH STREET,72,Plumbing,Underground Hydronic Piping,,44634.2
BRYANT AVENUE-EAST 174TH STREET,72,Plumbing,Underground Natural Gas Piping,,18485.6
BRYANT AVENUE-EAST 174TH STREET,72,Roofs,Building Roof/Parapets/Misc,1435095.35,1435095.35
BRYANT AVENUE-EAST 174TH STREET,72,Safety And Security,Additional Security,897493.8,897493.8
BRYANT AVENUE-EAST 174TH STREET,72,Waste Management,Interior Compactor,63826.69,63826.69
BRYANT AVENUE-EAST 174TH STREET,72,Waste Management,Waste Infrastructure,17359.78,17359.78
BUSHWICK,1220,Apartments,Apartment 504 Access,2800000,2800000
BUSHWICK,1220,Apartments,Apartment Bathroom,58202109.56,58202109.56
BUSHWICK,1220,Apartments,Apartment Entrance Doors,7961866.4,7961866.4
BUSHWICK,1220,Apartments,Apartment Kitchen,46670672.15,46670672.15
BUSHWICK,1220,Apartments,Apartment Renovation,92310004.07,107017374.7
BUSHWICK,1220,Building Exterior/Facade/Window,Brickwork,19461800.13,20261800.13
BUSHWICK,1220,Building Exterior/Facade/Window,Entrances/Exits,7332.3,7332.3
BUSHWICK,1220,Building Exterior/Facade/Window,Foundations,85137.6,85137.6
BUSHWICK,1220,Common Areas/Lobbies,Building Common Area Finishes ,6669404.24,6669404.24
BUSHWICK,1220,Common Areas/Lobbies,Building Common Areas - Bathroom,1195077.45,1195077.45
BUSHWICK,1220,Common Areas/Lobbies,Interior Building Doors,3924703.7,3924703.7
BUSHWICK,1220,Common Areas/Lobbies,Interior Building Stairs,627.42,16918382.26
BUSHWICK,1220,Common Areas/Lobbies,Non Residential Kitchen,2532540.12,2532540.12
BUSHWICK,1220,Elevators,Elevators,23413019.04,23413019.04
BUSHWICK,1220,Fire Protection,Standpipe System,203490.52,203490.52
BUSHWICK,1220,Grounds,Building Exterior Walkways and Retaining Walls,246776.72,246776.72
BUSHWICK,1220,Grounds,Lighting - Exterior Security,11674.9,11674.9
BUSHWICK,1220,Grounds,Open Spaces,,9202522
BUSHWICK,1220,Grounds,Parking Lot,1830200.5,1830200.5
BUSHWICK,1220,Grounds,Paving - Non-Vehicular Area,2210630,2210630
BUSHWICK,1220,Grounds,Playgrounds,745122,745122
BUSHWICK,1220,Grounds,Site Fences,6195350,6195350
BUSHWICK,1220,Grounds,Stairs / Ramps,107860.95,402750.22
BUSHWICK,1220,Grounds,Storm Piping,10060.44,16716340.44
BUSHWICK,1220,Heating,Decarbonization,126381950.1,126381950.1
BUSHWICK,1220,Interior Electrical/Lighting,Electrical System,114410.97,9484857.34
BUSHWICK,1220,Interior Electrical/Lighting,Emergency and Exit Lighting and Panels,57102.38,57102.38
BUSHWICK,1220,Interior Electrical/Lighting,Interior Lighting Fixture,4435433.06,4435433.06
BUSHWICK,1220,Interior Electrical/Lighting,Telephone/Intercom,,667012.32
BUSHWICK,1220,Lead Based Paint,Lead Based Paint,3810222.49,3810222.49
BUSHWICK,1220,Plumbing,Building Drainage,165531.07,3794574.07
BUSHWICK,1220,Plumbing,Building Sewage System,2439.9,8054071.24
BUSHWICK,1220,Plumbing,Gas Risers,3236.53,3236.53
BUSHWICK,1220,Plumbing,Non Residential Spaces Plumbing Fixtures,3401.06,3401.06
BUSHWICK,1220,Plumbing,Roof Tank,245470.35,245470.35
BUSHWICK,1220,Plumbing,Underground Hydronic Piping,17853680,17853680
BUSHWICK,1220,Plumbing,Underground Natural Gas Piping,9242800,9242800
BUSHWICK,1220,Roofs,Building Roof/Parapets/Misc,146821.26,11735113.85
BUSHWICK,1220,Safety And Security,Additional Security,5302731,5302731
BUSHWICK,1220,Ventilation/Air Conditioning,Building Ductwork,9467.43,9467.43
BUSHWICK,1220,Ventilation/Air Conditioning,Exhaust Fan,13973.93,13973.93
BUSHWICK,1220,Ventilation/Air Conditioning,Other Fans,0,0
BUSHWICK,1220,Waste Management,Garbage Chute,12964.32,12964.32
BUSHWICK,1220,Waste Management,Waste Infrastructure,2901725.41,2901725.41
BUTLER,1492,Apartments,Apartment 504 Access,3400000,3400000
BUTLER,1492,Apartments,Apartment Bathroom,76971018.6,76971018.6
BUTLER,1492,Apartments,Apartment Entrance Doors,9736971.04,9736971.04
BUTLER,1492,Apartments,Apartment Kitchen,57101586.55,57101586.55
BUTLER,1492,Apartments,Apartment Renovation,116081385.5,126111655.3
BUTLER,1492,Building Exterior/Facade/Window,Brickwork,100628,2500628
BUTLER,1492,Building Exterior/Facade/Window,Building Windows,55382775.3,55382775.3
BUTLER,1492,Building Exterior/Facade/Window,Entrances/Exits,28081,28081
BUTLER,1492,Building Exterior/Facade/Window,Foundations,71985.3,71985.3
BUTLER,1492,Common Areas/Lobbies,Building Common Area Finishes ,9415800.28,9415800.28
BUTLER,1492,Common Areas/Lobbies,Building Common Areas - Bathroom,1934887.3,2390154.9
BUTLER,1492,Common Areas/Lobbies,Interior Building Doors,5097608,5097608
BUTLER,1492,Common Areas/Lobbies,Interior Building Stairs,1657.54,25002339.69
BUTLER,1492,Common Areas/Lobbies,Non Residential Kitchen,2532540.12,2532540.12
BUTLER,1492,Elevators,Elevators,26339646.42,26339646.42
BUTLER,1492,Fire Protection,Standpipe System,0,0
BUTLER,1492,Grounds,Building Exterior Walkways and Retaining Walls,411941.18,411941.18
BUTLER,1492,Grounds,Fixed Site Equipment,7894.06,7894.06
BUTLER,1492,Grounds,Landscaping,36857.07,36857.07
BUTLER,1492,Grounds,Open Spaces,,10405514.63
BUTLER,1492,Grounds,Parking Lot,2218557,2218557
BUTLER,1492,Grounds,Paving - Non-Vehicular Area,2846707.5,2846707.5
BUTLER,1492,Grounds,Playgrounds,593250,593250
BUTLER,1492,Grounds,Site Fences,6655576,6655576
BUTLER,1492,Grounds,Stairs / Ramps,286510.48,535744.25
BUTLER,1492,Heating,Decarbonization,117670267.3,117670267.3
BUTLER,1492,Interior Electrical/Lighting,Electrical System,3286861.39,4809475.45
BUTLER,1492,Interior Electrical/Lighting,Emergency and Exit Lighting and Panels,89154,166374.26
BUTLER,1492,Interior Electrical/Lighting,Interior Lighting Fixture,7097147.81,7097147.81
BUTLER,1492,Interior Electrical/Lighting,PA System,,21667.7
BUTLER,1492,Interior Electrical/Lighting,Telephone/Intercom,,296449.92
BUTLER,1492,Lead Based Paint,Lead Based Paint,7414399.7,7414399.7
BUTLER,1492,Plumbing,Building Drainage,132194.16,132194.16
BUTLER,1492,Plumbing,Domestic Hot Water System,89304.72,774189.42
BUTLER,1492,Plumbing,Roof Tank,2194906.11,2194906.11
BUTLER,1492,Plumbing,Underground Hydronic Piping,4240249,4240249
BUTLER,1492,Plumbing,Underground Natural Gas Piping,878066,878066
BUTLER,1492,Roofs,Building Roof/Parapets/Misc,12642005.33,12671194.95
BUTLER,1492,Safety And Security,Additional Security,6361307.4,6361307.4
BUTLER,1492,Safety And Security,Intrusion Alarm,,214646.58
BUTLER,1492,Ventilation/Air Conditioning,Air Conditioning,61077.34,640149.38
BUTLER,1492,Ventilation/Air Conditioning,Exhaust Fan,5781.6,5781.6
BUTLER,1492,Waste Management,Garbage Chute,8755.2,8755.2
BUTLER,1492,Waste Management,Waste Infrastructure,2119386.66,2119386.66
CAMPOS PLAZA II,224,Apartments,Apartment 504 Access,600000,600000
CAMPOS PLAZA II,224,Apartments,Apartment Bathroom,12851617.52,12851617.52
CAMPOS PLAZA II,224,Apartments,Apartment Entrance Doors,1461850.88,1461850.88
CAMPOS PLAZA II,224,Apartments,Apartment Kitchen,8590164.8,8590164.8
CAMPOS PLAZA II,224,Apartments,Apartment Renovation,20929149.33,21792958.43
CAMPOS PLAZA II,224,Building Exterior/Facade/Window,Brickwork,,800000
CAMPOS PLAZA II,224,Building Exterior/Facade/Window,Building Windows,6041610.85,6041610.85
CAMPOS PLAZA II,224,Building Exterior/Facade/Window,Entrances/Exits,341978.4,341978.4
CAMPOS PLAZA II,224,Building Exterior/Facade/Window,Foundations,13408.5,13408.5
CAMPOS PLAZA II,224,Common Areas/Lobbies,Building Common Area Finishes ,2001166.06,2001166.06
CAMPOS PLAZA II,224,Common Areas/Lobbies,Building Common Areas - Bathroom,170725.35,398359.15
CAMPOS PLAZA II,224,Common Areas/Lobbies,Building Gymnasium,267508.38,267508.38
CAMPOS PLAZA II,224,Common Areas/Lobbies,Interior Building Doors,1226520,1226520
CAMPOS PLAZA II,224,Common Areas/Lobbies,Interior Building Stairs,,3258234.27
CAMPOS PLAZA II,224,Common Areas/Lobbies,Non Residential Kitchen,844180.04,1266270.06
CAMPOS PLAZA II,224,Elevators,Elevators,10243195.83,10243195.83
CAMPOS PLAZA II,224,Fire Protection,Fire Alarm,21669.47,21669.47
CAMPOS PLAZA II,224,Grounds,Building Exterior Walkways and Retaining Walls,21853.5,21853.5
CAMPOS PLAZA II,224,Grounds,Lighting - Exterior Security,363953.64,363953.64
CAMPOS PLAZA II,224,Grounds,Open Spaces,,0
CAMPOS PLAZA II,224,Grounds,Parking Lot,981180,981180
CAMPOS PLAZA II,224,Grounds,Paving - Non-Vehicular Area,625650,625650
CAMPOS PLAZA II,224,Grounds,Playgrounds,42714,42714
CAMPOS PLAZA II,224,Grounds,Site Fences,138067.8,138067.8
CAMPOS PLAZA II,224,Grounds,Site Lighting,90475,90475
CAMPOS PLAZA II,224,Grounds,Stairs / Ramps,,3270.5
CAMPOS PLAZA II,224,Heating,Decarbonization,33982528.5,33982528.5
CAMPOS PLAZA II,224,Interior Electrical/Lighting,Electrical System,2442200.93,3447837.17
CAMPOS PLAZA II,224,Interior Electrical/Lighting,Emergency and Exit Lighting and Panels,38546.71,38546.71
CAMPOS PLAZA II,224,Interior Electrical/Lighting,Interior Lighting Fixture,1394169.64,1394169.64
CAMPOS PLAZA II,224,Interior Electrical/Lighting,Telephone/Intercom,,148224.96
CAMPOS PLAZA II,224,Lead Based Paint,Lead Based Paint,0,0
CAMPOS PLAZA II,224,Plumbing,Building Drainage,29376.48,29376.48
CAMPOS PLAZA II,224,Plumbing,Roof Tank,1138364.78,1138364.78
CAMPOS PLAZA II,224,Roofs,Building Roof/Parapets/Misc,3917176.32,3917176.32
CAMPOS PLAZA II,224,Safety And Security,Additional Security,2460515.4,2460515.4
CAMPOS PLAZA II,224,Safety And Security,CCTV,,280561.96
CAMPOS PLAZA II,224,Safety And Security,Intrusion Alarm,107323.29,107323.29
CAMPOS PLAZA II,224,Ventilation/Air Conditioning,Air Conditioning,5996.19,5996.19
CAMPOS PLAZA II,224,Ventilation/Air Conditioning,Exhaust Fan,1205.38,1205.38
CAMPOS PLAZA II,224,Waste Management,Garbage Chute,8520,8520
CAMPOS PLAZA II,224,Waste Management,Waste Infrastructure,2185323.67,2185323.67
CAREY GARDENS,683,Apartments,Apartment 504 Access,1600000,1600000
CAREY GARDENS,683,Apartments,Apartment Bathroom,419955.13,37370356.16
CAREY GARDENS,683,Apartments,Apartment Entrance Doors,4457339.96,4457339.96
CAREY GARDENS,683,Apartments,Apartment Kitchen,119401.52,26311734.37
CAREY GARDENS,683,Apartments,Apartment Renovation,11858285.17,46257493.12
CAREY GARDENS,683,Building Exterior/Facade/Window,Brickwork,10709100.82,10709100.82
CAREY GARDENS,683,Building Exterior/Facade/Window,Building Windows,22439681.21,22439681.21
CAREY GARDENS,683,Building Exterior/Facade/Window,Entrances/Exits,291652.03,496449.78
CAREY GARDENS,683,Building Exterior/Facade/Window,Foundations,23192,23192
CAREY GARDENS,683,Common Areas/Lobbies,Building Common Area Finishes ,3507695.82,4879738.46
CAREY GARDENS,683,Common Areas/Lobbies,Building Common Areas - Bathroom,967443.65,1991795.75
CAREY GARDENS,683,Common Areas/Lobbies,Building Gymnasium,151499.55,225314.47
CAREY GARDENS,683,Common Areas/Lobbies,Building Locker Room and Shower,7994.1,7994.1
CAREY GARDENS,683,Common Areas/Lobbies,Interior Building Doors,2596211.83,2634487.08
CAREY GARDENS,683,Common Areas/Lobbies,Interior Building Stairs,11466478.05,11466478.05
CAREY GARDENS,683,Common Areas/Lobbies,Non Residential Kitchen,422090.02,1700399.45
CAREY GARDENS,683,Elevators,Elevators,13169823.21,14134350.02
CAREY GARDENS,683,Fire Protection,Fire Alarm,,175669.98
CAREY GARDENS,683,Grounds,Building Exterior Walkways and Retaining Walls,2094464.8,2110127.2
CAREY GARDENS,683,Grounds,Fixed Site Equipment,3495.69,3495.69
CAREY GARDENS,683,Grounds,Lighting - Exterior Security,2681,2681
CAREY GARDENS,683,Grounds,Open Spaces,,0
CAREY GARDENS,683,Grounds,Paving - Non-Vehicular Area,2627730,2627730
CAREY GARDENS,683,Grounds,Playgrounds,,465108
CAREY GARDENS,683,Grounds,Site Fences,3395051.8,3395051.8
CAREY GARDENS,683,Grounds,Stairs / Ramps,170528.9,223358.15
CAREY GARDENS,683,Heating,Air Source Heat Pump,,53731.02
CAREY GARDENS,683,Heating,Building Steam Piping,12643.67,34280519.27
CAREY GARDENS,683,Heating,Common Spaces Radiator / Convector / Baseboard,696720.69,1023577.31
CAREY GARDENS,683,Heating,Decarbonization,0,0
CAREY GARDENS,683,Heating,Heating System,0,0
CAREY GARDENS,683,Heating,Through Wall/Window Heat Pump,,9973.32
CAREY GARDENS,683,Interior Electrical/Lighting,Electrical System,3758204.26,3758204.26
CAREY GARDENS,683,Interior Electrical/Lighting,Emergency and Exit Lighting and Panels,33522.18,102459.22
CAREY GARDENS,683,Interior Electrical/Lighting,Interior Lighting Fixture,285384.2,285384.2
CAREY GARDENS,683,Interior Electrical/Lighting,Public Address System,21667.7,21667.7
CAREY GARDENS,683,Interior Electrical/Lighting,Telephone/Intercom,148224.96,222337.44
CAREY GARDENS,683,Lead Based Paint,Lead Based Paint,5844056.46,5844056.46
CAREY GARDENS,683,Plumbing,Building Drainage,31999.01,46687.25
CAREY GARDENS,683,Plumbing,Building Sewage System,2937.9,2937.9
CAREY GARDENS,683,Plumbing,Domestic Hot Water System,616.6,61927.6
CAREY GARDENS,683,Plumbing,Domestic Water System,1830.8,1830.8
CAREY GARDENS,683,Plumbing,Roof Tank,974717.88,974717.88
CAREY GARDENS,683,Roofs,Building Roof/Parapets/Misc,3814426.24,3829021.05
CAREY GARDENS,683,Safety And Security,Additional Security,4164039.6,4164039.6
CAREY GARDENS,683,Safety And Security,CCTV,,15992031.72
CAREY GARDENS,683,Ventilation/Air Conditioning,Air Conditioning,2545.55,59873.22
CAREY GARDENS,683,Ventilation/Air Conditioning,Exhaust Fan,,14021.22
CAREY GARDENS,683,Waste Management,Garbage Chute,852,852
CAREY GARDENS,683,Waste Management,Waste Infrastructure,2471235.38,2471235.38
CARLETON MANOR,174,Apartments,Apartment 504 Access,400000,400000
CARLETON MANOR,174,Apartments,Apartment Bathroom,8644793.08,8644793.08
CARLETON MANOR,174,Apartments,Apartment Entrance Doors,1135544.88,1135544.88
CARLETON MANOR,174,Apartments,Apartment Kitchen,6672717.3,6672717.3
CARLETON MANOR,174,Apartments,Apartment Renovation,14817328.33,14817328.33
CARLETON MANOR,174,Building Exterior/Facade/Window,Brickwork,2607493.93,2607493.93
CARLETON MANOR,174,Building Exterior/Facade/Window,Building Windows,5379856.08,5379856.08
CARLETON MANOR,174,Building Exterior/Facade/Window,Entrances/Exits,97107.05,97107.05
CARLETON MANOR,174,Building Exterior/Facade/Window,Foundations,28891.6,28891.6
CARLETON MANOR,174,Common Areas/Lobbies,Building Common Area Finishes ,1682761.16,1682761.16
CARLETON MANOR,174,Common Areas/Lobbies,Building Common Areas - Bathroom,,227633.8
CARLETON MANOR,174,Common Areas/Lobbies,Interior Building Doors,637506.05,637506.05
CARLETON MANOR,174,Common Areas/Lobbies,Interior Building Stairs,,2193042.29
CARLETON MANOR,174,Common Areas/Lobbies,Non Residential Kitchen,844180.04,844180.04
CARLETON MANOR,174,Elevators,Elevators,,2926627.38
CARLETON MANOR,174,Fire Protection,Fire Alarm,174644.4,174644.4
CARLETON MANOR,174,Fire Protection,Standpipe System,38717.8,38717.8
CARLETON MANOR,174,Grounds,Building Exterior Walkways and Retaining Walls,61704,64314.4
CARLETON MANOR,174,Grounds,Fixed Site Equipment,701.5,701.5
CARLETON MANOR,174,Grounds,Lighting - Exterior Security,135015.06,135015.06
CARLETON MANOR,174,Grounds,Open Spaces,,0
CARLETON MANOR,174,Grounds,Parking Lot,1308240,1308240
CARLETON MANOR,174,Grounds,Paving - Non-Vehicular Area,333680,333680
CARLETON MANOR,174,Grounds,Playgrounds,393918,393918
CARLETON MANOR,174,Grounds,Site Fences,4248240,4248240
CARLETON MANOR,174,Grounds,Site Lighting,99522.5,99522.5
CARLETON MANOR,174,Grounds,Stairs / Ramps,2985.85,34934.85
CARLETON MANOR,174,Heating,Building Steam Piping,,7795169.9
CARLETON MANOR,174,Heating,Common Spaces Radiator / Convector / Baseboard,,215037.25
CARLETON MANOR,174,Heating,Decarbonization,0,0
CARLETON MANOR,174,Interior Electrical/Lighting,Electrical System,679180.46,1033664.53
CARLETON MANOR,174,Interior Electrical/Lighting,Emergency and Exit Lighting and Panels,29328.58,29328.58
CARLETON MANOR,174,Interior Electrical/Lighting,Interior Lighting Fixture,612204.6,612204.6
CARLETON MANOR,174,Lead Based Paint,Lead Based Paint,174000,174000
CARLETON MANOR,174,Plumbing,Building Drainage,73314,73314
CARLETON MANOR,174,Plumbing,Domestic Hot Water System,14884.12,14884.12
CARLETON MANOR,174,Plumbing,Roof Tank,163646.9,1138364.78
CARLETON MANOR,174,Plumbing,Underground Hydronic Piping,,669513
CARLETON MANOR,174,Plumbing,Underground Natural Gas Piping,,184856
CARLETON MANOR,174,Roofs,Building Roof/Parapets/Misc,1806047.49,1806047.49
CARLETON MANOR,174,Safety And Security,Additional Security,1094326.8,1094326.8
CARLETON MANOR,174,Ventilation/Air Conditioning,Exhaust Fan,2410.77,2410.77
CARLETON MANOR,174,Waste Management,Garbage Chute,3474.72,3474.72
CARLETON MANOR,174,Waste Management,Waste Infrastructure,2032802.08,2032802.08
CARVER,1246,Apartments,Apartment 504 Access,3000000,3000000
CARVER,1246,Apartments,Apartment Bathroom,57832278.84,57832278.84
CARVER,1246,Apartments,Apartment Entrance Doors,8131545.52,8131545.52
CARVER,1246,Apartments,Apartment Kitchen,47629395.9,47629395.9
CARVER,1246,Apartments,Apartment Renovation,116067779.7,120193639.7
CARVER,1246,Building Exterior/Facade/Window,Brickwork,38932848.16,38932848.16
CARVER,1246,Building Exterior/Facade/Window,Building Windows,51297711.22,51297711.22
CARVER,1246,Building Exterior/Facade/Window,Entrances/Exits,1018659.28,1018659.28
CARVER,1246,Building Exterior/Facade/Window,Foundations,123407.8,123407.8
CARVER,1246,Common Areas/Lobbies,Building Common Area Finishes ,5045842.84,5045842.84
CARVER,1246,Common Areas/Lobbies,Building Common Areas - Bathroom,398359.15,1593436.6
CARVER,1246,Common Areas/Lobbies,Interior Building Doors,4272137.3,4272137.3
CARVER,1246,Common Areas/Lobbies,Interior Building Stairs,659.17,21555132
CARVER,1246,Common Areas/Lobbies,Non Residential Kitchen,2117832.23,2117832.23
CARVER,1246,Elevators,Elevators,32192901.18,32192901.18
CARVER,1246,Fire Protection,Fire Sprinkler,0,0
CARVER,1246,Grounds,Building Exterior Walkways and Retaining Walls,121743.93,162988.25
CARVER,1246,Grounds,Lighting - Exterior Security,260910.42,278521.08
CARVER,1246,Grounds,Open Spaces,,0
CARVER,1246,Grounds,Parking Lot,3001156.4,3001156.4
CARVER,1246,Grounds,Paving - Non-Vehicular Area,18781178.8,18781178.8
CARVER,1246,Grounds,Site Fences,4520835.4,4520835.4
CARVER,1246,Grounds,Site Lighting,1485.92,1485.92
CARVER,1246,Grounds,Stairs / Ramps,,1667693.18
CARVER,1246,Grounds,Storm Piping,,2366723
CARVER,1246,Heating,Building Steam Piping,62647971.12,62849648.92
CARVER,1246,Heating,Common Spaces Radiator / Convector / Baseboard,197834.27,903156.45
CARVER,1246,Heating,Decarbonization,0,0
CARVER,1246,Heating,Heating System,17194594.64,17627863.62
CARVER,1246,Interior Electrical/Lighting,Electrical System,3440173.3,11150969.33
CARVER,1246,Interior Electrical/Lighting,Emergency and Exit Lighting and Panels,,81722.04
CARVER,1246,Interior Electrical/Lighting,Interior Lighting Fixture,15930.32,15930.32
CARVER,1246,Interior Electrical/Lighting,Telephone/Intercom,510979.26,955654.14
CARVER,1246,Lead Based Paint,Lead Based Paint,9135637,9135637
CARVER,1246,Plumbing,Building Drainage,410863.68,3053858.82
CARVER,1246,Plumbing,Building Sewage System,,6231690
CARVER,1246,Plumbing,Domestic Hot Water System,225917.18,367316.32
CARVER,1246,Plumbing,Domestic Water System,7818.5,226546.5
CARVER,1246,Plumbing,Non Residential Spaces Plumbing Fixtures,0,0
CARVER,1246,Plumbing,Roof Tank,327293.8,327293.8
CARVER,1246,Plumbing,Underground Natural Gas Piping,1386420,1386420
CARVER,1246,Roofs,Building Roof/Parapets/Misc,47150,47150
CARVER,1246,Safety And Security,Additional Security,7346913,7346913
CARVER,1246,Safety And Security,CCTV,,4769553.32
CARVER,1246,Safety And Security,Intrusion Alarm,,107323.29
CARVER,1246,Ventilation/Air Conditioning,Air Conditioning,4878.58,4878.58
CARVER,1246,Ventilation/Air Conditioning,Exhaust Fan,11088.47,11088.47
CARVER,1246,Waste Management,Garbage Chute,852,852
CARVER,1246,Waste Management,Waste Infrastructure,3603724.57,3603724.57
CASSIDY-LAFAYETTE,380,Apartments,Apartment 504 Access,800000,800000
CASSIDY-LAFAYETTE,380,Apartments,Apartment Bathroom,17520730.36,17520730.36
CASSIDY-LAFAYETTE,380,Apartments,Apartment Entrance Doors,2479925.6,2479925.6
CASSIDY-LAFAYETTE,380,Apartments,Apartment Kitchen,14534252.05,14534252.05
CASSIDY-LAFAYETTE,380,Apartments,Apartment Renovation,23458068.04,26983791.59
CASSIDY-LAFAYETTE,380,Building Exterior/Facade/Window,Brickwork,9237108.54,9337108.54
CASSIDY-LAFAYETTE,380,Building Exterior/Facade/Window,Building Windows,7615719.49,7715669.13
CASSIDY-LAFAYETTE,380,Building Exterior/Facade/Window,Entrances/Exits,746974.79,746974.79
CASSIDY-LAFAYETTE,380,Building Exterior/Facade/Window,Foundations,313014,313014
CASSIDY-LAFAYETTE,380,Common Areas/Lobbies,Building Common Area Finishes ,1771971.13,1771971.13
CASSIDY-LAFAYETTE,380,Common Areas/Lobbies,Building Common Areas - Bathroom,,455267.6
CASSIDY-LAFAYETTE,380,Common Areas/Lobbies,Interior Building Doors,1083514.45,1083514.45
CASSIDY-LAFAYETTE,380,Common Areas/Lobbies,Interior Building Stairs,,3634184.37
CASSIDY-LAFAYETTE,380,Common Areas/Lobbies,Non Residential Kitchen,844180.04,844180.04
CASSIDY-LAFAYETTE,380,Elevators,Elevators,11706509.52,11706509.52
CASSIDY-LAFAYETTE,380,Fire Protection,Fire Alarm,351339.96,351339.96
CASSIDY-LAFAYETTE,380,Grounds,Building Exterior Walkways and Retaining Walls,48461.95,48461.95
CASSIDY-LAFAYETTE,380,Grounds,Lighting - Exterior Security,70298.87,170092.61
CASSIDY-LAFAYETTE,380,Grounds,Open Spaces,,1143508
CASSIDY-LAFAYETTE,380,Grounds,Parking Lot,2299350,2299350
CASSIDY-LAFAYETTE,380,Grounds,Paving - Non-Vehicular Area,125130,125130
CASSIDY-LAFAYETTE,380,Grounds,Site Fences,2517082.2,2517082.2
CASSIDY-LAFAYETTE,380,Grounds,Site Lighting,1485.92,1485.92
CASSIDY-LAFAYETTE,380,Grounds,Stairs / Ramps,54427.55,54427.55
CASSIDY-LAFAYETTE,380,Heating,Building Steam Piping,24091.64,72274.92
CASSIDY-LAFAYETTE,380,Heating,Common Spaces Radiator / Convector / Baseboard,137623.84,301052.15
CASSIDY-LAFAYETTE,380,Heating,Decarbonization,0,0
CASSIDY-LAFAYETTE,380,Heating,Heating System,20263.31,10562229.02
CASSIDY-LAFAYETTE,380,Heating,Underground Steam and Condensate Return Piping,,3952744
CASSIDY-LAFAYETTE,380,Interior Electrical/Lighting,Electrical System,,3699709.62
CASSIDY-LAFAYETTE,380,Interior Electrical/Lighting,Emergency and Exit Lighting and Panels,192255.38,196236.94
CASSIDY-LAFAYETTE,380,Interior Electrical/Lighting,Interior Lighting Fixture,875684.42,969694.22
CASSIDY-LAFAYETTE,380,Lead Based Paint,Lead Based Paint,3103316.4,3103316.4
CASSIDY-LAFAYETTE,380,Plumbing,Building Drainage,88129.44,88129.44
CASSIDY-LAFAYETTE,380,Plumbing,Building Sewage System,78733.84,78733.84
CASSIDY-LAFAYETTE,380,Plumbing,Domestic Hot Water System,70.66,373410.56
CASSIDY-LAFAYETTE,380,Plumbing,Underground Hydronic Piping,,580244.6
CASSIDY-LAFAYETTE,380,Plumbing,Underground Natural Gas Piping,,554568
CASSIDY-LAFAYETTE,380,Roofs,Building Roof/Parapets/Misc,8585,8585
CASSIDY-LAFAYETTE,380,Safety And Security,Additional Security,2756485.2,2756485.2
CASSIDY-LAFAYETTE,380,Ventilation/Air Conditioning,Air Conditioning,4452.88,4452.88
CASSIDY-LAFAYETTE,380,Waste Management,Garbage Chute,2589.36,2589.36
CASSIDY-LAFAYETTE,380,Waste Management,Waste Infrastructure,2241331.39,2241331.39
CASTLE HILL,2025,Apartments,Apartment 504 Access,4800000,4800000
CASTLE HILL,2025,Apartments,Apartment Bathroom,74433360.96,95064631.84
CASTLE HILL,2025,Apartments,Apartment Entrance Doors,13215393,13215393
CASTLE HILL,2025,Apartments,Apartment Kitchen,44779628.87,77836423.77
CASTLE HILL,2025,Apartments,Apartment Renovation,62372342.23,132786537
CASTLE HILL,2025,Building Exterior/Facade/Window,Brickwork,39245961.76,39245961.76
CASTLE HILL,2025,Building Exterior/Facade/Window,Building Loading Dock,680.35,680.35
CASTLE HILL,2025,Building Exterior/Facade/Window,Building Windows,80279076.39,80279076.39
CASTLE HILL,2025,Building Exterior/Facade/Window,Entrances/Exits,2110779.03,2683931.35
CASTLE HILL,2025,Building Exterior/Facade/Window,Foundations,145766.4,145766.4
CASTLE HILL,2025,Common Areas/Lobbies,Building Common Area Finishes ,11198234.39,14290422.93
CASTLE HILL,2025,Common Areas/Lobbies,Building Common Areas - Bathroom,1650345.05,2731605.6
CASTLE HILL,2025,Common Areas/Lobbies,Building Gymnasium,,598318.86
CASTLE HILL,2025,Common Areas/Lobbies,Building Locker Room and Shower,,4196
CASTLE HILL,2025,Common Areas/Lobbies,Interior Building Doors,6222843.86,6987529.41
CASTLE HILL,2025,Common Areas/Lobbies,Interior Building Stairs,30328454.2,32960104.9
CASTLE HILL,2025,Common Areas/Lobbies,Non Residential Kitchen,422090.02,3388589.43
CASTLE HILL,2025,Elevators,Elevators,32192901.18,41937310.13
CASTLE HILL,2025,Fire Protection,Standpipe System,0,0
CASTLE HILL,2025,Grounds,Building Exterior Walkways and Retaining Walls,9123482.82,9123482.82
CASTLE HILL,2025,Grounds,Landscaping,3523,3523
CASTLE HILL,2025,Grounds,Lighting - Exterior Security,635837.05,635837.05
CASTLE HILL,2025,Grounds,Open Spaces,,28770118.07
CASTLE HILL,2025,Grounds,Parking Lot,6950877.9,6950877.9
CASTLE HILL,2025,Grounds,Paving - Non-Vehicular Area,10498698.97,10498698.97
CASTLE HILL,2025,Grounds,Playgrounds,816312,816312
CASTLE HILL,2025,Grounds,Site Fences,8434526.5,8434526.5
CASTLE HILL,2025,Grounds,Stairs / Ramps,329861.15,421435.15
CASTLE HILL,2025,Grounds,Storm Piping,,2088285
CASTLE HILL,2025,Heating,Air Source Heat Pump,,26865.51
CASTLE HILL,2025,Heating,Building Steam Piping,48910326.53,52967784.13
CASTLE HILL,2025,Heating,Common Spaces Radiator / Convector / Baseboard,,1402042.87
CASTLE HILL,2025,Heating,Decarbonization,48311582.63,48311582.63
CASTLE HILL,2025,Heating,Heating System,,17379019.1
CASTLE HILL,2025,Heating,Through Wall/Window Heat Pump,,9973.32
CASTLE HILL,2025,Heating,Underground Steam and Condensate Return Piping,11364139,11364139
CASTLE HILL,2025,Interior Electrical/Lighting,Electrical System,3982257.57,10813878.87
CASTLE HILL,2025,Interior Electrical/Lighting,Emergency and Exit Lighting and Panels,18824.3,135836.84
CASTLE HILL,2025,Interior Electrical/Lighting,Interior Lighting Fixture,3714991.67,3714991.67
CASTLE HILL,2025,Interior Electrical/Lighting,PA System,,21667.7
CASTLE HILL,2025,Interior Electrical/Lighting,Public Address System,,173341.6
CASTLE HILL,2025,Interior Electrical/Lighting,Telephone/Intercom,592899.84,667012.32
CASTLE HILL,2025,Lead Based Paint,Lead Based Paint,18560500.53,18560500.53
CASTLE HILL,2025,Plumbing,Building Drainage,33335.85,4714892.67
CASTLE HILL,2025,Plumbing,Building Sewage System,14689.5,10601231.1
CASTLE HILL,2025,Plumbing,Domestic Water System,28782.81,28782.81
CASTLE HILL,2025,Plumbing,Roof Tank,1949435.76,1949435.76
CASTLE HILL,2025,Plumbing,Underground Natural Gas Piping,1293992,1293992
CASTLE HILL,2025,Roofs,Building Roof/Parapets/Misc,1767041.64,23308151.64
CASTLE HILL,2025,Safety And Security,Additional Security,7361877.6,7361877.6
CASTLE HILL,2025,Safety And Security,CCTV,,1402809.8
CASTLE HILL,2025,Ventilation/Air Conditioning,Air Conditioning,3541.73,46415.27
CASTLE HILL,2025,Ventilation/Air Conditioning,Building Ductwork,3685.8,3685.8
CASTLE HILL,2025,Ventilation/Air Conditioning,Exhaust Fan,,14021.22
CASTLE HILL,2025,Waste Management,Waste Infrastructure,2735259.64,2735259.64
CHELSEA,425,Apartments,Apartment 504 Access,1000000,1000000
CHELSEA,425,Apartments,Apartment Bathroom,21727554.8,21727554.8
CHELSEA,425,Apartments,Apartment Entrance Doors,2773601,2773601
CHELSEA,425,Apartments,Apartment Kitchen,16221605.85,16221605.85
CHELSEA,425,Apartments,Apartment Renovation,37439600.48,38361612.76
CHELSEA,425,Building Exterior/Facade/Window,Brickwork,7006067.21,7006067.21
CHELSEA,425,Building Exterior/Facade/Window,Building Windows,11045289.98,11045289.98
CHELSEA,425,Building Exterior/Facade/Window,Entrances/Exits,266524.56,266524.56
CHELSEA,425,Building Exterior/Facade/Window,Foundations,18625.4,18625.4
CHELSEA,425,Common Areas/Lobbies,Building Common Area Finishes ,1412802.98,1693035.98
CHELSEA,425,Common Areas/Lobbies,Building Common Areas - Bathroom,,512176.05
CHELSEA,425,Common Areas/Lobbies,Interior Building Doors,2060404.5,2060404.5
CHELSEA,425,Common Areas/Lobbies,Interior Building Stairs,,11027869.82
CHELSEA,425,Common Areas/Lobbies,Non Residential Kitchen,1266270.06,1688360.08
CHELSEA,425,Elevators,Elevators,,11706509.52
CHELSEA,425,Fire Protection,Fire Alarm,1673.5,1673.5
CHELSEA,425,Fire Protection,Standpipe System,25862.97,25862.97
CHELSEA,425,Grounds,Building Exterior Walkways and Retaining Walls,67110.52,67110.52
CHELSEA,425,Grounds,Landscaping,8130,8130
CHELSEA,425,Grounds,Lighting - Exterior Security,6345.65,12215.87
CHELSEA,425,Grounds,Open Spaces,,1718585.55
CHELSEA,425,Grounds,Parking Lot,315418.5,315418.5
CHELSEA,425,Grounds,Paving - Non-Vehicular Area,694471.5,694471.5
CHELSEA,425,Grounds,Site Fences,870889.2,870889.2
CHELSEA,425,Grounds,Site Lighting,,72380
CHELSEA,425,Grounds,Stairs / Ramps,76815,324513.45
CHELSEA,425,Heating,Common Spaces Radiator / Convector / Baseboard,,447277.48
CHELSEA,425,Heating,Decarbonization,29912291.33,29912291.33
CHELSEA,425,Interior Electrical/Lighting,Electrical System,1581990.2,2901656.17
CHELSEA,425,Interior Electrical/Lighting,Emergency and Exit Lighting and Panels,49648.13,49648.13
CHELSEA,425,Interior Electrical/Lighting,Interior Lighting Fixture,777803.28,1390042.43
CHELSEA,425,Interior Electrical/Lighting,Telephone/Intercom,,74112.48
CHELSEA,425,Lead Based Paint,Lead Based Paint,3436656.9,3436656.9
CHELSEA,425,Plumbing,Building Drainage,14688.24,14688.24
CHELSEA,425,Plumbing,Building Sewage System,78733.84,78733.84
CHELSEA,425,Plumbing,Roof Tank,1138364.78,1138364.78
CHELSEA,425,Plumbing,Underground Hydronic Piping,669513,669513
CHELSEA,425,Plumbing,Underground Natural Gas Piping,110913.6,110913.6
CHELSEA,425,Roofs,Building Roof/Parapets/Misc,2723779.54,2723779.54
CHELSEA,425,Safety And Security,Additional Security,1959392.4,1959392.4
CHELSEA,425,Safety And Security,CCTV,,280561.96
CHELSEA,425,Ventilation/Air Conditioning,Air Conditioning,30538.67,30538.67
CHELSEA,425,Waste Management,Garbage Chute,2589.36,2589.36
CHELSEA,425,Waste Management,Waste Infrastructure,2492523.53,2492523.53
CHELSEA ADDITION,96,Apartments,Apartment 504 Access,200000,200000
CHELSEA ADDITION,96,Apartments,Apartment Bathroom,4437968.64,4437968.64
CHELSEA ADDITION,96,Apartments,Apartment Entrance Doors,626507.52,626507.52
CHELSEA ADDITION,96,Apartments,Apartment Kitchen,3681499.2,3681499.2
CHELSEA ADDITION,96,Apartments,Apartment Renovation,6365808.95,6809967.68
CHELSEA ADDITION,96,Building Exterior/Facade/Window,Brickwork,2441659.93,2441659.93
CHELSEA ADDITION,96,Building Exterior/Facade/Window,Building Windows,2820902.94,2820902.94
CHELSEA ADDITION,96,Building Exterior/Facade/Window,Entrances/Exits,149386.15,149386.15
CHELSEA ADDITION,96,Building Exterior/Facade/Window,Foundations,3641.5,3641.5
CHELSEA ADDITION,96,Common Areas/Lobbies,Building Common Area Finishes ,1407930.35,1407930.35
CHELSEA ADDITION,96,Common Areas/Lobbies,Building Common Areas - Bathroom,,1251985.9
CHELSEA ADDITION,96,Common Areas/Lobbies,Building Gymnasium,336197.84,336197.84
CHELSEA ADDITION,96,Common Areas/Lobbies,Building Locker Room and Shower,20980,20980
CHELSEA ADDITION,96,Common Areas/Lobbies,Interior Building Doors,1060215.45,1060215.45
CHELSEA ADDITION,96,Common Areas/Lobbies,Interior Building Stairs,,1754433.84
CHELSEA ADDITION,96,Common Areas/Lobbies,Non Residential Kitchen,422090.02,422090.02
CHELSEA ADDITION,96,Elevators,Elevators,3891154.19,3891154.19
CHELSEA ADDITION,96,Fire Protection,Fire Alarm,1673.5,224968.88
CHELSEA ADDITION,96,Grounds,Building Exterior Walkways and Retaining Walls,3288.62,3288.62
CHELSEA ADDITION,96,Grounds,Lighting - Exterior Security,24086.5,24086.5
CHELSEA ADDITION,96,Grounds,Open Spaces,,893572.25
CHELSEA ADDITION,96,Grounds,Paving - Non-Vehicular Area,132429.25,132429.25
CHELSEA ADDITION,96,Grounds,Site Fences,761143,761143
CHELSEA ADDITION,96,Grounds,Stairs / Ramps,,79872.5
CHELSEA ADDITION,96,Heating,Common Spaces Radiator / Convector / Baseboard,,68811.92
CHELSEA ADDITION,96,Heating,Decarbonization,6756658.74,6756658.74
CHELSEA ADDITION,96,Interior Electrical/Lighting,Electrical System,754269.78,1338081.78
CHELSEA ADDITION,96,Interior Electrical/Lighting,Emergency and Exit Lighting and Panels,5656.73,91527.38
CHELSEA ADDITION,96,Interior Electrical/Lighting,Interior Lighting Fixture,292579.31,355267.79
CHELSEA ADDITION,96,Lead Based Paint,Lead Based Paint,1044669.12,1044669.12
CHELSEA ADDITION,96,Plumbing,Building Drainage,14688.24,14688.24
CHELSEA ADDITION,96,Plumbing,Building Sewage System,39366.92,39366.92
CHELSEA ADDITION,96,Plumbing,Roof Tank,163646.9,163646.9
CHELSEA ADDITION,96,Plumbing,Underground Hydronic Piping,714147.2,714147.2
CHELSEA ADDITION,96,Plumbing,Underground Natural Gas Piping,129399.2,129399.2
CHELSEA ADDITION,96,Roofs,Building Roof/Parapets/Misc,2237073.71,2237073.71
CHELSEA ADDITION,96,Safety And Security,Additional Security,919837.8,919837.8
CHELSEA ADDITION,96,Safety And Security,Intrusion Alarm,,107323.29
CHELSEA ADDITION,96,Waste Management,Waste Infrastructure,84940.69,84940.69
CLAREMONT PARKWAY-FRANKLIN AVENUE,188,Apartments,Apartment 504 Access,400000,400000
CLAREMONT PARKWAY-FRANKLIN AVENUE,188,Apartments,Apartment Bathroom,9569369.88,9569369.88
CLAREMONT PARKWAY-FRANKLIN AVENUE,188,Apartments,Apartment Entrance Doors,1226910.56,1226910.56
CLAREMONT PARKWAY-FRANKLIN AVENUE,188,Apartments,Apartment Kitchen,7171253.65,7171253.65
CLAREMONT PARKWAY-FRANKLIN AVENUE,188,Apartments,Apartment Renovation,15070922.31,15395197.17
CLAREMONT PARKWAY-FRANKLIN AVENUE,188,Building Exterior/Facade/Window,Brickwork,4692400.69,7001382.08
CLAREMONT PARKWAY-FRANKLIN AVENUE,188,Building Exterior/Facade/Window,Building Windows,4558721.97,4558721.97
CLAREMONT PARKWAY-FRANKLIN AVENUE,188,Building Exterior/Facade/Window,Entrances/Exits,144744.37,144744.37
CLAREMONT PARKWAY-FRANKLIN AVENUE,188,Building Exterior/Facade/Window,Foundations,15871.4,15871.4
CLAREMONT PARKWAY-FRANKLIN AVENUE,188,Common Areas/Lobbies,Building Common Area Finishes ,1550104.3,1550104.3
CLAREMONT PARKWAY-FRANKLIN AVENUE,188,Common Areas/Lobbies,Building Common Areas - Bathroom,113816.9,398359.15
CLAREMONT PARKWAY-FRANKLIN AVENUE,188,Common Areas/Lobbies,Interior Building Doors,917999,917999
CLAREMONT PARKWAY-FRANKLIN AVENUE,188,Common Areas/Lobbies,Interior Building Stairs,,3696842.72
CLAREMONT PARKWAY-FRANKLIN AVENUE,188,Common Areas/Lobbies,Non Residential Kitchen,844180.04,844180.04
CLAREMONT PARKWAY-FRANKLIN AVENUE,188,Elevators,Elevators,2926627.38,2926627.38
CLAREMONT PARKWAY-FRANKLIN AVENUE,188,Fire Protection,Fire Alarm,,175669.98
CLAREMONT PARKWAY-FRANKLIN AVENUE,188,Fire Protection,Fire Sprinkler,3097.26,53690.34
CLAREMONT PARKWAY-FRANKLIN AVENUE,188,Grounds,Building Exterior Walkways and Retaining Walls,48604.14,48604.14
CLAREMONT PARKWAY-FRANKLIN AVENUE,188,Grounds,Fixed Site Equipment,6536.31,6536.31
CLAREMONT PARKWAY-FRANKLIN AVENUE,188,Grounds,Lighting - Exterior Security,639853.98,639853.98
CLAREMONT PARKWAY-FRANKLIN AVENUE,188,Grounds,Open Spaces,,0
CLAREMONT PARKWAY-FRANKLIN AVENUE,188,Grounds,Parking Lot,592261,592261
CLAREMONT PARKWAY-FRANKLIN AVENUE,188,Grounds,Paving - Non-Vehicular Area,437955,437955
CLAREMONT PARKWAY-FRANKLIN AVENUE,188,Grounds,Playgrounds,71190,71190
CLAREMONT PARKWAY-FRANKLIN AVENUE,188,Grounds,Site Fences,1193047.4,1193047.4
CLAREMONT PARKWAY-FRANKLIN AVENUE,188,Grounds,Site Lighting,18095,18095
CLAREMONT PARKWAY-FRANKLIN AVENUE,188,Grounds,Stairs / Ramps,62271.43,94976.43
CLAREMONT PARKWAY-FRANKLIN AVENUE,188,Heating,Common Spaces Radiator / Convector / Baseboard,,971968.37
CLAREMONT PARKWAY-FRANKLIN AVENUE,188,Heating,Decarbonization,8697838.05,8697838.05
CLAREMONT PARKWAY-FRANKLIN AVENUE,188,Interior Electrical/Lighting,Electrical System,563584.83,4613985.4
CLAREMONT PARKWAY-FRANKLIN AVENUE,188,Interior Electrical/Lighting,Emergency and Exit Lighting and Panels,113243.48,113243.48
CLAREMONT PARKWAY-FRANKLIN AVENUE,188,Interior Electrical/Lighting,Interior Lighting Fixture,965691.62,965691.62
CLAREMONT PARKWAY-FRANKLIN AVENUE,188,Interior Electrical/Lighting,PA System,,21667.7
CLAREMONT PARKWAY-FRANKLIN AVENUE,188,Lead Based Paint,Lead Based Paint,0,0
CLAREMONT PARKWAY-FRANKLIN AVENUE,188,Plumbing,Domestic Hot Water System,22326.18,260900.58
CLAREMONT PARKWAY-FRANKLIN AVENUE,188,Plumbing,Domestic Water System,109364,109364
CLAREMONT PARKWAY-FRANKLIN AVENUE,188,Roofs,Building Roof/Parapets/Misc,,3576553.95
CLAREMONT PARKWAY-FRANKLIN AVENUE,188,Safety And Security,Additional Security,3428775,3428775
CLAREMONT PARKWAY-FRANKLIN AVENUE,188,Safety And Security,CCTV,,841685.88
CLAREMONT PARKWAY-FRANKLIN AVENUE,188,Safety And Security,Intrusion Alarm,,214646.58
CLAREMONT PARKWAY-FRANKLIN AVENUE,188,Ventilation/Air Conditioning,Air Conditioning,1998.73,73110.07
CLAREMONT PARKWAY-FRANKLIN AVENUE,188,Waste Management,Waste Infrastructure,2173750.48,2173750.48
CLAREMONT REHAB (GROUP 2),107,Apartments,Apartment 504 Access,200000,200000
CLAREMONT REHAB (GROUP 2),107,Apartments,Apartment Bathroom,6102206.88,6102206.88
CLAREMONT REHAB (GROUP 2),107,Apartments,Apartment Entrance Doors,698294.84,698294.84
CLAREMONT REHAB (GROUP 2),107,Apartments,Apartment Kitchen,2607728.6,4103337.65
CLAREMONT REHAB (GROUP 2),107,Apartments,Apartment Renovation,10935981.18,13353806.88
CLAREMONT REHAB (GROUP 2),107,Building Exterior/Facade/Window,Brickwork,251.2,400251.2
CLAREMONT REHAB (GROUP 2),107,Building Exterior/Facade/Window,Building Windows,6246043.36,6246043.36
CLAREMONT REHAB (GROUP 2),107,Building Exterior/Facade/Window,Entrances/Exits,437429.28,437429.28
CLAREMONT REHAB (GROUP 2),107,Building Exterior/Facade/Window,Foundations,128036.1,128036.1
CLAREMONT REHAB (GROUP 2),107,Common Areas/Lobbies,Building Common Area Finishes ,1277882.95,1277882.95
CLAREMONT REHAB (GROUP 2),107,Common Areas/Lobbies,Building Common Areas - Bathroom,56908.45,284542.25
CLAREMONT REHAB (GROUP 2),107,Common Areas/Lobbies,Interior Building Doors,431001.8,431001.8
CLAREMONT REHAB (GROUP 2),107,Common Areas/Lobbies,Interior Building Stairs,1933.27,2758900.72
CLAREMONT REHAB (GROUP 2),107,Common Areas/Lobbies,Non Residential Kitchen,844180.04,844180.04
CLAREMONT REHAB (GROUP 2),107,Elevators,Elevators,2926627.38,2926627.38
CLAREMONT REHAB (GROUP 2),107,Grounds,Building Exterior Walkways and Retaining Walls,114355.96,115139.08
CLAREMONT REHAB (GROUP 2),107,Grounds,Lighting - Exterior Security,311121.66,311121.66
CLAREMONT REHAB (GROUP 2),107,Grounds,Open Spaces,,0
CLAREMONT REHAB (GROUP 2),107,Grounds,Paving - Non-Vehicular Area,276954.4,276954.4
CLAREMONT REHAB (GROUP 2),107,Grounds,Site Fences,159309,159309
CLAREMONT REHAB (GROUP 2),107,Grounds,Stairs / Ramps,158473.4,219176.5
CLAREMONT REHAB (GROUP 2),107,Heating,Common Spaces Radiator / Convector / Baseboard,0,584901.32
CLAREMONT REHAB (GROUP 2),107,Heating,Decarbonization,2530152.05,2530152.05
CLAREMONT REHAB (GROUP 2),107,Heating,Heating System,347081.38,3378480.52
CLAREMONT REHAB (GROUP 2),107,Interior Electrical/Lighting,Electrical System,563584.83,4013739.35
CLAREMONT REHAB (GROUP 2),107,Interior Electrical/Lighting,Emergency and Exit Lighting and Panels,86473.55,86473.55
CLAREMONT REHAB (GROUP 2),107,Interior Electrical/Lighting,Interior Lighting Fixture,640189.28,640189.28
CLAREMONT REHAB (GROUP 2),107,Lead Based Paint,Lead Based Paint,0,0
CLAREMONT REHAB (GROUP 2),107,Plumbing,Building Drainage,58752.96,58752.96
CLAREMONT REHAB (GROUP 2),107,Roofs,Building Roof/Parapets/Misc,3091330.61,3105925.42
CLAREMONT REHAB (GROUP 2),107,Safety And Security,Additional Security,3353422.8,3353422.8
CLAREMONT REHAB (GROUP 2),107,Safety And Security,Intrusion Alarm,214646.58,214646.58
CLAREMONT REHAB (GROUP 2),107,Ventilation/Air Conditioning,Exhaust Fan,1205.38,1205.38
CLAREMONT REHAB (GROUP 2),107,Waste Management,Garbage Chute,1737.36,1737.36
CLAREMONT REHAB (GROUP 2),107,Waste Management,Waste Infrastructure,2241331.39,2241331.39
CLAREMONT REHAB (GROUP 3),115,Apartments,Apartment 504 Access,200000,200000
CLAREMONT REHAB (GROUP 3),115,Apartments,Apartment Bathroom,5963520.36,5963520.36
CLAREMONT REHAB (GROUP 3),115,Apartments,Apartment Entrance Doors,750503.8,750503.8
CLAREMONT REHAB (GROUP 3),115,Apartments,Apartment Kitchen,4410129.25,4410129.25
CLAREMONT REHAB (GROUP 3),115,Apartments,Apartment Renovation,11944924.09,12342125.49
CLAREMONT REHAB (GROUP 3),115,Building Exterior/Facade/Window,Brickwork,4179260.93,4179260.93
CLAREMONT REHAB (GROUP 3),115,Building Exterior/Facade/Window,Building Windows,5696617.91,5696617.91
CLAREMONT REHAB (GROUP 3),115,Building Exterior/Facade/Window,Entrances/Exits,302496.44,302496.44
CLAREMONT REHAB (GROUP 3),115,Building Exterior/Facade/Window,Foundations,55408.5,55408.5
CLAREMONT REHAB (GROUP 3),115,Common Areas/Lobbies,Building Common Area Finishes ,1034272.71,1034272.71
CLAREMONT REHAB (GROUP 3),115,Common Areas/Lobbies,Building Common Areas - Bathroom,170725.35,170725.35
CLAREMONT REHAB (GROUP 3),115,Common Areas/Lobbies,Interior Building Doors,535610.7,535610.7
CLAREMONT REHAB (GROUP 3),115,Common Areas/Lobbies,Interior Building Stairs,4934.63,2010001.87
CLAREMONT REHAB (GROUP 3),115,Common Areas/Lobbies,Non Residential Kitchen,422090.02,422090.02
CLAREMONT REHAB (GROUP 3),115,Elevators,Elevators,1463313.69,1463313.69
CLAREMONT REHAB (GROUP 3),115,Fire Protection,Fire Alarm,724484.16,724484.16
CLAREMONT REHAB (GROUP 3),115,Grounds,Building Exterior Walkways and Retaining Walls,9532.8,9532.8
CLAREMONT REHAB (GROUP 3),115,Grounds,Landscaping,162.6,162.6
CLAREMONT REHAB (GROUP 3),115,Grounds,Lighting - Exterior Security,410915.4,410915.4
CLAREMONT REHAB (GROUP 3),115,Grounds,Open Spaces,,0
CLAREMONT REHAB (GROUP 3),115,Grounds,Paving - Non-Vehicular Area,13555.75,13555.75
CLAREMONT REHAB (GROUP 3),115,Grounds,Site Fences,201791.4,201791.4
CLAREMONT REHAB (GROUP 3),115,Grounds,Stairs / Ramps,73490.65,78283
CLAREMONT REHAB (GROUP 3),115,Heating,Common Spaces Radiator / Convector / Baseboard,,670916.22
CLAREMONT REHAB (GROUP 3),115,Heating,Decarbonization,2554021.41,2554021.41
CLAREMONT REHAB (GROUP 3),115,Heating,Heating System,4318.47,2296863.47
CLAREMONT REHAB (GROUP 3),115,Interior Electrical/Lighting,Electrical System,375723.22,3183994.97
CLAREMONT REHAB (GROUP 3),115,Interior Electrical/Lighting,Emergency and Exit Lighting and Panels,173335.95,173335.95
CLAREMONT REHAB (GROUP 3),115,Interior Electrical/Lighting,Interior Lighting Fixture,540341.78,540341.78
CLAREMONT REHAB (GROUP 3),115,Lead Based Paint,Lead Based Paint,0,0
CLAREMONT REHAB (GROUP 3),115,Plumbing,Building Drainage,354.69,354.69
CLAREMONT REHAB (GROUP 3),115,Roofs,Building Roof/Parapets/Misc,3108250.61,3122845.42
CLAREMONT REHAB (GROUP 3),115,Safety And Security,Additional Security,2774566.2,2774566.2
CLAREMONT REHAB (GROUP 3),115,Safety And Security,Intrusion Alarm,107323.29,107323.29
CLAREMONT REHAB (GROUP 3),115,Ventilation/Air Conditioning,Building Ductwork,430.85,430.85
CLAREMONT REHAB (GROUP 3),115,Ventilation/Air Conditioning,Exhaust Fan,1205.38,1205.38
CLAREMONT REHAB (GROUP 3),115,Waste Management,Waste Infrastructure,2511655.02,2511655.02
CLAREMONT REHAB (GROUP 4),150,Apartments,Apartment 504 Access,400000,400000
CLAREMONT REHAB (GROUP 4),150,Apartments,Apartment Bathroom,9476912.2,9476912.2
CLAREMONT REHAB (GROUP 4),150,Apartments,Apartment Entrance Doors,978918,978918
CLAREMONT REHAB (GROUP 4),150,Apartments,Apartment Kitchen,5752342.5,5752342.5
CLAREMONT REHAB (GROUP 4),150,Apartments,Apartment Renovation,13506314.87,14251062.05
CLAREMONT REHAB (GROUP 4),150,Building Exterior/Facade/Window,Brickwork,16504.32,16504.32
CLAREMONT REHAB (GROUP 4),150,Building Exterior/Facade/Window,Building Windows,7449943.51,7449943.51
CLAREMONT REHAB (GROUP 4),150,Building Exterior/Facade/Window,Entrances/Exits,563982.12,563982.12
CLAREMONT REHAB (GROUP 4),150,Building Exterior/Facade/Window,Fire Escapes,4705345.08,6099521.4
CLAREMONT REHAB (GROUP 4),150,Building Exterior/Facade/Window,Foundations,560328.96,560328.96
CLAREMONT REHAB (GROUP 4),150,Common Areas/Lobbies,Building Common Area Finishes ,1062249.05,1062249.05
CLAREMONT REHAB (GROUP 4),150,Common Areas/Lobbies,Building Common Areas - Bathroom,56908.45,56908.45
CLAREMONT REHAB (GROUP 4),150,Common Areas/Lobbies,Interior Building Doors,517435.3,517435.3
CLAREMONT REHAB (GROUP 4),150,Common Areas/Lobbies,Interior Building Stairs,134251.68,3768436.06
CLAREMONT REHAB (GROUP 4),150,Elevators,Elevators,964526.81,964526.81
CLAREMONT REHAB (GROUP 4),150,Grounds,Building Exterior Walkways and Retaining Walls,157052.29,159010.09
CLAREMONT REHAB (GROUP 4),150,Grounds,Lighting - Exterior Security,457877.16,457877.16
CLAREMONT REHAB (GROUP 4),150,Grounds,Open Spaces,,0
CLAREMONT REHAB (GROUP 4),150,Grounds,Paving - Non-Vehicular Area,406463.95,406463.95
CLAREMONT REHAB (GROUP 4),150,Grounds,Site Fences,500938.3,500938.3
CLAREMONT REHAB (GROUP 4),150,Grounds,Stairs / Ramps,83726.32,184685.16
CLAREMONT REHAB (GROUP 4),150,Heating,Common Spaces Radiator / Convector / Baseboard,51608.94,318255.13
CLAREMONT REHAB (GROUP 4),150,Heating,Decarbonization,6930362.94,6930362.94
CLAREMONT REHAB (GROUP 4),150,Heating,Heating System,2494.96,2494.96
CLAREMONT REHAB (GROUP 4),150,Heating,Through Wall/Window Heat Pump,4986.66,4986.66
CLAREMONT REHAB (GROUP 4),150,Interior Electrical/Lighting,Electrical System,1880085.35,5498673.69
CLAREMONT REHAB (GROUP 4),150,Interior Electrical/Lighting,Emergency and Exit Lighting and Panels,39432.12,39432.12
CLAREMONT REHAB (GROUP 4),150,Interior Electrical/Lighting,Interior Lighting Fixture,757037.44,757037.44
CLAREMONT REHAB (GROUP 4),150,Lead Based Paint,Lead Based Paint,150000,150000
CLAREMONT REHAB (GROUP 4),150,Plumbing,Building Drainage,205635.36,205635.36
CLAREMONT REHAB (GROUP 4),150,Plumbing,Domestic Hot Water System,203701.96,500396.27
CLAREMONT REHAB (GROUP 4),150,Roofs,Building Roof/Parapets/Misc,3506.4,3506.4
CLAREMONT REHAB (GROUP 4),150,Safety And Security,Additional Security,4302660.6,4302660.6
CLAREMONT REHAB (GROUP 4),150,Safety And Security,Intrusion Alarm,965909.61,965909.61
CLAREMONT REHAB (GROUP 4),150,Ventilation/Air Conditioning,Building Ductwork,861.7,861.7
CLAREMONT REHAB (GROUP 4),150,Ventilation/Air Conditioning,Exhaust Fan,2890.8,2890.8
CLAREMONT REHAB (GROUP 4),150,Waste Management,Garbage Chute,1737.36,1737.36
CLAREMONT REHAB (GROUP 4),150,Waste Management,Waste Infrastructure,2579235.93,2579235.93
CLAREMONT REHAB (GROUP 5),135,Apartments,Apartment 504 Access,400000,400000
CLAREMONT REHAB (GROUP 5),135,Apartments,Apartment Bathroom,6564495.28,6564495.28
CLAREMONT REHAB (GROUP 5),135,Apartments,Apartment Entrance Doors,881026.2,881026.2
CLAREMONT REHAB (GROUP 5),135,Apartments,Apartment Kitchen,5177108.25,5177108.25
CLAREMONT REHAB (GROUP 5),135,Apartments,Apartment Renovation,13179015.34,13179015.34
CLAREMONT REHAB (GROUP 5),135,Building Exterior/Facade/Window,Brickwork,411428.6,411428.6
CLAREMONT REHAB (GROUP 5),135,Building Exterior/Facade/Window,Building Windows,6928037.95,6928037.95
CLAREMONT REHAB (GROUP 5),135,Building Exterior/Facade/Window,Entrances/Exits,388102.44,388102.44
CLAREMONT REHAB (GROUP 5),135,Building Exterior/Facade/Window,Fire Escapes,3485440.8,3485440.8
CLAREMONT REHAB (GROUP 5),135,Building Exterior/Facade/Window,Foundations,54360.08,54360.08
CLAREMONT REHAB (GROUP 5),135,Common Areas/Lobbies,Building Common Area Finishes ,1282862.18,1282862.18
CLAREMONT REHAB (GROUP 5),135,Common Areas/Lobbies,Building Common Areas - Bathroom,,56908.45
CLAREMONT REHAB (GROUP 5),135,Common Areas/Lobbies,Interior Building Doors,520391.65,520391.65
CLAREMONT REHAB (GROUP 5),135,Common Areas/Lobbies,Interior Building Stairs,,2756967.46
CLAREMONT REHAB (GROUP 5),135,Elevators,Elevators,1929053.62,1929053.62
CLAREMONT REHAB (GROUP 5),135,Grounds,Lighting - Exterior Security,264159.9,264159.9
CLAREMONT REHAB (GROUP 5),135,Grounds,Open Spaces,,0
CLAREMONT REHAB (GROUP 5),135,Grounds,Paving - Non-Vehicular Area,208550,208550
CLAREMONT REHAB (GROUP 5),135,Grounds,Site Fences,106206,106206
CLAREMONT REHAB (GROUP 5),135,Grounds,Stairs / Ramps,73482.7,96376.2
CLAREMONT REHAB (GROUP 5),135,Heating,Common Spaces Radiator / Convector / Baseboard,,541893.87
CLAREMONT REHAB (GROUP 5),135,Heating,Decarbonization,6000112.88,6000112.88
CLAREMONT REHAB (GROUP 5),135,Interior Electrical/Lighting,Electrical System,939308.05,4113063.84
CLAREMONT REHAB (GROUP 5),135,Interior Electrical/Lighting,Emergency and Exit Lighting and Panels,8902.52,8902.52
CLAREMONT REHAB (GROUP 5),135,Interior Electrical/Lighting,Interior Lighting Fixture,575245.62,575245.62
CLAREMONT REHAB (GROUP 5),135,Lead Based Paint,Lead Based Paint,0,0
CLAREMONT REHAB (GROUP 5),135,Plumbing,Building Drainage,29376.48,29376.48
CLAREMONT REHAB (GROUP 5),135,Plumbing,Domestic Hot Water System,22326.18,260900.58
CLAREMONT REHAB (GROUP 5),135,Plumbing,Gas Risers,3236.53,3236.53
CLAREMONT REHAB (GROUP 5),135,Roofs,Building Roof/Parapets/Misc,10968244.64,11407893.15
CLAREMONT REHAB (GROUP 5),135,Safety And Security,Additional Security,2556330,2556330
CLAREMONT REHAB (GROUP 5),135,Safety And Security,Intrusion Alarm,,107323.29
CLAREMONT REHAB (GROUP 5),135,Waste Management,Waste Infrastructure,2173750.48,2173750.48
CLASON POINT GARDENS,401,Apartments,Apartment 504 Access,1000000,1000000
CLASON POINT GARDENS,401,Apartments,Apartment Bathroom,18537764.84,18537764.84
CLASON POINT GARDENS,401,Apartments,Apartment Kitchen,15377928.95,15377928.95
CLASON POINT GARDENS,401,Apartments,Apartment Renovation,27872139.87,30105518.76
CLASON POINT GARDENS,401,Building Exterior/Facade/Window,Brickwork,512296.4,512296.4
CLASON POINT GARDENS,401,Building Exterior/Facade/Window,Building Windows,16568348.17,16568348.17
CLASON POINT GARDENS,401,Building Exterior/Facade/Window,Entrances/Exits,16774486.77,16774486.77
CLASON POINT GARDENS,401,Building Exterior/Facade/Window,Foundations,45232.78,45232.78
CLASON POINT GARDENS,401,Common Areas/Lobbies,Building Common Area Finishes ,673203.11,673203.11
CLASON POINT GARDENS,401,Common Areas/Lobbies,Building Common Areas - Bathroom,113816.9,113816.9
CLASON POINT GARDENS,401,Common Areas/Lobbies,Interior Building Doors,50993.2,50993.2
CLASON POINT GARDENS,401,Fire Protection,Fire Sprinkler,5162.2,31855
CLASON POINT GARDENS,401,Grounds,Building Exterior Walkways and Retaining Walls,126040.25,132696.77
CLASON POINT GARDENS,401,Grounds,Fixed Site Equipment,8715.08,8715.08
CLASON POINT GARDENS,401,Grounds,Open Spaces,,0
CLASON POINT GARDENS,401,Grounds,Parking Lot,1317506.1,1317506.1
CLASON POINT GARDENS,401,Grounds,Paving - Non-Vehicular Area,4108435,4108435
CLASON POINT GARDENS,401,Grounds,Site Fences,14421004.7,14421004.7
CLASON POINT GARDENS,401,Grounds,Site Lighting,1438552.5,1438552.5
CLASON POINT GARDENS,401,Grounds,Site Walls (Not Retaining Walls),14053.86,14053.86
CLASON POINT GARDENS,401,Grounds,Stairs / Ramps,316522.44,1547197.92
CLASON POINT GARDENS,401,Grounds,Storm Piping,835314,835314
CLASON POINT GARDENS,401,Heating,Decarbonization,44166846.85,44166846.85
CLASON POINT GARDENS,401,Heating,Through Wall/Window Heat Pump,506.83,506.83
CLASON POINT GARDENS,401,Interior Electrical/Lighting,Electrical System,563584.83,1549499.89
CLASON POINT GARDENS,401,Interior Electrical/Lighting,Emergency and Exit Lighting and Panels,,26820.52
CLASON POINT GARDENS,401,Lead Based Paint,Lead Based Paint,2249297.22,2249297.22
CLASON POINT GARDENS,401,Plumbing,Building Drainage,7981827.91,8011204.39
CLASON POINT GARDENS,401,Plumbing,Building Sewage System,4915337.13,4915337.13
CLASON POINT GARDENS,401,Plumbing,Domestic Water System,17831931.34,18513704.54
CLASON POINT GARDENS,401,Plumbing,Non Residential Spaces Plumbing Fixtures,4032.53,4032.53
CLASON POINT GARDENS,401,Plumbing,Underground Hydronic Piping,4017078,4017078
CLASON POINT GARDENS,401,Roofs,Building Roof/Parapets/Misc,26068766.53,26068766.53
CLASON POINT GARDENS,401,Safety And Security,Additional Security,4600000,4600000
CLASON POINT GARDENS,401,Ventilation/Air Conditioning,Air Conditioning,2439.29,2439.29
CLASON POINT GARDENS,401,Waste Management,Waste Infrastructure,2005727.33,2005727.33
CLINTON,749,Apartments,Apartment 504 Access,1800000,1800000
CLINTON,749,Apartments,Apartment Bathroom,40265319.64,40265319.64
CLINTON,749,Apartments,Apartment Entrance Doors,4888063.88,4888063.88
CLINTON,749,Apartments,Apartment Kitchen,28608316.7,28608316.7
CLINTON,749,Apartments,Apartment Renovation,57934870.81,61202563.63
CLINTON,749,Building Exterior/Facade/Window,Brickwork,19016267.27,19016267.27
CLINTON,749,Building Exterior/Facade/Window,Building Windows,26609102.48,26609102.48
CLINTON,749,Building Exterior/Facade/Window,Entrances/Exits,631032.2,631032.2
CLINTON,749,Building Exterior/Facade/Window,Foundations,14114.75,14114.75
CLINTON,749,Common Areas/Lobbies,Building Common Area Finishes ,4138295.1,4138295.1
CLINTON,749,Common Areas/Lobbies,Building Common Areas - Bathroom,1422711.25,1593436.6
CLINTON,749,Common Areas/Lobbies,Building Gymnasium,130950,130950
CLINTON,749,Common Areas/Lobbies,Interior Building Doors,2828107.1,2828107.1
CLINTON,749,Common Areas/Lobbies,Interior Building Stairs,,13032937.06
CLINTON,749,Common Areas/Lobbies,Non Residential Kitchen,1700240.8,1700240.8
CLINTON,749,Elevators,Elevators,,17789408.1
CLINTON,749,Fire Protection,Fire Alarm,,175669.98
CLINTON,749,Fire Protection,Fire Sprinkler,4448.8,4448.8
CLINTON,749,Fire Protection,Standpipe System,41873.38,41873.38
CLINTON,749,Grounds,Building Exterior Walkways and Retaining Walls,92272.8,111850.8
CLINTON,749,Grounds,Lighting - Exterior Security,102210.18,119820.84
CLINTON,749,Grounds,Open Spaces,,5131098.66
CLINTON,749,Grounds,Parking Lot,747691.2,747691.2
CLINTON,749,Grounds,Paving - Non-Vehicular Area,6256500,6256500
CLINTON,749,Grounds,Playgrounds,803213.04,803213.04
CLINTON,749,Grounds,Site Fences,3699509,3699509
CLINTON,749,Grounds,Site Lighting,135712.5,135712.5
CLINTON,749,Grounds,Stairs / Ramps,156766.98,294147.68
CLINTON,749,Heating,Decarbonization,77590230,77590230
CLINTON,749,Heating,Through Wall/Window Heat Pump,2116.75,2116.75
CLINTON,749,Interior Electrical/Lighting,Electrical System,721779.47,912464.42
CLINTON,749,Interior Electrical/Lighting,Emergency and Exit Lighting and Panels,94497.08,94497.08
CLINTON,749,Interior Electrical/Lighting,Interior Lighting Fixture,3935137.5,3987353.79
CLINTON,749,Interior Electrical/Lighting,Telephone/Intercom,,444674.88
CLINTON,749,Lead Based Paint,Lead Based Paint,6495967.38,6495967.38
CLINTON,749,Plumbing,Building Drainage,118907.55,118907.55
CLINTON,749,Plumbing,Domestic Water System,6865.5,6865.5
CLINTON,749,Plumbing,Non Residential Spaces Plumbing Fixtures,6802.12,6802.12
CLINTON,749,Plumbing,Roof Tank,1482201.95,1645848.85
CLINTON,749,Plumbing,Underground Hydronic Piping,,1339026
CLINTON,749,Plumbing,Underground Natural Gas Piping,,646996
CLINTON,749,Roofs,Building Roof/Parapets/Misc,7276815.72,7276815.72
CLINTON,749,Safety And Security,Additional Security,4864377,4864377
CLINTON,749,Safety And Security,Intrusion Alarm,,107323.29
CLINTON,749,Ventilation/Air Conditioning,Air Conditioning,4878.58,368423.61
CLINTON,749,Waste Management,Waste Infrastructure,1992081.6,1992081.6
COLLEGE AVENUE-EAST 165TH STREET,95,Apartments,Apartment 504 Access,200000,200000
COLLEGE AVENUE-EAST 165TH STREET,95,Apartments,Apartment Bathroom,4391739.8,4391739.8
COLLEGE AVENUE-EAST 165TH STREET,95,Apartments,Apartment Entrance Doors,619981.4,619981.4
COLLEGE AVENUE-EAST 165TH STREET,95,Apartments,Apartment Kitchen,3643150.25,3643150.25
COLLEGE AVENUE-EAST 165TH STREET,95,Apartments,Apartment Renovation,5955139.22,6019476.74
COLLEGE AVENUE-EAST 165TH STREET,95,Building Exterior/Facade/Window,Brickwork,,400000
COLLEGE AVENUE-EAST 165TH STREET,95,Building Exterior/Facade/Window,Building Windows,1724336.88,1724336.88
COLLEGE AVENUE-EAST 165TH STREET,95,Building Exterior/Facade/Window,Entrances/Exits,99007.76,99007.76
COLLEGE AVENUE-EAST 165TH STREET,95,Building Exterior/Facade/Window,Foundations,9005.8,9005.8
COLLEGE AVENUE-EAST 165TH STREET,95,Common Areas/Lobbies,Building Common Area Finishes ,748970.19,748970.19
COLLEGE AVENUE-EAST 165TH STREET,95,Common Areas/Lobbies,Building Common Areas - Bathroom,56908.45,227633.8
COLLEGE AVENUE-EAST 165TH STREET,95,Common Areas/Lobbies,Interior Building Doors,234532.3,234532.3
COLLEGE AVENUE-EAST 165TH STREET,95,Common Areas/Lobbies,Interior Building Stairs,,1127850.32
COLLEGE AVENUE-EAST 165TH STREET,95,Common Areas/Lobbies,Non Residential Kitchen,23190.56,445280.58
COLLEGE AVENUE-EAST 165TH STREET,95,Elevators,Elevators,2926627.38,2926627.38
COLLEGE AVENUE-EAST 165TH STREET,95,Grounds,Fixed Site Equipment,4357.54,4357.54
COLLEGE AVENUE-EAST 165TH STREET,95,Grounds,Open Spaces,,0
COLLEGE AVENUE-EAST 165TH STREET,95,Grounds,Paving - Non-Vehicular Area,96141.55,96141.55
COLLEGE AVENUE-EAST 165TH STREET,95,Grounds,Site Fences,53103,53103
COLLEGE AVENUE-EAST 165TH STREET,95,Grounds,Stairs / Ramps,,9584.7
COLLEGE AVENUE-EAST 165TH STREET,95,Heating,Common Spaces Radiator / Convector / Baseboard,,129022.35
COLLEGE AVENUE-EAST 165TH STREET,95,Heating,Decarbonization,4418687.78,4418687.78
COLLEGE AVENUE-EAST 165TH STREET,95,Interior Electrical/Lighting,Electrical System,,1091350.02
COLLEGE AVENUE-EAST 165TH STREET,95,Interior Electrical/Lighting,Emergency and Exit Lighting and Panels,20733.26,20733.26
COLLEGE AVENUE-EAST 165TH STREET,95,Interior Electrical/Lighting,Interior Lighting Fixture,317232.84,317232.84
COLLEGE AVENUE-EAST 165TH STREET,95,Lead Based Paint,Lead Based Paint,685806.3,685806.3
COLLEGE AVENUE-EAST 165TH STREET,95,Plumbing,Building Drainage,14688.24,14688.24
COLLEGE AVENUE-EAST 165TH STREET,95,Plumbing,Domestic Hot Water System,7442.06,86966.86
COLLEGE AVENUE-EAST 165TH STREET,95,Plumbing,Underground Hydronic Piping,,89268.4
COLLEGE AVENUE-EAST 165TH STREET,95,Plumbing,Underground Natural Gas Piping,,36971.2
COLLEGE AVENUE-EAST 165TH STREET,95,Roofs,Building Roof/Parapets/Misc,1406373.64,1406373.64
COLLEGE AVENUE-EAST 165TH STREET,95,Safety And Security,Additional Security,919837.8,919837.8
COLLEGE AVENUE-EAST 165TH STREET,95,Safety And Security,Intrusion Alarm,,107323.29
COLLEGE AVENUE-EAST 165TH STREET,95,Waste Management,Waste Infrastructure,84940.69,84940.69
CONEY ISLAND,534,Apartments,Apartment 504 Access,1200000,1200000
CONEY ISLAND,534,Apartments,Apartment Bathroom,24362598.68,24362598.68
CONEY ISLAND,534,Apartments,Apartment Entrance Doors,3484948.08,3484948.08
CONEY ISLAND,534,Apartments,Apartment Kitchen,20209896.65,20209896.65
CONEY ISLAND,534,Apartments,Apartment Renovation,53485794.89,56424368.16
CONEY ISLAND,534,Building Exterior/Facade/Window,Brickwork,13082876.88,13082876.88
CONEY ISLAND,534,Building Exterior/Facade/Window,Building Windows,126943.2,126943.2
CONEY ISLAND,534,Building Exterior/Facade/Window,Entrances/Exits,193829.76,193829.76
CONEY ISLAND,534,Building Exterior/Facade/Window,Foundations,19355.5,19355.5
CONEY ISLAND,534,Common Areas/Lobbies,Building Common Area Finishes ,3633097.49,3633097.49
CONEY ISLAND,534,Common Areas/Lobbies,Building Common Areas - Bathroom,,227633.8
CONEY ISLAND,534,Common Areas/Lobbies,Interior Building Doors,1627569.3,1627569.3
CONEY ISLAND,534,Common Areas/Lobbies,Interior Building Stairs,,9461411.04
CONEY ISLAND,534,Common Areas/Lobbies,Non Residential Kitchen,1266270.06,1266270.06
CONEY ISLAND,534,Elevators,Elevators,14633136.9,14633136.9
CONEY ISLAND,534,Fire Protection,Standpipe System,63341.28,690443.28
CONEY ISLAND,534,Grounds,Building Exterior Walkways and Retaining Walls,139848.9,139848.9
CONEY ISLAND,534,Grounds,Fixed Site Equipment,21787.7,21787.7
CONEY ISLAND,534,Grounds,Open Spaces,,0
CONEY ISLAND,534,Grounds,Parking Lot,1296792.9,1296792.9
CONEY ISLAND,534,Grounds,Paving - Non-Vehicular Area,1849421.4,1849421.4
CONEY ISLAND,534,Grounds,Site Fences,2556024.4,2556024.4
CONEY ISLAND,534,Grounds,Stairs / Ramps,1679.2,46407.8
CONEY ISLAND,534,Grounds,Storm Piping,,1127673.9
CONEY ISLAND,534,Heating,Building Steam Piping,27012965,27012965
CONEY ISLAND,534,Heating,Common Spaces Radiator / Convector / Baseboard,,163428.31
CONEY ISLAND,534,Heating,Decarbonization,0,0
CONEY ISLAND,534,Heating,Underground Steam and Condensate Return Piping,2421055.7,2421055.7
CONEY ISLAND,534,Interior Electrical/Lighting,Electrical System,163361.35,1140806.39
CONEY ISLAND,534,Interior Electrical/Lighting,Emergency and Exit Lighting and Panels,8578.79,52375.95
CONEY ISLAND,534,Interior Electrical/Lighting,Interior Lighting Fixture,1479191.75,1479191.75
CONEY ISLAND,534,Lead Based Paint,Lead Based Paint,4406893.08,4406893.08
CONEY ISLAND,534,Plumbing,Building Drainage,,769797
CONEY ISLAND,534,Plumbing,Building Sewage System,,2657632.5
CONEY ISLAND,534,Plumbing,Domestic Hot Water System,343765.3,343765.3
CONEY ISLAND,534,Plumbing,Domestic Water System,,18490752.5
CONEY ISLAND,534,Plumbing,Gas Risers,,5069127.5
CONEY ISLAND,534,Plumbing,Roof Tank,1138364.78,1138364.78
CONEY ISLAND,534,Plumbing,Underground Hydronic Piping,1740733.8,1740733.8
CONEY ISLAND,534,Plumbing,Underground Natural Gas Piping,693210,693210
CONEY ISLAND,534,Roofs,Building Roof/Parapets/Misc,1886,1886
CONEY ISLAND,534,Safety And Security,Additional Security,2801173.2,2801173.2
CONEY ISLAND,534,Ventilation/Air Conditioning,Building Ductwork,1723.4,1723.4
CONEY ISLAND,534,Waste Management,Garbage Chute,13949.76,13949.76
CONEY ISLAND,534,Waste Management,Waste Infrastructure,2360991.64,2360991.64
CONEY ISLAND I (SITE 1B),193,Apartments,Apartment 504 Access,400000,400000
CONEY ISLAND I (SITE 1B),193,Apartments,Apartment Bathroom,8922166.12,8922166.12
CONEY ISLAND I (SITE 1B),193,Apartments,Apartment Entrance Doors,1259541.16,1259541.16
CONEY ISLAND I (SITE 1B),193,Apartments,Apartment Kitchen,7401347.35,7401347.35
CONEY ISLAND I (SITE 1B),193,Apartments,Apartment Renovation,21298865.1,22167293.5
CONEY ISLAND I (SITE 1B),193,Building Exterior/Facade/Window,Brickwork,3538854.95,3538854.95
CONEY ISLAND I (SITE 1B),193,Building Exterior/Facade/Window,Building Windows,7270570.04,7270570.04
CONEY ISLAND I (SITE 1B),193,Building Exterior/Facade/Window,Entrances/Exits,48457.44,48457.44
CONEY ISLAND I (SITE 1B),193,Building Exterior/Facade/Window,Foundations,695.5,695.5
CONEY ISLAND I (SITE 1B),193,Common Areas/Lobbies,Building Common Area Finishes ,1714228.2,1714228.2
CONEY ISLAND I (SITE 1B),193,Common Areas/Lobbies,Building Common Areas - Bathroom,,227633.8
CONEY ISLAND I (SITE 1B),193,Common Areas/Lobbies,Interior Building Doors,504990.5,504990.5
CONEY ISLAND I (SITE 1B),193,Common Areas/Lobbies,Interior Building Stairs,,3508867.67
CONEY ISLAND I (SITE 1B),193,Common Areas/Lobbies,Non Residential Kitchen,422090.02,422090.02
CONEY ISLAND I (SITE 1B),193,Elevators,Elevators,4389941.07,4389941.07
CONEY ISLAND I (SITE 1B),193,Fire Protection,Standpipe System,36781.91,36781.91
CONEY ISLAND I (SITE 1B),193,Grounds,Building Exterior Walkways and Retaining Walls,3688.2,3688.2
CONEY ISLAND I (SITE 1B),193,Grounds,Fixed Site Equipment,2720.29,2720.29
CONEY ISLAND I (SITE 1B),193,Grounds,Landscaping,2195.1,2195.1
CONEY ISLAND I (SITE 1B),193,Grounds,Lighting - Exterior Security,211327.92,211327.92
CONEY ISLAND I (SITE 1B),193,Grounds,Open Spaces,,0
CONEY ISLAND I (SITE 1B),193,Grounds,Paving - Non-Vehicular Area,1719077.65,1719077.65
CONEY ISLAND I (SITE 1B),193,Grounds,Site Fences,982405.5,982405.5
CONEY ISLAND I (SITE 1B),193,Grounds,Site Walls (Not Retaining Walls),2167.2,2167.2
CONEY ISLAND I (SITE 1B),193,Grounds,Stairs / Ramps,17566.2,104735.7
CONEY ISLAND I (SITE 1B),193,Heating,Building Steam Piping,,8765431.5
CONEY ISLAND I (SITE 1B),193,Heating,Common Spaces Radiator / Convector / Baseboard,249443.21,249443.21
CONEY ISLAND I (SITE 1B),193,Heating,Decarbonization,0,0
CONEY ISLAND I (SITE 1B),193,Heating,Underground Steam and Condensate Return Piping,,395274.4
CONEY ISLAND I (SITE 1B),193,Interior Electrical/Lighting,Electrical System,528271.18,1997155.78
CONEY ISLAND I (SITE 1B),193,Interior Electrical/Lighting,Emergency and Exit Lighting and Panels,1363.85,29234.77
CONEY ISLAND I (SITE 1B),193,Interior Electrical/Lighting,Interior Lighting Fixture,831688.92,831688.92
CONEY ISLAND I (SITE 1B),193,Lead Based Paint,Lead Based Paint,2003992.26,2003992.26
CONEY ISLAND I (SITE 1B),193,Plumbing,Building Sewage System,,78733.84
CONEY ISLAND I (SITE 1B),193,Plumbing,Domestic Hot Water System,,14884.12
CONEY ISLAND I (SITE 1B),193,Plumbing,Roof Tank,1056541.33,1056541.33
CONEY ISLAND I (SITE 1B),193,Plumbing,Underground Hydronic Piping,,312439.4
CONEY ISLAND I (SITE 1B),193,Plumbing,Underground Natural Gas Piping,,101670.8
CONEY ISLAND I (SITE 1B),193,Safety And Security,Additional Security,767692.8,767692.8
CONEY ISLAND I (SITE 1B),193,Waste Management,Waste Infrastructure,2044375.26,2044375.26
CONEY ISLAND I (SITE 8),125,Apartments,Apartment 504 Access,200000,200000
CONEY ISLAND I (SITE 8),125,Apartments,Apartment Bathroom,6610724.12,6610724.12
CONEY ISLAND I (SITE 8),125,Apartments,Apartment Entrance Doors,815765,815765
CONEY ISLAND I (SITE 8),125,Apartments,Apartment Kitchen,4793618.75,4793618.75
CONEY ISLAND I (SITE 8),125,Apartments,Apartment Renovation,13722687.66,13722687.66
CONEY ISLAND I (SITE 8),125,Building Exterior/Facade/Window,Brickwork,2616449.78,2616449.78
CONEY ISLAND I (SITE 8),125,Building Exterior/Facade/Window,Building Windows,4540167.21,4540167.21
CONEY ISLAND I (SITE 8),125,Building Exterior/Facade/Window,Entrances/Exits,48457.44,100883.5
CONEY ISLAND I (SITE 8),125,Building Exterior/Facade/Window,Foundations,22495.9,22495.9
CONEY ISLAND I (SITE 8),125,Common Areas/Lobbies,Building Common Area Finishes ,537448.32,537448.32
CONEY ISLAND I (SITE 8),125,Common Areas/Lobbies,Building Common Areas - Bathroom,,113816.9
CONEY ISLAND I (SITE 8),125,Common Areas/Lobbies,Interior Building Doors,216781.8,216781.8
CONEY ISLAND I (SITE 8),125,Common Areas/Lobbies,Interior Building Stairs,11294.27,2705603.37
CONEY ISLAND I (SITE 8),125,Common Areas/Lobbies,Non Residential Kitchen,422090.02,422090.02
CONEY ISLAND I (SITE 8),125,Elevators,Elevators,2926627.38,2926627.38
CONEY ISLAND I (SITE 8),125,Fire Protection,Standpipe System,13551.23,13551.23
CONEY ISLAND I (SITE 8),125,Grounds,Building Exterior Walkways and Retaining Walls,87598.6,87598.6
CONEY ISLAND I (SITE 8),125,Grounds,Fixed Site Equipment,4357.54,4357.54
CONEY ISLAND I (SITE 8),125,Grounds,Landscaping,1869.9,1869.9
CONEY ISLAND I (SITE 8),125,Grounds,Lighting - Exterior Security,240679.02,240679.02
CONEY ISLAND I (SITE 8),125,Grounds,Open Spaces,,0
CONEY ISLAND I (SITE 8),125,Grounds,Parking Lot,697728,697728
CONEY ISLAND I (SITE 8),125,Grounds,Paving - Non-Vehicular Area,572261.2,572261.2
CONEY ISLAND I (SITE 8),125,Grounds,Playgrounds,231604.8,231604.8
CONEY ISLAND I (SITE 8),125,Grounds,Site Fences,628385.5,628385.5
CONEY ISLAND I (SITE 8),125,Grounds,Site Lighting,171902.5,171902.5
CONEY ISLAND I (SITE 8),125,Grounds,Stairs / Ramps,45146.75,121824.35
CONEY ISLAND I (SITE 8),125,Heating,Building Steam Piping,23402.83,4753428.13
CONEY ISLAND I (SITE 8),125,Heating,Common Spaces Radiator / Convector / Baseboard,,94616.39
CONEY ISLAND I (SITE 8),125,Heating,Decarbonization,0,0
CONEY ISLAND I (SITE 8),125,Interior Electrical/Lighting,Electrical System,228821.94,617607.68
CONEY ISLAND I (SITE 8),125,Interior Electrical/Lighting,Emergency and Exit Lighting and Panels,1363.85,25043.13
CONEY ISLAND I (SITE 8),125,Interior Electrical/Lighting,Interior Lighting Fixture,450939.14,450939.14
CONEY ISLAND I (SITE 8),125,Lead Based Paint,Lead Based Paint,125000,125000
CONEY ISLAND I (SITE 8),125,Plumbing,Building Drainage,,14688.24
CONEY ISLAND I (SITE 8),125,Plumbing,Building Sewage System,,78733.84
CONEY ISLAND I (SITE 8),125,Plumbing,Domestic Hot Water System,,7442.06
CONEY ISLAND I (SITE 8),125,Plumbing,Roof Tank,1056541.33,1056541.33
CONEY ISLAND I (SITE 8),125,Plumbing,Underground Hydronic Piping,,223171
CONEY ISLAND I (SITE 8),125,Plumbing,Underground Natural Gas Piping,,92428
CONEY ISLAND I (SITE 8),125,Roofs,Building Roof/Parapets/Misc,1450695.25,1450695.25
CONEY ISLAND I (SITE 8),125,Safety And Security,Additional Security,919837.8,919837.8
CONEY ISLAND I (SITE 8),125,Safety And Security,CCTV,280561.96,280561.96
CONEY ISLAND I (SITE 8),125,Safety And Security,Intrusion Alarm,,107323.29
CONEY ISLAND I (SITE 8),125,Ventilation/Air Conditioning,Exhaust Fan,1445.4,1445.4
CONEY ISLAND I (SITE 8),125,Waste Management,Waste Infrastructure,96513.88,96513.88
CONEY ISLAND I (SITES 4 & 5),376,Apartments,Apartment 504 Access,800000,800000
CONEY ISLAND I (SITES 4 & 5),376,Apartments,Apartment Bathroom,18815137.88,18815137.88
CONEY ISLAND I (SITES 4 & 5),376,Apartments,Apartment Entrance Doors,2453821.12,2453821.12
CONEY ISLAND I (SITES 4 & 5),376,Apartments,Apartment Kitchen,14380856.25,14380856.25
CONEY ISLAND I (SITES 4 & 5),376,Apartments,Apartment Renovation,39079532.79,41103710.05
CONEY ISLAND I (SITES 4 & 5),376,Building Exterior/Facade/Window,Brickwork,3337962.93,3337962.93
CONEY ISLAND I (SITES 4 & 5),376,Building Exterior/Facade/Window,Building Windows,12970055.52,12970055.52
CONEY ISLAND I (SITES 4 & 5),376,Building Exterior/Facade/Window,Entrances/Exits,163923.88,163923.88
CONEY ISLAND I (SITES 4 & 5),376,Building Exterior/Facade/Window,Foundations,10087.05,10087.05
CONEY ISLAND I (SITES 4 & 5),376,Common Areas/Lobbies,Building Common Area Finishes ,1457543.87,1457543.87
CONEY ISLAND I (SITES 4 & 5),376,Common Areas/Lobbies,Interior Building Doors,479524.25,479524.25
CONEY ISLAND I (SITES 4 & 5),376,Common Areas/Lobbies,Interior Building Stairs,,6453810.18
CONEY ISLAND I (SITES 4 & 5),376,Elevators,Elevators,8779882.14,8779882.14
CONEY ISLAND I (SITES 4 & 5),376,Grounds,Building Exterior Walkways and Retaining Walls,102245.8,102245.8
CONEY ISLAND I (SITES 4 & 5),376,Grounds,Fixed Site Equipment,13072.62,13072.62
CONEY ISLAND I (SITES 4 & 5),376,Grounds,Lighting - Exterior Security,358083.42,358083.42
CONEY ISLAND I (SITES 4 & 5),376,Grounds,Open Spaces,,0
CONEY ISLAND I (SITES 4 & 5),376,Grounds,Parking Lot,2288834.9,2288834.9
CONEY ISLAND I (SITES 4 & 5),376,Grounds,Paving - Non-Vehicular Area,1897387.9,1897387.9
CONEY ISLAND I (SITES 4 & 5),376,Grounds,Site Fences,966474.6,966474.6
CONEY ISLAND I (SITES 4 & 5),376,Grounds,Stairs / Ramps,12261.45,66952.75
CONEY ISLAND I (SITES 4 & 5),376,Heating,Building Steam Piping,9463.27,14044903.35
CONEY ISLAND I (SITES 4 & 5),376,Heating,Common Spaces Radiator / Convector / Baseboard,,60210.43
CONEY ISLAND I (SITES 4 & 5),376,Heating,Decarbonization,0,0
CONEY ISLAND I (SITES 4 & 5),376,Heating,Heating System,44373.12,44373.12
CONEY ISLAND I (SITES 4 & 5),376,Heating,Underground Steam and Condensate Return Piping,,1976372
CONEY ISLAND I (SITES 4 & 5),376,Interior Electrical/Lighting,Electrical System,830543.76,4373321.91
CONEY ISLAND I (SITES 4 & 5),376,Interior Electrical/Lighting,Emergency and Exit Lighting and Panels,,9533.74
CONEY ISLAND I (SITES 4 & 5),376,Interior Electrical/Lighting,Interior Lighting Fixture,873507.76,873507.76
CONEY ISLAND I (SITES 4 & 5),376,Lead Based Paint,Lead Based Paint,376000,376000
CONEY ISLAND I (SITES 4 & 5),376,Plumbing,Building Sewage System,,78733.84
CONEY ISLAND I (SITES 4 & 5),376,Plumbing,Domestic Hot Water System,,7442.06
CONEY ISLAND I (SITES 4 & 5),376,Plumbing,Roof Tank,1056541.33,1056541.33
CONEY ISLAND I (SITES 4 & 5),376,Plumbing,Underground Hydronic Piping,,691830.1
CONEY ISLAND I (SITES 4 & 5),376,Plumbing,Underground Natural Gas Piping,,258798.4
CONEY ISLAND I (SITES 4 & 5),376,Safety And Security,Additional Security,3310616.4,3310616.4
CONEY ISLAND I (SITES 4 & 5),376,Ventilation/Air Conditioning,Exhaust Fan,1445.4,1445.4
CONEY ISLAND I (SITES 4 & 5),376,Waste Management,Garbage Chute,1704,1704
CONEY ISLAND I (SITES 4 & 5),376,Waste Management,Waste Infrastructure,2202683.45,2202683.45
CONLON LIHFE TOWER,216,Apartments,Apartment 504 Access,600000,600000
CONLON LIHFE TOWER,216,Apartments,Apartment Bathroom,9985429.44,9985429.44
CONLON LIHFE TOWER,216,Apartments,Apartment Entrance Doors,1409641.92,1409641.92
CONLON LIHFE TOWER,216,Apartments,Apartment Kitchen,8283373.2,8283373.2
CONLON LIHFE TOWER,216,Apartments,Apartment Renovation,14010827.85,14251955.31
CONLON LIHFE TOWER,216,Building Exterior/Facade/Window,Brickwork,2441659.93,2441659.93
CONLON LIHFE TOWER,216,Building Exterior/Facade/Window,Building Windows,2896654.65,2896654.65
CONLON LIHFE TOWER,216,Building Exterior/Facade/Window,Entrances/Exits,87831.27,87831.27
CONLON LIHFE TOWER,216,Common Areas/Lobbies,Building Common Area Finishes ,1267354.6,1267354.6
CONLON LIHFE TOWER,216,Common Areas/Lobbies,Building Common Areas - Bathroom,,170725.35
CONLON LIHFE TOWER,216,Common Areas/Lobbies,Interior Building Doors,507613,507613
CONLON LIHFE TOWER,216,Common Areas/Lobbies,Interior Building Stairs,,1629117.13
CONLON LIHFE TOWER,216,Elevators,Elevators,2926627.38,2926627.38
CONLON LIHFE TOWER,216,Grounds,Landscaping,8184.21,8184.21
CONLON LIHFE TOWER,216,Grounds,Lighting - Exterior Security,117404.4,117404.4
CONLON LIHFE TOWER,216,Grounds,Open Spaces,,527673.51
CONLON LIHFE TOWER,216,Grounds,Parking Lot,844905,844905
CONLON LIHFE TOWER,216,Grounds,Paving - Non-Vehicular Area,114702.5,114702.5
CONLON LIHFE TOWER,216,Grounds,Site Fences,403582.8,403582.8
CONLON LIHFE TOWER,216,Grounds,Site Lighting,90475,90475
CONLON LIHFE TOWER,216,Grounds,Site Walls (Not Retaining Walls),1204,1204
CONLON LIHFE TOWER,216,Heating,Common Spaces Radiator / Convector / Baseboard,,301052.15
CONLON LIHFE TOWER,216,Heating,Decarbonization,15061718.46,15061718.46
CONLON LIHFE TOWER,216,Interior Electrical/Lighting,Electrical System,24475.19,1341823.81
CONLON LIHFE TOWER,216,Interior Electrical/Lighting,Emergency and Exit Lighting and Panels,16751.7,26705.6
CONLON LIHFE TOWER,216,Interior Electrical/Lighting,Interior Lighting Fixture,621220.74,621220.74
CONLON LIHFE TOWER,216,Lead Based Paint,Lead Based Paint,216000,216000
CONLON LIHFE TOWER,216,Plumbing,Roof Tank,81823.45,1056541.33
CONLON LIHFE TOWER,216,Plumbing,Underground Hydronic Piping,,111585.5
CONLON LIHFE TOWER,216,Plumbing,Underground Natural Gas Piping,,36971.2
CONLON LIHFE TOWER,216,Roofs,Building Roof/Parapets/Misc,,1595307.2
CONLON LIHFE TOWER,216,Safety And Security,Additional Security,745348.8,745348.8
CONLON LIHFE TOWER,216,Safety And Security,Intrusion Alarm,107323.29,107323.29
CONLON LIHFE TOWER,216,Ventilation/Air Conditioning,Air Conditioning,100420.91,100420.91
CONLON LIHFE TOWER,216,Waste Management,Waste Infrastructure,2032802.08,2032802.08
COOPER PARK,700,Apartments,Apartment 504 Access,1600000,1600000
COOPER PARK,700,Apartments,Apartment Bathroom,33654595.52,33654595.52
COOPER PARK,700,Apartments,Apartment Entrance Doors,4568284,4568284
COOPER PARK,700,Apartments,Apartment Kitchen,26729218.15,26729218.15
COOPER PARK,700,Apartments,Apartment Renovation,62039049.99,69532839.77
COOPER PARK,700,Building Exterior/Facade/Window,Brickwork,28782454.73,28782454.73
COOPER PARK,700,Building Exterior/Facade/Window,Building Windows,28195273.36,28195273.36
COOPER PARK,700,Building Exterior/Facade/Window,Entrances/Exits,760126.22,760126.22
COOPER PARK,700,Building Exterior/Facade/Window,Foundations,50316.65,50316.65
COOPER PARK,700,Common Areas/Lobbies,Building Common Area Finishes ,3451343.2,3451343.2
COOPER PARK,700,Common Areas/Lobbies,Building Common Areas - Bathroom,1081260.55,1991795.75
COOPER PARK,700,Common Areas/Lobbies,Interior Building Doors,2501821.89,2501821.89
COOPER PARK,700,Common Areas/Lobbies,Interior Building Stairs,,10150652.9
COOPER PARK,700,Common Areas/Lobbies,Non Residential Kitchen,2128380.84,2128380.84
COOPER PARK,700,Elevators,Elevators,19023077.97,19023077.97
COOPER PARK,700,Fire Protection,Fire Alarm,190007.68,359226.16
COOPER PARK,700,Fire Protection,Fire Sprinkler,5162.2,5162.2
COOPER PARK,700,Grounds,Building Exterior Walkways and Retaining Walls,48560.03,69443.23
COOPER PARK,700,Grounds,Lighting - Exterior Security,1091860.92,1091860.92
COOPER PARK,700,Grounds,Open Spaces,,7207405.6
COOPER PARK,700,Grounds,Parking Lot,1578064.5,1578064.5
COOPER PARK,700,Grounds,Paving - Non-Vehicular Area,1772675,1772675
COOPER PARK,700,Grounds,Playgrounds,467006.4,467006.4
COOPER PARK,700,Grounds,Site Fences,4885476,4885476
COOPER PARK,700,Grounds,Site Lighting,298567.5,298567.5
COOPER PARK,700,Grounds,Stairs / Ramps,9157.65,273870.9
COOPER PARK,700,Grounds,Storm Piping,28053.01,2812433.01
COOPER PARK,700,Heating,Building Steam Piping,31961398.03,32517151.19
COOPER PARK,700,Heating,Common Spaces Radiator / Convector / Baseboard,937562.41,1135396.68
COOPER PARK,700,Heating,Decarbonization,0,0
COOPER PARK,700,Heating,Heating System,13800275.21,14125113.89
COOPER PARK,700,Heating,Underground Steam and Condensate Return Piping,14822790,14822790
COOPER PARK,700,Interior Electrical/Lighting,Electrical System,2497741.75,10410848.07
COOPER PARK,700,Interior Electrical/Lighting,Emergency and Exit Lighting and Panels,28359.03,90950.38
COOPER PARK,700,Interior Electrical/Lighting,Interior Lighting Fixture,2055476.92,2126206.04
COOPER PARK,700,Interior Electrical/Lighting,Public Address System,43335.4,43335.4
COOPER PARK,700,Interior Electrical/Lighting,Telephone/Intercom,88365.7,1274165.38
COOPER PARK,700,Lead Based Paint,Lead Based Paint,5962930,5962930
COOPER PARK,700,Plumbing,Building Drainage,199950.21,3026204.91
COOPER PARK,700,Plumbing,Building Sewage System,114863.08,4828953.28
COOPER PARK,700,Plumbing,Domestic Hot Water System,674421,674421
COOPER PARK,700,Plumbing,Domestic Water System,1210822.5,23055711.5
COOPER PARK,700,Plumbing,Gas Risers,,10271101.1
COOPER PARK,700,Plumbing,Non Residential Spaces Plumbing Fixtures,6802.12,6802.12
COOPER PARK,700,Plumbing,Underground Hydronic Piping,3347565,3347565
COOPER PARK,700,Plumbing,Underground Natural Gas Piping,1848560,1848560
COOPER PARK,700,Roofs,Building Roof/Parapets/Misc,37170,37170
COOPER PARK,700,Safety And Security,Additional Security,6207280.8,6207280.8
COOPER PARK,700,Safety And Security,CCTV,280561.96,3927867.44
COOPER PARK,700,Safety And Security,Intrusion Alarm,536616.45,536616.45
COOPER PARK,700,Ventilation/Air Conditioning,Air Conditioning,36050.87,222256.95
COOPER PARK,700,Ventilation/Air Conditioning,Building Ductwork,14162.3,14162.3
COOPER PARK,700,Ventilation/Air Conditioning,Exhaust Fan,48935.42,48935.42
COOPER PARK,700,Waste Management,Waste Infrastructure,3164404.23,3164404.23
CORSI HOUSES,171,Apartments,Apartment 504 Access,400000,400000
CORSI HOUSES,171,Apartments,Apartment Bathroom,7905131.64,7905131.64
CORSI HOUSES,171,Apartments,Apartment Entrance Doors,1115966.52,1115966.52
CORSI HOUSES,171,Apartments,Apartment Kitchen,6557670.45,6557670.45
CORSI HOUSES,171,Apartments,Apartment Renovation,12487811.71,12955527.01
CORSI HOUSES,171,Building Exterior/Facade/Window,Brickwork,,400000
CORSI HOUSES,171,Building Exterior/Facade/Window,Building Windows,3442659.38,3442659.38
CORSI HOUSES,171,Building Exterior/Facade/Window,Entrances/Exits,146686.89,146686.89
CORSI HOUSES,171,Common Areas/Lobbies,Building Common Area Finishes ,1818927.77,1818927.77
CORSI HOUSES,171,Common Areas/Lobbies,Building Common Areas - Bathroom,,910535.2
CORSI HOUSES,171,Common Areas/Lobbies,Building Gymnasium,266446,266446
CORSI HOUSES,171,Common Areas/Lobbies,Building Locker Room and Shower,11329.2,11329.2
CORSI HOUSES,171,Common Areas/Lobbies,Interior Building Doors,1050059.3,1050059.3
CORSI HOUSES,171,Common Areas/Lobbies,Interior Building Stairs,,2506334.05
CORSI HOUSES,171,Common Areas/Lobbies,Non Residential Kitchen,,422090.02
CORSI HOUSES,171,Elevators,Elevators,964526.81,5354467.88
CORSI HOUSES,171,Fire Protection,Fire Alarm,17336.47,17336.47
CORSI HOUSES,171,Grounds,Landscaping,2032.5,2032.5
CORSI HOUSES,171,Grounds,Lighting - Exterior Security,,117404.4
CORSI HOUSES,171,Grounds,Open Spaces,,0
CORSI HOUSES,171,Grounds,Parking Lot,283452,283452
CORSI HOUSES,171,Grounds,Paving - Non-Vehicular Area,191031.8,191031.8
CORSI HOUSES,171,Grounds,Site Walls (Not Retaining Walls),1926.4,1926.4
CORSI HOUSES,171,Grounds,Stairs / Ramps,12940.9,56525.65
CORSI HOUSES,171,Heating,Building Steam Piping,,12609633.56
CORSI HOUSES,171,Heating,Common Spaces Radiator / Convector / Baseboard,,430074.5
CORSI HOUSES,171,Heating,Decarbonization,4081660.39,4081660.39
CORSI HOUSES,171,Heating,Heating System,87956.79,7132871.9
CORSI HOUSES,171,Interior Electrical/Lighting,Electrical System,754269.78,1167624
CORSI HOUSES,171,Interior Electrical/Lighting,Emergency and Exit Lighting and Panels,93224.8,120255.4
CORSI HOUSES,171,Interior Electrical/Lighting,Interior Lighting Fixture,2007684.47,2007684.47
CORSI HOUSES,171,Interior Electrical/Lighting,Telephone/Intercom,,148224.96
CORSI HOUSES,171,Lead Based Paint,Lead Based Paint,1867384.62,1867384.62
CORSI HOUSES,171,Plumbing,Building Sewage System,84609.64,84609.64
CORSI HOUSES,171,Plumbing,Roof Tank,974717.88,1138364.78
CORSI HOUSES,171,Plumbing,Underground Hydronic Piping,,178536.8
CORSI HOUSES,171,Plumbing,Underground Natural Gas Piping,,46214
CORSI HOUSES,171,Roofs,Building Roof/Parapets/Misc,3016053.1,3016053.1
CORSI HOUSES,171,Safety And Security,Additional Security,964525.8,964525.8
CORSI HOUSES,171,Safety And Security,Intrusion Alarm,,107323.29
CORSI HOUSES,171,Ventilation/Air Conditioning,Air Conditioning,,286638.35
CORSI HOUSES,171,Ventilation/Air Conditioning,Exhaust Fan,1205.38,1205.38
CORSI HOUSES,171,Waste Management,Waste Infrastructure,2021228.89,2021228.89
CROWN HEIGHTS,121,Apartments,Apartment 504 Access,200000,200000
CROWN HEIGHTS,121,Apartments,Apartment Bathroom,6148435.72,6148435.72
CROWN HEIGHTS,121,Apartments,Apartment Entrance Doors,789660.52,789660.52
CROWN HEIGHTS,121,Apartments,Apartment Kitchen,4640222.95,4640222.95
CROWN HEIGHTS,121,Apartments,Apartment Renovation,13964112.96,14466517.6
CROWN HEIGHTS,121,Building Exterior/Facade/Window,Building Windows,7185790.33,7185790.33
CROWN HEIGHTS,121,Building Exterior/Facade/Window,Entrances/Exits,440671.39,440671.39
CROWN HEIGHTS,121,Building Exterior/Facade/Window,Foundations,46287.75,46287.75
CROWN HEIGHTS,121,Common Areas/Lobbies,Building Common Area Finishes ,931095.38,931095.38
CROWN HEIGHTS,121,Common Areas/Lobbies,Building Common Areas - Bathroom,113816.9,341450.7
CROWN HEIGHTS,121,Common Areas/Lobbies,Interior Building Doors,537777.95,537777.95
CROWN HEIGHTS,121,Common Areas/Lobbies,Interior Building Stairs,,2443675.7
CROWN HEIGHTS,121,Common Areas/Lobbies,Non Residential Kitchen,1266270.06,1266270.06
CROWN HEIGHTS,121,Grounds,Building Exterior Walkways and Retaining Walls,130422.3,130422.3
CROWN HEIGHTS,121,Grounds,Lighting - Exterior Security,862922.34,862922.34
CROWN HEIGHTS,121,Grounds,Open Spaces,,0
CROWN HEIGHTS,121,Grounds,Paving - Non-Vehicular Area,467152,467152
CROWN HEIGHTS,121,Grounds,Site Fences,338089.1,338089.1
CROWN HEIGHTS,121,Grounds,Stairs / Ramps,87608.04,301666.34
CROWN HEIGHTS,121,Heating,Common Spaces Radiator / Convector / Baseboard,266646.19,713923.67
CROWN HEIGHTS,121,Heating,Decarbonization,3680742.49,3680742.49
CROWN HEIGHTS,121,Heating,Heating System,1622192.85,3157328.95
CROWN HEIGHTS,121,Interior Electrical/Lighting,Electrical System,619125.65,4361606.96
CROWN HEIGHTS,121,Interior Electrical/Lighting,Emergency and Exit Lighting and Panels,221645.31,221645.31
CROWN HEIGHTS,121,Interior Electrical/Lighting,Interior Lighting Fixture,460650.14,714278.38
CROWN HEIGHTS,121,Interior Electrical/Lighting,Telephone/Intercom,,592899.84
CROWN HEIGHTS,121,Interior Electrical/Lighting,Transformer,159448.63,159448.63
CROWN HEIGHTS,121,Lead Based Paint,Lead Based Paint,0,0
CROWN HEIGHTS,121,Plumbing,Building Drainage,14688.24,14688.24
CROWN HEIGHTS,121,Plumbing,Building Sewage System,39366.92,39366.92
CROWN HEIGHTS,121,Roofs,Building Roof/Parapets/Misc,4287218.23,4287218.23
CROWN HEIGHTS,121,Safety And Security,Additional Security,3397170,3397170
CROWN HEIGHTS,121,Waste Management,Garbage Chute,3474.72,3474.72
CROWN HEIGHTS,121,Waste Management,Waste Infrastructure,2511655.02,2511655.02
CYPRESS HILLS,1444,Apartments,Apartment 504 Access,3400000,3400000
CYPRESS HILLS,1444,Apartments,Apartment Bathroom,66384614.24,66384614.24
CYPRESS HILLS,1444,Apartments,Apartment Entrance Doors,9423717.28,9423717.28
CYPRESS HILLS,1444,Apartments,Apartment Kitchen,55069092.2,55069092.2
CYPRESS HILLS,1444,Apartments,Apartment Renovation,135079870.8,144149320.4
CYPRESS HILLS,1444,Building Exterior/Facade/Window,Brickwork,1738,6001738
CYPRESS HILLS,1444,Building Exterior/Facade/Window,Building Windows,53988836.22,53988836.22
CYPRESS HILLS,1444,Building Exterior/Facade/Window,Entrances/Exits,1990517.15,1990517.15
CYPRESS HILLS,1444,Building Exterior/Facade/Window,Foundations,50602.65,50602.65
CYPRESS HILLS,1444,Common Areas/Lobbies,Building Common Area Finishes ,6372012.83,6372012.83
CYPRESS HILLS,1444,Common Areas/Lobbies,Building Common Areas - Bathroom,,1821070.4
CYPRESS HILLS,1444,Common Areas/Lobbies,Interior Building Doors,4746811.1,4746811.1
CYPRESS HILLS,1444,Common Areas/Lobbies,Interior Building Stairs,22347.52,16501493.89
CYPRESS HILLS,1444,Common Areas/Lobbies,Non Residential Kitchen,3376720.16,3376720.16
CYPRESS HILLS,1444,Elevators,Elevators,43899410.7,43899410.7
CYPRESS HILLS,1444,Fire Protection,Fire Alarm,,175669.98
CYPRESS HILLS,1444,Fire Protection,Fire Sprinkler,516.21,516.21
CYPRESS HILLS,1444,Grounds,Building Exterior Walkways and Retaining Walls,510448.56,510448.56
CYPRESS HILLS,1444,Grounds,Fixed Site Equipment,10487.07,10487.07
CYPRESS HILLS,1444,Grounds,Landscaping,48021.2,48021.2
CYPRESS HILLS,1444,Grounds,Lighting - Exterior Security,1273837.74,1273837.74
CYPRESS HILLS,1444,Grounds,Open Spaces,,12044717.83
CYPRESS HILLS,1444,Grounds,Parking Lot,4246264.9,4246264.9
CYPRESS HILLS,1444,Grounds,Paving - Non-Vehicular Area,6987926.56,6987926.56
CYPRESS HILLS,1444,Grounds,Playgrounds,80682,80682
CYPRESS HILLS,1444,Grounds,Site Fences,4488973.6,4488973.6
CYPRESS HILLS,1444,Grounds,Site Lighting,660467.5,660467.5
CYPRESS HILLS,1444,Grounds,Stairs / Ramps,179916.7,1323917.7
CYPRESS HILLS,1444,Grounds,Storm Piping,,5011884
CYPRESS HILLS,1444,Heating,Building Steam Piping,47560826.54,47609009.82
CYPRESS HILLS,1444,Heating,Common Spaces Radiator / Convector / Baseboard,,1143998.17
CYPRESS HILLS,1444,Heating,Decarbonization,0,0
CYPRESS HILLS,1444,Heating,Heating System,4025,4025
CYPRESS HILLS,1444,Heating,Underground Steam and Condensate Return Piping,21838910.6,21838910.6
CYPRESS HILLS,1444,Interior Electrical/Lighting,Electrical System,1943932.31,23155512.17
CYPRESS HILLS,1444,Interior Electrical/Lighting,Emergency and Exit Lighting and Panels,42116.52,60868.39
CYPRESS HILLS,1444,Interior Electrical/Lighting,Interior Lighting Fixture,3015510.06,3260651.78
CYPRESS HILLS,1444,Lead Based Paint,Lead Based Paint,20158881.84,20158881.84
CYPRESS HILLS,1444,Plumbing,Building Drainage,483136.33,2620239.43
CYPRESS HILLS,1444,Plumbing,Building Sewage System,,4561963.65
CYPRESS HILLS,1444,Plumbing,Domestic Hot Water System,375458.4,375458.4
CYPRESS HILLS,1444,Plumbing,Domestic Water System,124562.47,37836242.22
CYPRESS HILLS,1444,Plumbing,Gas Risers,3236.53,8585793.78
CYPRESS HILLS,1444,Plumbing,Underground Hydronic Piping,3124394,3124394
CYPRESS HILLS,1444,Plumbing,Underground Natural Gas Piping,1478848,1478848
CYPRESS HILLS,1444,Safety And Security,Additional Security,10558069.2,10558069.2
CYPRESS HILLS,1444,Safety And Security,CCTV,561123.92,561123.92
CYPRESS HILLS,1444,Safety And Security,Intrusion Alarm,107323.29,107323.29
CYPRESS HILLS,1444,Ventilation/Air Conditioning,Air Conditioning,64178.51,274034.69
CYPRESS HILLS,1444,Ventilation/Air Conditioning,Exhaust Fan,19766.18,19766.18
CYPRESS HILLS,1444,Waste Management,Garbage Chute,5112,5112
CYPRESS HILLS,1444,Waste Management,Waste Infrastructure,4798892.74,4798892.74
DAVIDSON,175,Apartments,Apartment 504 Access,400000,400000
DAVIDSON,175,Apartments,Apartment Bathroom,8367420.04,8367420.04
DAVIDSON,175,Apartments,Apartment Entrance Doors,1142071,1142071
DAVIDSON,175,Apartments,Apartment Kitchen,6672717.3,6672717.3
DAVIDSON,175,Apartments,Apartment Renovation,16064607.32,18072956.02
DAVIDSON,175,Building Exterior/Facade/Window,Brickwork,4235.5,404235.5
DAVIDSON,175,Building Exterior/Facade/Window,Building Windows,5343955.12,5343955.12
DAVIDSON,175,Building Exterior/Facade/Window,Entrances/Exits,199891.26,199891.26
DAVIDSON,175,Building Exterior/Facade/Window,Foundations,10384.9,10384.9
DAVIDSON,175,Common Areas/Lobbies,Building Common Area Finishes ,1132487.94,1132487.94
DAVIDSON,175,Common Areas/Lobbies,Building Common Areas - Bathroom,,455267.6
DAVIDSON,175,Common Areas/Lobbies,Interior Building Doors,772644.1,772644.1
DAVIDSON,175,Common Areas/Lobbies,Interior Building Stairs,4517.71,3200093.62
DAVIDSON,175,Common Areas/Lobbies,Non Residential Kitchen,18689.24,440779.26
DAVIDSON,175,Elevators,Elevators,4428215.04,4428215.04
DAVIDSON,175,Grounds,Building Exterior Walkways and Retaining Walls,138718.04,138718.04
DAVIDSON,175,Grounds,Fixed Site Equipment,8896.77,8896.77
DAVIDSON,175,Grounds,Landscaping,1355,1355
DAVIDSON,175,Grounds,Lighting - Exterior Security,187847.04,187847.04
DAVIDSON,175,Grounds,Open Spaces,,0
DAVIDSON,175,Grounds,Parking Lot,872160,872160
DAVIDSON,175,Grounds,Paving - Non-Vehicular Area,1042750,1042750
DAVIDSON,175,Grounds,Playgrounds,189840,189840
DAVIDSON,175,Grounds,Site Fences,1770100,1770100
DAVIDSON,175,Grounds,Site Lighting,289520,289520
DAVIDSON,175,Grounds,Stairs / Ramps,17410,66467.5
DAVIDSON,175,Heating,Decarbonization,8139688.01,8139688.01
DAVIDSON,175,Interior Electrical/Lighting,Electrical System,,1598382.05
DAVIDSON,175,Interior Electrical/Lighting,Emergency and Exit Lighting and Panels,62754.62,62754.62
DAVIDSON,175,Interior Electrical/Lighting,Interior Lighting Fixture,893142.42,893142.42
DAVIDSON,175,Interior Electrical/Lighting,PA System,,21667.7
DAVIDSON,175,Interior Electrical/Lighting,Transformer,,159448.63
DAVIDSON,175,Lead Based Paint,Lead Based Paint,1875474.3,1875474.3
DAVIDSON,175,Plumbing,Building Drainage,,29376.48
DAVIDSON,175,Plumbing,Domestic Hot Water System,,152196.6
DAVIDSON,175,Plumbing,Domestic Water System,,75111.02
DAVIDSON,175,Plumbing,Underground Hydronic Piping,,111585.5
DAVIDSON,175,Plumbing,Underground Natural Gas Piping,,46214
DAVIDSON,175,Roofs,Building Roof/Parapets/Misc,3429709.33,3429709.33
DAVIDSON,175,Safety And Security,Additional Security,1291159.8,1291159.8
DAVIDSON,175,Safety And Security,CCTV,,561123.92
DAVIDSON,175,Safety And Security,Intrusion Alarm,,214646.58
DAVIDSON,175,Ventilation/Air Conditioning,Air Conditioning,52415.2,87970.87
DAVIDSON,175,Waste Management,Waste Infrastructure,2044375.26,2044375.26
DE HOSTOS APARTMENTS,223,Apartments,Apartment 504 Access,600000,600000
DE HOSTOS APARTMENTS,223,Apartments,Apartment Bathroom,10262802.48,10262802.48
DE HOSTOS APARTMENTS,223,Apartments,Apartment Entrance Doors,1455324.76,1455324.76
DE HOSTOS APARTMENTS,223,Apartments,Apartment Kitchen,8513466.9,8513466.9
DE HOSTOS APARTMENTS,223,Apartments,Apartment Renovation,21357549.34,22374719.2
DE HOSTOS APARTMENTS,223,Building Exterior/Facade/Window,Brickwork,3540738.95,3540738.95
DE HOSTOS APARTMENTS,223,Building Exterior/Facade/Window,Building Windows,7525313.66,7525313.66
DE HOSTOS APARTMENTS,223,Building Exterior/Facade/Window,Entrances/Exits,93888.45,93888.45
DE HOSTOS APARTMENTS,223,Building Exterior/Facade/Window,Foundations,2150.2,2150.2
DE HOSTOS APARTMENTS,223,Common Areas/Lobbies,Building Common Area Finishes ,1584962.22,1584962.22
DE HOSTOS APARTMENTS,223,Common Areas/Lobbies,Building Common Areas - Bathroom,341450.7,796718.3
DE HOSTOS APARTMENTS,223,Common Areas/Lobbies,Interior Building Doors,945723.55,945723.55
DE HOSTOS APARTMENTS,223,Common Areas/Lobbies,Interior Building Stairs,,3007600.86
DE HOSTOS APARTMENTS,223,Common Areas/Lobbies,Non Residential Kitchen,844180.04,844180.04
DE HOSTOS APARTMENTS,223,Elevators,Elevators,2926627.38,2926627.38
DE HOSTOS APARTMENTS,223,Fire Protection,Standpipe System,32902.21,32902.21
DE HOSTOS APARTMENTS,223,Grounds,Building Exterior Walkways and Retaining Walls,85360.21,85360.21
DE HOSTOS APARTMENTS,223,Grounds,Fixed Site Equipment,3902.01,3902.01
DE HOSTOS APARTMENTS,223,Grounds,Landscaping,2032.5,2032.5
DE HOSTOS APARTMENTS,223,Grounds,Lighting - Exterior Security,111534.18,111534.18
DE HOSTOS APARTMENTS,223,Grounds,Open Spaces,,0
DE HOSTOS APARTMENTS,223,Grounds,Parking Lot,522225.5,522225.5
DE HOSTOS APARTMENTS,223,Grounds,Paving - Non-Vehicular Area,200208,200208
DE HOSTOS APARTMENTS,223,Grounds,Playgrounds,89224.8,89224.8
DE HOSTOS APARTMENTS,223,Grounds,Site Fences,362870.5,362870.5
DE HOSTOS APARTMENTS,223,Grounds,Site Lighting,36190,36190
DE HOSTOS APARTMENTS,223,Grounds,Stairs / Ramps,4400.6,94840.6
DE HOSTOS APARTMENTS,223,Heating,Common Spaces Radiator / Convector / Baseboard,,533292.38
DE HOSTOS APARTMENTS,223,Heating,Decarbonization,15413627.76,15413627.76
DE HOSTOS APARTMENTS,223,Interior Electrical/Lighting,Electrical System,,149218.63
DE HOSTOS APARTMENTS,223,Interior Electrical/Lighting,Emergency and Exit Lighting and Panels,36038.65,36038.65
DE HOSTOS APARTMENTS,223,Interior Electrical/Lighting,Interior Lighting Fixture,537546.85,537546.85
DE HOSTOS APARTMENTS,223,Interior Electrical/Lighting,Telephone/Intercom,,74112.48
DE HOSTOS APARTMENTS,223,Lead Based Paint,Lead Based Paint,1646428.86,1646428.86
DE HOSTOS APARTMENTS,223,Plumbing,Building Drainage,2622.53,2622.53
DE HOSTOS APARTMENTS,223,Plumbing,Building Sewage System,78733.84,78733.84
DE HOSTOS APARTMENTS,223,Plumbing,Roof Tank,974717.88,1138364.78
DE HOSTOS APARTMENTS,223,Plumbing,Underground Hydronic Piping,,223171
DE HOSTOS APARTMENTS,223,Plumbing,Underground Natural Gas Piping,,69321
DE HOSTOS APARTMENTS,223,Roofs,Building Roof/Parapets/Misc,1471205.64,1471205.64
DE HOSTOS APARTMENTS,223,Safety And Security,Additional Security,1268815.8,1268815.8
DE HOSTOS APARTMENTS,223,Ventilation/Air Conditioning,Air Conditioning,,16859.53
DE HOSTOS APARTMENTS,223,Ventilation/Air Conditioning,Exhaust Fan,1205.38,1205.38
DE HOSTOS APARTMENTS,223,Waste Management,Garbage Chute,109894.08,109894.08
DE HOSTOS APARTMENTS,223,Waste Management,Waste Infrastructure,2032802.08,2032802.08
DOUGLASS ADDITION,135,Apartments,Apartment 504 Access,400000,400000
DOUGLASS ADDITION,135,Apartments,Apartment Bathroom,8598564.24,8598564.24
DOUGLASS ADDITION,135,Apartments,Apartment Entrance Doors,881026.2,881026.2
DOUGLASS ADDITION,135,Apartments,Apartment Kitchen,5177108.25,5177108.25
DOUGLASS ADDITION,135,Apartments,Apartment Renovation,14510255.58,15327927.19
DOUGLASS ADDITION,135,Building Exterior/Facade/Window,Brickwork,3538854.95,3538854.95
DOUGLASS ADDITION,135,Building Exterior/Facade/Window,Building Windows,4404469.54,4404469.54
DOUGLASS ADDITION,135,Building Exterior/Facade/Window,Entrances/Exits,68721.86,68721.86
DOUGLASS ADDITION,135,Common Areas/Lobbies,Building Common Area Finishes ,736318.56,736318.56
DOUGLASS ADDITION,135,Common Areas/Lobbies,Building Common Areas - Bathroom,,170725.35
DOUGLASS ADDITION,135,Common Areas/Lobbies,Interior Building Doors,538051.1,538051.1
DOUGLASS ADDITION,135,Common Areas/Lobbies,Interior Building Stairs,,2005067.24
DOUGLASS ADDITION,135,Common Areas/Lobbies,Non Residential Kitchen,422090.02,422090.02
DOUGLASS ADDITION,135,Elevators,Elevators,,2926627.38
DOUGLASS ADDITION,135,Fire Protection,Fire Alarm,169218.48,169218.48
DOUGLASS ADDITION,135,Fire Protection,Fire Sprinkler,0,0
DOUGLASS ADDITION,135,Fire Protection,Standpipe System,15487.12,153705.52
DOUGLASS ADDITION,135,Grounds,Landscaping,6978.25,6978.25
DOUGLASS ADDITION,135,Grounds,Lighting - Exterior Security,164366.16,164366.16
DOUGLASS ADDITION,135,Grounds,Open Spaces,,942151.74
DOUGLASS ADDITION,135,Grounds,Paving - Non-Vehicular Area,259394.49,259394.49
DOUGLASS ADDITION,135,Grounds,Playgrounds,177500.4,177500.4
DOUGLASS ADDITION,135,Grounds,Site Fences,486777.5,486777.5
DOUGLASS ADDITION,135,Grounds,Site Lighting,,54285
DOUGLASS ADDITION,135,Grounds,Stairs / Ramps,15028.5,50399.2
DOUGLASS ADDITION,135,Grounds,Storm Piping,,118336.15
DOUGLASS ADDITION,135,Heating,Common Spaces Radiator / Convector / Baseboard,,111819.37
DOUGLASS ADDITION,135,Heating,Decarbonization,6279187.9,6279187.9
DOUGLASS ADDITION,135,Heating,Hot Water System,,2083219.6
DOUGLASS ADDITION,135,Interior Electrical/Lighting,Electrical System,903994.4,903994.4
DOUGLASS ADDITION,135,Interior Electrical/Lighting,Emergency and Exit Lighting and Panels,26084.75,26084.75
DOUGLASS ADDITION,135,Interior Electrical/Lighting,Interior Lighting Fixture,544785.59,569915.99
DOUGLASS ADDITION,135,Interior Electrical/Lighting,Telephone/Intercom,,74112.48
DOUGLASS ADDITION,135,Lead Based Paint,Lead Based Paint,418806.35,418806.35
DOUGLASS ADDITION,135,Plumbing,Building Drainage,15042.93,244149.18
DOUGLASS ADDITION,135,Plumbing,Building Sewage System,,312317.64
DOUGLASS ADDITION,135,Plumbing,Domestic Hot Water System,,61311
DOUGLASS ADDITION,135,Plumbing,Domestic Water System,,1331490.55
DOUGLASS ADDITION,135,Plumbing,Gas Risers,,481741.91
DOUGLASS ADDITION,135,Plumbing,Roof Tank,974717.88,1138364.78
DOUGLASS ADDITION,135,Plumbing,Underground Hydronic Piping,223171,223171
DOUGLASS ADDITION,135,Plumbing,Underground Natural Gas Piping,64699.6,64699.6
DOUGLASS ADDITION,135,Roofs,Building Roof/Parapets/Misc,1270750.03,1270750.03
DOUGLASS ADDITION,135,Safety And Security,Additional Security,919837.8,919837.8
DOUGLASS ADDITION,135,Safety And Security,CCTV,,280561.96
DOUGLASS ADDITION,135,Waste Management,Waste Infrastructure,96513.88,96513.88
DOUGLASS I,1305,Apartments,Apartment 504 Access,3000000,3000000
DOUGLASS I,1305,Apartments,Apartment Bathroom,60189949.68,60189949.68
DOUGLASS I,1305,Apartments,Apartment Entrance Doors,8516586.6,8516586.6
DOUGLASS I,1305,Apartments,Apartment Kitchen,49930332.9,49930332.9
DOUGLASS I,1305,Apartments,Apartment Renovation,110252945,119755008.9
DOUGLASS I,1305,Building Exterior/Facade/Window,Brickwork,31235955.74,31235955.74
DOUGLASS I,1305,Building Exterior/Facade/Window,Building Windows,42077097.22,42077097.22
DOUGLASS I,1305,Building Exterior/Facade/Window,Entrances/Exits,875271.5,875271.5
DOUGLASS I,1305,Building Exterior/Facade/Window,Foundations,700614.35,700614.35
DOUGLASS I,1305,Common Areas/Lobbies,Building Common Area Finishes ,6844967.31,6844967.31
DOUGLASS I,1305,Common Areas/Lobbies,Building Common Areas - Bathroom,1024352.1,1877978.85
DOUGLASS I,1305,Common Areas/Lobbies,Building Gymnasium,239461.27,239461.27
DOUGLASS I,1305,Common Areas/Lobbies,Interior Building Doors,3961327.65,3961327.65
DOUGLASS I,1305,Common Areas/Lobbies,Interior Building Stairs,2438.73,19677161.03
DOUGLASS I,1305,Common Areas/Lobbies,Non Residential Kitchen,1688360.08,1688360.08
DOUGLASS I,1305,Elevators,Elevators,5772.27,26689884.42
DOUGLASS I,1305,Fire Protection,Fire Alarm,169218.48,169218.48
DOUGLASS I,1305,Fire Protection,Fire Sprinkler,177952,177952
DOUGLASS I,1305,Fire Protection,Standpipe System,120791.2,120791.2
DOUGLASS I,1305,Grounds,Building Exterior Walkways and Retaining Walls,117266.52,247786.52
DOUGLASS I,1305,Grounds,Fixed Site Equipment,1403,1403
DOUGLASS I,1305,Grounds,Lighting - Exterior Security,763128.6,833571.24
DOUGLASS I,1305,Grounds,Open Spaces,,3751044.8
DOUGLASS I,1305,Grounds,Parking Lot,2478569.7,2478569.7
DOUGLASS I,1305,Grounds,Playgrounds,711900,711900
DOUGLASS I,1305,Grounds,Site Fences,2637449,2637449
DOUGLASS I,1305,Grounds,Stairs / Ramps,88705.79,618549.1
DOUGLASS I,1305,Grounds,Storm Piping,,535993.15
DOUGLASS I,1305,Heating,Common Spaces Radiator / Convector / Baseboard,490284.93,928960.92
DOUGLASS I,1305,Heating,Decarbonization,91714440.14,91714440.14
DOUGLASS I,1305,Interior Electrical/Lighting,Electrical System,76273.98,1514437.43
DOUGLASS I,1305,Interior Electrical/Lighting,Emergency and Exit Lighting and Panels,194348.75,198120.23
DOUGLASS I,1305,Interior Electrical/Lighting,Interior Lighting Fixture,5423429.15,5423429.15
DOUGLASS I,1305,Interior Electrical/Lighting,Transformer,0,318897.26
DOUGLASS I,1305,Lead Based Paint,Lead Based Paint,5734556.08,5734556.08
DOUGLASS I,1305,Plumbing,Building Drainage,395143.58,3179975.87
DOUGLASS I,1305,Plumbing,Building Sewage System,2001303,13400530.29
DOUGLASS I,1305,Plumbing,Domestic Water System,1641885,44487265
DOUGLASS I,1305,Plumbing,Non Residential Spaces Plumbing Fixtures,3401.06,3401.06
DOUGLASS I,1305,Plumbing,Roof Tank,2440376.46,2440376.46
DOUGLASS I,1305,Plumbing,Underground Hydronic Piping,3816224.1,3816224.1
DOUGLASS I,1305,Plumbing,Underground Natural Gas Piping,905794.4,905794.4
DOUGLASS I,1305,Roofs,Building Roof/Parapets/Misc,13180503.51,13180503.51
DOUGLASS I,1305,Safety And Security,Additional Security,6319000.8,6319000.8
DOUGLASS I,1305,Ventilation/Air Conditioning,Air Conditioning,47613.7,47613.7
DOUGLASS I,1305,Ventilation/Air Conditioning,Building Ductwork,430.85,430.85
DOUGLASS I,1305,Ventilation/Air Conditioning,Exhaust Fan,54925.02,54925.02
DOUGLASS I,1305,Waste Management,Garbage Chute,13736.76,13736.76
DOUGLASS I,1305,Waste Management,Waste Infrastructure,2405211.86,2405211.86
DOUGLASS II,753,Apartments,Apartment 504 Access,1800000,1800000
DOUGLASS II,753,Apartments,Apartment Bathroom,34764087.68,34764087.68
DOUGLASS II,753,Apartments,Apartment Entrance Doors,4914168.36,4914168.36
DOUGLASS II,753,Apartments,Apartment Kitchen,28838410.4,28838410.4
DOUGLASS II,753,Apartments,Apartment Renovation,64800423.45,70708812.31
DOUGLASS II,753,Building Exterior/Facade/Window,Brickwork,17902607.5,17902607.5
DOUGLASS II,753,Building Exterior/Facade/Window,Building Windows,27613047.27,27613047.27
DOUGLASS II,753,Building Exterior/Facade/Window,Entrances/Exits,343801.47,343801.47
DOUGLASS II,753,Building Exterior/Facade/Window,Foundations,113571.9,113571.9
DOUGLASS II,753,Common Areas/Lobbies,Building Common Area Finishes ,3421121.16,3421121.16
DOUGLASS II,753,Common Areas/Lobbies,Building Common Areas - Bathroom,,739809.85
DOUGLASS II,753,Common Areas/Lobbies,Interior Building Doors,2287949.45,2287949.45
DOUGLASS II,753,Common Areas/Lobbies,Interior Building Stairs,,11654453.33
DOUGLASS II,753,Common Areas/Lobbies,Non Residential Kitchen,1266270.06,1266270.06
DOUGLASS II,753,Elevators,Elevators,,17789408.1
DOUGLASS II,753,Fire Protection,Fire Alarm,,175669.98
DOUGLASS II,753,Fire Protection,Fire Sprinkler,0,88976
DOUGLASS II,753,Fire Protection,Standpipe System,61948.48,921974.08
DOUGLASS II,753,Grounds,Building Exterior Walkways and Retaining Walls,132303.3,165455.38
DOUGLASS II,753,Grounds,Lighting - Exterior Security,434396.28,434396.28
DOUGLASS II,753,Grounds,Open Spaces,,3827635.3
DOUGLASS II,753,Grounds,Parking Lot,4191819,4191819
DOUGLASS II,753,Grounds,Site Fences,3740221.3,3740221.3
DOUGLASS II,753,Grounds,Site Lighting,,497612.5
DOUGLASS II,753,Grounds,Stairs / Ramps,,25559.2
DOUGLASS II,753,Grounds,Storm Piping,,1183361.5
DOUGLASS II,753,Heating,Common Spaces Radiator / Convector / Baseboard,,180631.29
DOUGLASS II,753,Heating,Decarbonization,52920286.15,52920286.15
DOUGLASS II,753,Interior Electrical/Lighting,Electrical System,1141325.56,2696468.52
DOUGLASS II,753,Interior Electrical/Lighting,Emergency and Exit Lighting and Panels,11313.46,110222.22
DOUGLASS II,753,Interior Electrical/Lighting,Interior Lighting Fixture,1512632.1,2717129.36
DOUGLASS II,753,Interior Electrical/Lighting,Telephone/Intercom,,444674.88
DOUGLASS II,753,Lead Based Paint,Lead Based Paint,5158396.55,5158396.55
DOUGLASS II,753,Plumbing,Building Drainage,77816.28,1686717.45
DOUGLASS II,753,Plumbing,Building Sewage System,,1816354.35
DOUGLASS II,753,Plumbing,Domestic Water System,,7749697.2
DOUGLASS II,753,Plumbing,Underground Hydronic Piping,6471959,6471959
DOUGLASS II,753,Plumbing,Underground Natural Gas Piping,646996,646996
DOUGLASS II,753,Roofs,Building Roof/Parapets/Misc,6959748.06,6959748.06
DOUGLASS II,753,Safety And Security,Additional Security,3053395.8,3053395.8
DOUGLASS II,753,Ventilation/Air Conditioning,Exhaust Fan,2890.79,2890.79
DOUGLASS II,753,Waste Management,Waste Infrastructure,2457505.52,2457505.52
DREW-HAMILTON,1217,Apartments,Apartment 504 Access,2800000,2800000
DREW-HAMILTON,1217,Apartments,Apartment Bathroom,60837153.44,60837153.44
DREW-HAMILTON,1217,Apartments,Apartment Entrance Doors,7942288.04,7942288.04
DREW-HAMILTON,1217,Apartments,Apartment Kitchen,46632323.2,46632323.2
DREW-HAMILTON,1217,Apartments,Apartment Renovation,95693190.25,96274298.19
DREW-HAMILTON,1217,Building Exterior/Facade/Window,Brickwork,13430579.76,13830579.76
DREW-HAMILTON,1217,Building Exterior/Facade/Window,Building Windows,37127201.9,37127201.9
DREW-HAMILTON,1217,Building Exterior/Facade/Window,Entrances/Exits,539078.61,539078.61
DREW-HAMILTON,1217,Building Exterior/Facade/Window,Foundations,173518.1,173518.1
DREW-HAMILTON,1217,Common Areas/Lobbies,Building Common Area Finishes ,6354377.88,6354377.88
DREW-HAMILTON,1217,Common Areas/Lobbies,Building Common Areas - Bathroom,341450.7,2674697.15
DREW-HAMILTON,1217,Common Areas/Lobbies,Interior Building Doors,4950510.75,4950510.75
DREW-HAMILTON,1217,Common Areas/Lobbies,Interior Building Stairs,,11027869.82
DREW-HAMILTON,1217,Common Areas/Lobbies,Non Residential Kitchen,2112596.76,2112596.76
DREW-HAMILTON,1217,Elevators,Elevators,6313.72,29272587.52
DREW-HAMILTON,1217,Fire Protection,Fire Alarm,172970.9,348640.88
DREW-HAMILTON,1217,Fire Protection,Fire Sprinkler,11428.36,11428.36
DREW-HAMILTON,1217,Fire Protection,Standpipe System,121961.07,121961.07
DREW-HAMILTON,1217,Grounds,Building Exterior Walkways and Retaining Walls,259935.24,265156.04
DREW-HAMILTON,1217,Grounds,Lighting - Exterior Security,31205.67,136869.63
DREW-HAMILTON,1217,Grounds,Open Spaces,,5571844.34
DREW-HAMILTON,1217,Grounds,Parking Lot,1099048.08,1099048.08
DREW-HAMILTON,1217,Grounds,Paving - Non-Vehicular Area,6947301.02,6947301.02
DREW-HAMILTON,1217,Grounds,Playgrounds,,1001690.76
DREW-HAMILTON,1217,Grounds,Site Fences,1895777.1,1895777.1
DREW-HAMILTON,1217,Grounds,Site Lighting,,325710
DREW-HAMILTON,1217,Grounds,Stairs / Ramps,16229.4,418759.86
DREW-HAMILTON,1217,Heating,Air Source Heat Pump,115392.18,115392.18
DREW-HAMILTON,1217,Heating,Decarbonization,125449624.2,125449624.2
DREW-HAMILTON,1217,Heating,Through Wall/Window Heat Pump,6864.81,6864.81
DREW-HAMILTON,1217,Interior Electrical/Lighting,Electrical System,1739764.13,3210166.7
DREW-HAMILTON,1217,Interior Electrical/Lighting,Emergency and Exit Lighting and Panels,69777.36,126349.56
DREW-HAMILTON,1217,Interior Electrical/Lighting,Interior Lighting Fixture,3590774.4,3640783.08
DREW-HAMILTON,1217,Interior Electrical/Lighting,Telephone/Intercom,170326.42,392663.86
DREW-HAMILTON,1217,Lead Based Paint,Lead Based Paint,10442536.74,10442536.74
DREW-HAMILTON,1217,Plumbing,Building Drainage,116306.13,116306.13
DREW-HAMILTON,1217,Plumbing,Building Sewage System,220688.35,220688.35
DREW-HAMILTON,1217,Plumbing,Domestic Water System,57190.45,57190.45
DREW-HAMILTON,1217,Plumbing,Gas Risers,3236.53,3236.53
DREW-HAMILTON,1217,Plumbing,Non Residential Spaces Plumbing Fixtures,4032.53,4032.53
DREW-HAMILTON,1217,Plumbing,Roof Tank,245470.35,245470.35
DREW-HAMILTON,1217,Plumbing,Underground Hydronic Piping,1339026,1339026
DREW-HAMILTON,1217,Plumbing,Underground Natural Gas Piping,254177,254177
DREW-HAMILTON,1217,Roofs,Building Roof/Parapets/Misc,11510104.79,11510104.79
DREW-HAMILTON,1217,Safety And Security,Additional Security,4943992.2,4943992.2
DREW-HAMILTON,1217,Safety And Security,CCTV,,2525057.64
DREW-HAMILTON,1217,Safety And Security,Intrusion Alarm,107323.29,214646.58
DREW-HAMILTON,1217,Ventilation/Air Conditioning,Air Conditioning,175515.02,344154.93
DREW-HAMILTON,1217,Ventilation/Air Conditioning,Building Ductwork,3436.93,3436.93
DREW-HAMILTON,1217,Ventilation/Air Conditioning,Exhaust Fan,15419.36,15419.36
DREW-HAMILTON,1217,Waste Management,Garbage Chute,34713.84,34713.84
DREW-HAMILTON,1217,Waste Management,Waste Infrastructure,2675836.32,2675836.32
DYCKMAN,1167,Apartments,Apartment 504 Access,2800000,2800000
DYCKMAN,1167,Apartments,Apartment Bathroom,54180200.48,54180200.48
DYCKMAN,1167,Apartments,Apartment Entrance Doors,7615982.04,7615982.04
DYCKMAN,1167,Apartments,Apartment Kitchen,44408084.1,44408084.1
DYCKMAN,1167,Apartments,Apartment Renovation,94679108.13,104713952.5
DYCKMAN,1167,Building Exterior/Facade/Window,Brickwork,17091619.54,17191619.54
DYCKMAN,1167,Building Exterior/Facade/Window,Building Loading Dock,767.2,767.2
DYCKMAN,1167,Building Exterior/Facade/Window,Building Windows,43601055.84,43601055.84
DYCKMAN,1167,Building Exterior/Facade/Window,Entrances/Exits,1103607.64,1103607.64
DYCKMAN,1167,Building Exterior/Facade/Window,Foundations,156562.95,156562.95
DYCKMAN,1167,Common Areas/Lobbies,Building Common Area Finishes ,8057847.15,8057847.15
DYCKMAN,1167,Common Areas/Lobbies,Building Common Areas - Bathroom,739809.85,1650345.05
DYCKMAN,1167,Common Areas/Lobbies,Interior Building Doors,2910084.7,2910084.7
DYCKMAN,1167,Common Areas/Lobbies,Interior Building Stairs,3388.28,12723033.58
DYCKMAN,1167,Common Areas/Lobbies,Non Residential Kitchen,1278139.33,1700229.35
DYCKMAN,1167,Elevators,Elevators,20486391.66,20486391.66
DYCKMAN,1167,Fire Protection,Fire Alarm,,175669.98
DYCKMAN,1167,Fire Protection,Fire Sprinkler,0,0
DYCKMAN,1167,Fire Protection,Standpipe System,29565.6,29565.6
DYCKMAN,1167,Grounds,Building Exterior Walkways and Retaining Walls,36179.29,45576.73
DYCKMAN,1167,Grounds,Lighting - Exterior Security,67334.64,366715.86
DYCKMAN,1167,Grounds,Open Spaces,,4695871.71
DYCKMAN,1167,Grounds,Parking Lot,1001086,1001086
DYCKMAN,1167,Grounds,Paving - Non-Vehicular Area,5422300,5422300
DYCKMAN,1167,Grounds,Playgrounds,128142,128142
DYCKMAN,1167,Grounds,Site Fences,10620600,10620600
DYCKMAN,1167,Grounds,Site Lighting,,379995
DYCKMAN,1167,Grounds,Stairs / Ramps,248529.2,827976.3
DYCKMAN,1167,Heating,Building Steam Piping,4353759.2,52884314.62
DYCKMAN,1167,Heating,Common Spaces Radiator / Convector / Baseboard,103217.88,860149
DYCKMAN,1167,Heating,Decarbonization,0,0
DYCKMAN,1167,Heating,Heating System,17107419.04,17596827.84
DYCKMAN,1167,Heating,Underground Steam and Condensate Return Piping,,9313653.05
DYCKMAN,1167,Interior Electrical/Lighting,Electrical System,76273.98,12917778.43
DYCKMAN,1167,Interior Electrical/Lighting,Emergency and Exit Lighting and Panels,120057.69,195695.41
DYCKMAN,1167,Interior Electrical/Lighting,Interior Lighting Fixture,2127187.14,2605643.5
DYCKMAN,1167,Interior Electrical/Lighting,Public Address System,,21667.7
DYCKMAN,1167,Interior Electrical/Lighting,Telephone/Intercom,,444674.88
DYCKMAN,1167,Lead Based Paint,Lead Based Paint,9784898.94,9784898.94
DYCKMAN,1167,Plumbing,Building Drainage,135859.86,135859.86
DYCKMAN,1167,Plumbing,Domestic Hot Water System,89304.72,533365.84
DYCKMAN,1167,Plumbing,Roof Tank,1949435.76,2276729.56
DYCKMAN,1167,Plumbing,Underground Hydronic Piping,,3938968.15
DYCKMAN,1167,Plumbing,Underground Natural Gas Piping,,841094.8
DYCKMAN,1167,Roofs,Building Roof/Parapets/Misc,11727779.1,11771563.53
DYCKMAN,1167,Safety And Security,Additional Security,5258043,5258043
DYCKMAN,1167,Safety And Security,CCTV,,1683371.76
DYCKMAN,1167,Safety And Security,Intrusion Alarm,,214646.58
DYCKMAN,1167,Ventilation/Air Conditioning,Exhaust Fan,2890.8,2890.8
DYCKMAN,1167,Waste Management,Garbage Chute,1737.36,1737.36
DYCKMAN,1167,Waste Management,Waste Infrastructure,2088595.48,2088595.48
EAGLE AVENUE-EAST 163RD STREET,66,Apartments,Apartment 504 Access,200000,200000
EAGLE AVENUE-EAST 163RD STREET,66,Apartments,Apartment Bathroom,3051103.44,3051103.44
EAGLE AVENUE-EAST 163RD STREET,66,Apartments,Apartment Entrance Doors,430723.92,430723.92
EAGLE AVENUE-EAST 163RD STREET,66,Apartments,Apartment Kitchen,2531030.7,2531030.7
EAGLE AVENUE-EAST 163RD STREET,66,Apartments,Apartment Renovation,5787419.53,6256088.49
EAGLE AVENUE-EAST 163RD STREET,66,Building Exterior/Facade/Window,Brickwork,2309609.39,2309609.39
EAGLE AVENUE-EAST 163RD STREET,66,Building Exterior/Facade/Window,Building Windows,1883060.06,1883060.06
EAGLE AVENUE-EAST 163RD STREET,66,Building Exterior/Facade/Window,Entrances/Exits,82715.22,82715.22
EAGLE AVENUE-EAST 163RD STREET,66,Building Exterior/Facade/Window,Foundations,3941.6,3941.6
EAGLE AVENUE-EAST 163RD STREET,66,Common Areas/Lobbies,Building Common Area Finishes ,347454.49,347454.49
EAGLE AVENUE-EAST 163RD STREET,66,Common Areas/Lobbies,Building Common Areas - Bathroom,,113816.9
EAGLE AVENUE-EAST 163RD STREET,66,Common Areas/Lobbies,Interior Building Doors,214189.65,214189.65
EAGLE AVENUE-EAST 163RD STREET,66,Common Areas/Lobbies,Interior Building Stairs,2114.42,879331.34
EAGLE AVENUE-EAST 163RD STREET,66,Elevators,Elevators,1463313.69,1463313.69
EAGLE AVENUE-EAST 163RD STREET,66,Grounds,Building Exterior Walkways and Retaining Walls,9255.6,9255.6
EAGLE AVENUE-EAST 163RD STREET,66,Grounds,Lighting - Exterior Security,211327.92,211327.92
EAGLE AVENUE-EAST 163RD STREET,66,Grounds,Open Spaces,,275890.6
EAGLE AVENUE-EAST 163RD STREET,66,Grounds,Parking Lot,410187.75,410187.75
EAGLE AVENUE-EAST 163RD STREET,66,Grounds,Paving - Non-Vehicular Area,54223,54223
EAGLE AVENUE-EAST 163RD STREET,66,Grounds,Site Fences,212412,212412
EAGLE AVENUE-EAST 163RD STREET,66,Heating,Common Spaces Radiator / Convector / Baseboard,,43007.45
EAGLE AVENUE-EAST 163RD STREET,66,Heating,Decarbonization,3069825.19,3069825.19
EAGLE AVENUE-EAST 163RD STREET,66,Interior Electrical/Lighting,Electrical System,,1314019.29
EAGLE AVENUE-EAST 163RD STREET,66,Interior Electrical/Lighting,Emergency and Exit Lighting and Panels,15085.92,15085.92
EAGLE AVENUE-EAST 163RD STREET,66,Interior Electrical/Lighting,Interior Lighting Fixture,91511.94,91511.94
EAGLE AVENUE-EAST 163RD STREET,66,Lead Based Paint,Lead Based Paint,66000,66000
EAGLE AVENUE-EAST 163RD STREET,66,Plumbing,Building Drainage,14688.24,14688.24
EAGLE AVENUE-EAST 163RD STREET,66,Plumbing,Domestic Hot Water System,14884.12,173933.72
EAGLE AVENUE-EAST 163RD STREET,66,Plumbing,Underground Hydronic Piping,,66951.3
EAGLE AVENUE-EAST 163RD STREET,66,Plumbing,Underground Natural Gas Piping,,27728.4
EAGLE AVENUE-EAST 163RD STREET,66,Roofs,Building Roof/Parapets/Misc,144353.9,1517545.23
EAGLE AVENUE-EAST 163RD STREET,66,Safety And Security,Additional Security,897493.8,897493.8
EAGLE AVENUE-EAST 163RD STREET,66,Ventilation/Air Conditioning,Building Ductwork,430.85,430.85
EAGLE AVENUE-EAST 163RD STREET,66,Waste Management,Waste Infrastructure,84940.69,84940.69
EAST 152ND STREET-COURTLANDT AVENUE,221,Apartments,Apartment 504 Access,600000,600000
EAST 152ND STREET-COURTLANDT AVENUE,221,Apartments,Apartment Bathroom,11094921.6,11094921.6
EAST 152ND STREET-COURTLANDT AVENUE,221,Apartments,Apartment Entrance Doors,1442272.52,1442272.52
EAST 152ND STREET-COURTLANDT AVENUE,221,Apartments,Apartment Kitchen,8475117.95,8475117.95
EAST 152ND STREET-COURTLANDT AVENUE,221,Apartments,Apartment Renovation,16828051.36,18651849.71
EAST 152ND STREET-COURTLANDT AVENUE,221,Building Exterior/Facade/Window,Brickwork,1256,801256
EAST 152ND STREET-COURTLANDT AVENUE,221,Building Exterior/Facade/Window,Entrances/Exits,205687.2,205687.2
EAST 152ND STREET-COURTLANDT AVENUE,221,Building Exterior/Facade/Window,Foundations,5095.7,5095.7
EAST 152ND STREET-COURTLANDT AVENUE,221,Common Areas/Lobbies,Building Common Area Finishes ,1275212.98,1275212.98
EAST 152ND STREET-COURTLANDT AVENUE,221,Common Areas/Lobbies,Building Common Areas - Bathroom,,398359.15
EAST 152ND STREET-COURTLANDT AVENUE,221,Common Areas/Lobbies,Interior Building Doors,805795.75,805795.75
EAST 152ND STREET-COURTLANDT AVENUE,221,Common Areas/Lobbies,Interior Building Stairs,,2631650.75
EAST 152ND STREET-COURTLANDT AVENUE,221,Common Areas/Lobbies,Non Residential Kitchen,422090.02,422090.02
EAST 152ND STREET-COURTLANDT AVENUE,221,Elevators,Elevators,,5929802.7
EAST 152ND STREET-COURTLANDT AVENUE,221,Fire Protection,Fire Alarm,25500.66,25500.66
EAST 152ND STREET-COURTLANDT AVENUE,221,Grounds,Building Exterior Walkways and Retaining Walls,15426,15426
EAST 152ND STREET-COURTLANDT AVENUE,221,Grounds,Fixed Site Equipment,8715.08,8715.08
EAST 152ND STREET-COURTLANDT AVENUE,221,Grounds,Lighting - Exterior Security,111534.18,111534.18
EAST 152ND STREET-COURTLANDT AVENUE,221,Grounds,Open Spaces,,665392.03
EAST 152ND STREET-COURTLANDT AVENUE,221,Grounds,Parking Lot,218040,218040
EAST 152ND STREET-COURTLANDT AVENUE,221,Grounds,Paving - Non-Vehicular Area,333680,333680
EAST 152ND STREET-COURTLANDT AVENUE,221,Grounds,Site Fences,247814,247814
EAST 152ND STREET-COURTLANDT AVENUE,221,Grounds,Site Lighting,289520,289520
EAST 152ND STREET-COURTLANDT AVENUE,221,Grounds,Stairs / Ramps,45656.7,102890.45
EAST 152ND STREET-COURTLANDT AVENUE,221,Heating,Decarbonization,22893779.48,22893779.48
EAST 152ND STREET-COURTLANDT AVENUE,221,Interior Electrical/Lighting,Electrical System,0,2368244.3
EAST 152ND STREET-COURTLANDT AVENUE,221,Interior Electrical/Lighting,Emergency and Exit Lighting and Panels,83592.84,83592.84
EAST 152ND STREET-COURTLANDT AVENUE,221,Interior Electrical/Lighting,Interior Lighting Fixture,1011805.48,1011805.48
EAST 152ND STREET-COURTLANDT AVENUE,221,Interior Electrical/Lighting,PA System,,21667.7
EAST 152ND STREET-COURTLANDT AVENUE,221,Lead Based Paint,Lead Based Paint,221000,221000
EAST 152ND STREET-COURTLANDT AVENUE,221,Plumbing,Building Drainage,44064.72,44064.72
EAST 152ND STREET-COURTLANDT AVENUE,221,Plumbing,Gas Risers,3236.53,3236.53
EAST 152ND STREET-COURTLANDT AVENUE,221,Plumbing,Roof Tank,1138364.78,1138364.78
EAST 152ND STREET-COURTLANDT AVENUE,221,Plumbing,Underground Hydronic Piping,,223171
EAST 152ND STREET-COURTLANDT AVENUE,221,Plumbing,Underground Natural Gas Piping,,92428
EAST 152ND STREET-COURTLANDT AVENUE,221,Safety And Security,Additional Security,1172060.4,1172060.4
EAST 152ND STREET-COURTLANDT AVENUE,221,Safety And Security,Intrusion Alarm,,107323.29
EAST 152ND STREET-COURTLANDT AVENUE,221,Ventilation/Air Conditioning,Air Conditioning,937752.16,995079.83
EAST 152ND STREET-COURTLANDT AVENUE,221,Waste Management,Waste Infrastructure,2106169.58,2106169.58
EAST 165TH STREET-BRYANT AVENUE,111,Apartments,Apartment 504 Access,200000,200000
EAST 165TH STREET-BRYANT AVENUE,111,Apartments,Apartment Bathroom,5408774.28,5408774.28
EAST 165TH STREET-BRYANT AVENUE,111,Apartments,Apartment Entrance Doors,724399.32,724399.32
EAST 165TH STREET-BRYANT AVENUE,111,Apartments,Apartment Kitchen,4256733.45,4256733.45
EAST 165TH STREET-BRYANT AVENUE,111,Apartments,Apartment Renovation,9386868.12,11477624.98
EAST 165TH STREET-BRYANT AVENUE,111,Building Exterior/Facade/Window,Brickwork,,11544906.93
EAST 165TH STREET-BRYANT AVENUE,111,Building Exterior/Facade/Window,Building Windows,4681831.72,4681831.72
EAST 165TH STREET-BRYANT AVENUE,111,Building Exterior/Facade/Window,Entrances/Exits,1000405.67,1000405.67
EAST 165TH STREET-BRYANT AVENUE,111,Building Exterior/Facade/Window,Foundations,4275.35,4275.35
EAST 165TH STREET-BRYANT AVENUE,111,Common Areas/Lobbies,Building Common Area Finishes ,602746.27,602746.27
EAST 165TH STREET-BRYANT AVENUE,111,Common Areas/Lobbies,Interior Building Doors,249781.7,249781.7
EAST 165TH STREET-BRYANT AVENUE,111,Common Areas/Lobbies,Interior Building Stairs,,3884817.78
EAST 165TH STREET-BRYANT AVENUE,111,Grounds,Building Exterior Walkways and Retaining Walls,77846.2,85677.4
EAST 165TH STREET-BRYANT AVENUE,111,Grounds,Lighting - Exterior Security,469617.6,469617.6
EAST 165TH STREET-BRYANT AVENUE,111,Grounds,Open Spaces,,1896886.8
EAST 165TH STREET-BRYANT AVENUE,111,Grounds,Parking Lot,670473,670473
EAST 165TH STREET-BRYANT AVENUE,111,Grounds,Paving - Non-Vehicular Area,613137,613137
EAST 165TH STREET-BRYANT AVENUE,111,Grounds,Playgrounds,113904,113904
EAST 165TH STREET-BRYANT AVENUE,111,Grounds,Site Fences,1104542.4,1104542.4
EAST 165TH STREET-BRYANT AVENUE,111,Grounds,Site Lighting,9047.5,9047.5
EAST 165TH STREET-BRYANT AVENUE,111,Grounds,Stairs / Ramps,30033.75,30033.75
EAST 165TH STREET-BRYANT AVENUE,111,Heating,Common Spaces Radiator / Convector / Baseboard,,249443.21
EAST 165TH STREET-BRYANT AVENUE,111,Heating,Decarbonization,3376548.89,3376548.89
EAST 165TH STREET-BRYANT AVENUE,111,Heating,Heating System,,3438817.5
EAST 165TH STREET-BRYANT AVENUE,111,Interior Electrical/Lighting,Electrical System,,3728152.01
EAST 165TH STREET-BRYANT AVENUE,111,Interior Electrical/Lighting,Emergency and Exit Lighting and Panels,27821.93,27821.93
EAST 165TH STREET-BRYANT AVENUE,111,Interior Electrical/Lighting,Interior Lighting Fixture,495061.08,495061.08
EAST 165TH STREET-BRYANT AVENUE,111,Lead Based Paint,Lead Based Paint,0,0
EAST 165TH STREET-BRYANT AVENUE,111,Plumbing,Building Drainage,14688.24,14688.24
EAST 165TH STREET-BRYANT AVENUE,111,Roofs,Building Roof/Parapets/Misc,5711561.71,5711561.71
EAST 165TH STREET-BRYANT AVENUE,111,Safety And Security,Additional Security,500000,500000
EAST 165TH STREET-BRYANT AVENUE,111,Waste Management,Waste Infrastructure,1971007.76,1971007.76
EAST 173RD STREET-VYSE AVENUE,168,Apartments,Apartment 504 Access,400000,400000
EAST 173RD STREET-VYSE AVENUE,168,Apartments,Apartment Bathroom,10262802.48,10262802.48
EAST 173RD STREET-VYSE AVENUE,168,Apartments,Apartment Entrance Doors,1096388.16,1096388.16
EAST 173RD STREET-VYSE AVENUE,168,Apartments,Apartment Kitchen,6442623.6,6442623.6
EAST 173RD STREET-VYSE AVENUE,168,Apartments,Apartment Renovation,14543312.14,15920007.28
EAST 173RD STREET-VYSE AVENUE,168,Building Exterior/Facade/Window,Brickwork,,16162869.7
EAST 173RD STREET-VYSE AVENUE,168,Building Exterior/Facade/Window,Building Windows,5171855.83,5171855.83
EAST 173RD STREET-VYSE AVENUE,168,Building Exterior/Facade/Window,Entrances/Exits,94532.08,94532.08
EAST 173RD STREET-VYSE AVENUE,168,Common Areas/Lobbies,Building Common Area Finishes ,1414551.12,1414551.12
EAST 173RD STREET-VYSE AVENUE,168,Common Areas/Lobbies,Building Common Areas - Bathroom,,56908.45
EAST 173RD STREET-VYSE AVENUE,168,Common Areas/Lobbies,Interior Building Doors,471474.65,471474.65
EAST 173RD STREET-VYSE AVENUE,168,Common Areas/Lobbies,Interior Building Stairs,,5827226.67
EAST 173RD STREET-VYSE AVENUE,168,Grounds,Building Exterior Walkways and Retaining Walls,43271.02,75901.02
EAST 173RD STREET-VYSE AVENUE,168,Grounds,Landscaping,3252,3252
EAST 173RD STREET-VYSE AVENUE,168,Grounds,Lighting - Exterior Security,387434.52,387434.52
EAST 173RD STREET-VYSE AVENUE,168,Grounds,Open Spaces,,2386716.53
EAST 173RD STREET-VYSE AVENUE,168,Grounds,Parking Lot,792659.2,792659.2
EAST 173RD STREET-VYSE AVENUE,168,Grounds,Paving - Non-Vehicular Area,680832.33,680832.33
EAST 173RD STREET-VYSE AVENUE,168,Grounds,Playgrounds,381578.4,381578.4
EAST 173RD STREET-VYSE AVENUE,168,Grounds,Site Fences,1265621.5,1265621.5
EAST 173RD STREET-VYSE AVENUE,168,Grounds,Site Lighting,63332.5,63332.5
EAST 173RD STREET-VYSE AVENUE,168,Grounds,Stairs / Ramps,612503.82,836298.02
EAST 173RD STREET-VYSE AVENUE,168,Heating,Common Spaces Radiator / Convector / Baseboard,,68811.92
EAST 173RD STREET-VYSE AVENUE,168,Heating,Decarbonization,11824152.8,11824152.8
EAST 173RD STREET-VYSE AVENUE,168,Interior Electrical/Lighting,Electrical System,0,5031932.12
EAST 173RD STREET-VYSE AVENUE,168,Interior Electrical/Lighting,Emergency and Exit Lighting and Panels,5131.04,5131.04
EAST 173RD STREET-VYSE AVENUE,168,Interior Electrical/Lighting,Interior Lighting Fixture,664392.24,664392.24
EAST 173RD STREET-VYSE AVENUE,168,Interior Electrical/Lighting,Telephone/Intercom,,518787.36
EAST 173RD STREET-VYSE AVENUE,168,Lead Based Paint,Lead Based Paint,0,0
EAST 173RD STREET-VYSE AVENUE,168,Plumbing,Building Drainage,,29376.48
EAST 173RD STREET-VYSE AVENUE,168,Safety And Security,Additional Security,700000,700000
EAST 173RD STREET-VYSE AVENUE,168,Waste Management,Waste Infrastructure,1971007.76,1971007.76
EAST 180TH STREET-MONTEREY AVENUE,239,Apartments,Apartment 504 Access,600000,600000
EAST 180TH STREET-MONTEREY AVENUE,239,Apartments,Apartment Bathroom,11326065.8,11326065.8
EAST 180TH STREET-MONTEREY AVENUE,239,Apartments,Apartment Entrance Doors,1559742.68,1559742.68
EAST 180TH STREET-MONTEREY AVENUE,239,Apartments,Apartment Kitchen,9127050.1,9127050.1
EAST 180TH STREET-MONTEREY AVENUE,239,Apartments,Apartment Renovation,23663498.81,24121733.37
EAST 180TH STREET-MONTEREY AVENUE,239,Building Exterior/Facade/Window,Brickwork,2533934.93,2533934.93
EAST 180TH STREET-MONTEREY AVENUE,239,Building Exterior/Facade/Window,Building Windows,7686767.43,7686767.43
EAST 180TH STREET-MONTEREY AVENUE,239,Building Exterior/Facade/Window,Entrances/Exits,304480.46,304480.46
EAST 180TH STREET-MONTEREY AVENUE,239,Building Exterior/Facade/Window,Foundations,11510.9,11510.9
EAST 180TH STREET-MONTEREY AVENUE,239,Common Areas/Lobbies,Building Common Area Finishes ,1920556.44,1920556.44
EAST 180TH STREET-MONTEREY AVENUE,239,Common Areas/Lobbies,Building Common Areas - Bathroom,,967443.65
EAST 180TH STREET-MONTEREY AVENUE,239,Common Areas/Lobbies,Interior Building Doors,1137615.75,1137615.75
EAST 180TH STREET-MONTEREY AVENUE,239,Common Areas/Lobbies,Interior Building Stairs,,3759501.08
EAST 180TH STREET-MONTEREY AVENUE,239,Common Areas/Lobbies,Non Residential Kitchen,1266270.06,1266270.06
EAST 180TH STREET-MONTEREY AVENUE,239,Elevators,Elevators,,5853254.76
EAST 180TH STREET-MONTEREY AVENUE,239,Fire Protection,Standpipe System,34846.02,34846.02
EAST 180TH STREET-MONTEREY AVENUE,239,Grounds,Fixed Site Equipment,26145.24,26145.24
EAST 180TH STREET-MONTEREY AVENUE,239,Grounds,Lighting - Exterior Security,311121.66,311121.66
EAST 180TH STREET-MONTEREY AVENUE,239,Grounds,Open Spaces,,3806966.04
EAST 180TH STREET-MONTEREY AVENUE,239,Grounds,Parking Lot,98118,98118
EAST 180TH STREET-MONTEREY AVENUE,239,Grounds,Paving - Non-Vehicular Area,834200,834200
EAST 180TH STREET-MONTEREY AVENUE,239,Grounds,Playgrounds,141430.8,141430.8
EAST 180TH STREET-MONTEREY AVENUE,239,Grounds,Site Fences,2478140,2478140
EAST 180TH STREET-MONTEREY AVENUE,239,Grounds,Site Lighting,27142.5,27142.5
EAST 180TH STREET-MONTEREY AVENUE,239,Grounds,Stairs / Ramps,102930.3,429980.3
EAST 180TH STREET-MONTEREY AVENUE,239,Heating,Building Steam Piping,,12679555
EAST 180TH STREET-MONTEREY AVENUE,239,Heating,Common Spaces Radiator / Convector / Baseboard,,189232.78
EAST 180TH STREET-MONTEREY AVENUE,239,Heating,Decarbonization,5704776.8,5704776.8
EAST 180TH STREET-MONTEREY AVENUE,239,Interior Electrical/Lighting,Electrical System,1206266.98,2032975.42
EAST 180TH STREET-MONTEREY AVENUE,239,Interior Electrical/Lighting,Emergency and Exit Lighting and Panels,56251.69,90359.01
EAST 180TH STREET-MONTEREY AVENUE,239,Interior Electrical/Lighting,Interior Lighting Fixture,1364712.86,1364712.86
EAST 180TH STREET-MONTEREY AVENUE,239,Lead Based Paint,Lead Based Paint,2256757.98,2256757.98
EAST 180TH STREET-MONTEREY AVENUE,239,Plumbing,Roof Tank,1138364.78,1138364.78
EAST 180TH STREET-MONTEREY AVENUE,239,Plumbing,Underground Hydronic Piping,,133902.6
EAST 180TH STREET-MONTEREY AVENUE,239,Plumbing,Underground Natural Gas Piping,,46214
EAST 180TH STREET-MONTEREY AVENUE,239,Roofs,Building Roof/Parapets/Misc,4356932.78,4356932.78
EAST 180TH STREET-MONTEREY AVENUE,239,Safety And Security,Additional Security,2393483.4,2393483.4
EAST 180TH STREET-MONTEREY AVENUE,239,Safety And Security,CCTV,,561123.92
EAST 180TH STREET-MONTEREY AVENUE,239,Safety And Security,Intrusion Alarm,,214646.58
EAST 180TH STREET-MONTEREY AVENUE,239,Ventilation/Air Conditioning,Air Conditioning,32537.4,32537.4
EAST 180TH STREET-MONTEREY AVENUE,239,Waste Management,Waste Infrastructure,2111956.17,2111956.17
EAST NEW YORK CITY LINE,66,Apartments,Apartment 504 Access,200000,200000
EAST NEW YORK CITY LINE,66,Apartments,Apartment Bathroom,4206824.44,4206824.44
EAST NEW YORK CITY LINE,66,Apartments,Apartment Kitchen,1917447.5,1917447.5
EAST NEW YORK CITY LINE,66,Apartments,Apartment Renovation,5015860.15,5561507.51
EAST NEW YORK CITY LINE,66,Building Exterior/Facade/Window,Brickwork,9206.17,9206.17
EAST NEW YORK CITY LINE,66,Building Exterior/Facade/Window,Building Windows,2558398.38,2672626.54
EAST NEW YORK CITY LINE,66,Building Exterior/Facade/Window,Entrances/Exits,2649338.9,2649338.9
EAST NEW YORK CITY LINE,66,Building Exterior/Facade/Window,Foundations,79293.48,79293.48
EAST NEW YORK CITY LINE,66,Grounds,Building Exterior Walkways and Retaining Walls,11736.29,11736.29
EAST NEW YORK CITY LINE,66,Grounds,Fixed Site Equipment,29230.24,29230.24
EAST NEW YORK CITY LINE,66,Grounds,Lighting - Exterior Security,616375.05,645726.15
EAST NEW YORK CITY LINE,66,Grounds,Open Spaces,,2302428.45
EAST NEW YORK CITY LINE,66,Grounds,Paving - Non-Vehicular Area,704899,704899
EAST NEW YORK CITY LINE,66,Grounds,Playgrounds,261030,261030
EAST NEW YORK CITY LINE,66,Grounds,Site Fences,1284384.56,1284384.56
EAST NEW YORK CITY LINE,66,Grounds,Site Walls (Not Retaining Walls),1204,1204
EAST NEW YORK CITY LINE,66,Grounds,Stairs / Ramps,867377.61,967230.4
EAST NEW YORK CITY LINE,66,Heating,Decarbonization,3069825.19,3069825.19
EAST NEW YORK CITY LINE,66,Heating,Hot Water System,,8366003.8
EAST NEW YORK CITY LINE,66,Interior Electrical/Lighting,Electrical System,0,2671022.87
EAST NEW YORK CITY LINE,66,Interior Electrical/Lighting,Interior Lighting Fixture,163943.52,163943.52
EAST NEW YORK CITY LINE,66,Lead Based Paint,Lead Based Paint,370208.52,370208.52
EAST NEW YORK CITY LINE,66,Plumbing,Building Drainage,58752.96,73441.2
EAST NEW YORK CITY LINE,66,Plumbing,Building Sewage System,0,0
EAST NEW YORK CITY LINE,66,Plumbing,Domestic Hot Water System,128242.06,714683.9
EAST NEW YORK CITY LINE,66,Plumbing,Underground Hydronic Piping,,4909762
EAST NEW YORK CITY LINE,66,Plumbing,Underground Natural Gas Piping,,1848560
EAST NEW YORK CITY LINE,66,Roofs,Building Roof/Parapets/Misc,491741.01,10570883.44
EAST NEW YORK CITY LINE,66,Safety And Security,Additional Security,3300000,3300000
EAST NEW YORK CITY LINE,66,Ventilation/Air Conditioning,Exhaust Fan,13008.6,13008.6
EAST NEW YORK CITY LINE,66,Waste Management,Waste Infrastructure,1971007.76,1971007.76
EAST RIVER,1170,Apartments,Apartment 504 Access,2800000,2800000
EAST RIVER,1170,Apartments,Apartment Bathroom,53856598.6,53856598.6
EAST RIVER,1170,Apartments,Apartment Entrance Doors,7635560.4,7635560.4
EAST RIVER,1170,Apartments,Apartment Kitchen,44676526.75,44676526.75
EAST RIVER,1170,Apartments,Apartment Renovation,85018403.16,96758884.91
EAST RIVER,1170,Building Exterior/Facade/Window,Brickwork,,4000000
EAST RIVER,1170,Building Exterior/Facade/Window,Building Windows,47725217.72,47725217.72
EAST RIVER,1170,Building Exterior/Facade/Window,Entrances/Exits,433532.58,433532.58
EAST RIVER,1170,Building Exterior/Facade/Window,Foundations,34629,34629
EAST RIVER,1170,Common Areas/Lobbies,Building Common Area Finishes ,5596787.81,5596787.81
EAST RIVER,1170,Common Areas/Lobbies,Building Common Areas - Bathroom,1251985.9,2390154.9
EAST RIVER,1170,Common Areas/Lobbies,Interior Building Doors,3687397.15,3687397.15
EAST RIVER,1170,Common Areas/Lobbies,Interior Building Stairs,3990.33,17109720.22
EAST RIVER,1170,Common Areas/Lobbies,Non Residential Kitchen,2114645.36,2536735.38
EAST RIVER,1170,Elevators,Elevators,51215979.15,51215979.15
EAST RIVER,1170,Fire Protection,Fire Alarm,,175669.98
EAST RIVER,1170,Fire Protection,Fire Sprinkler,0,0
EAST RIVER,1170,Fire Protection,Standpipe System,,1720051.2
EAST RIVER,1170,Grounds,Building Exterior Walkways and Retaining Walls,170782.26,183834.26
EAST RIVER,1170,Grounds,Fixed Site Equipment,16097.45,16097.45
EAST RIVER,1170,Grounds,Open Spaces,,0
EAST RIVER,1170,Grounds,Parking Lot,1147524.8,1147524.8
EAST RIVER,1170,Grounds,Paving - Non-Vehicular Area,2807083,2807083
EAST RIVER,1170,Grounds,Site Fences,1947110,1947110
EAST RIVER,1170,Grounds,Stairs / Ramps,16602.6,950683.6
EAST RIVER,1170,Grounds,Storm Piping,2645161,2645161
EAST RIVER,1170,Heating,Building Steam Piping,64144233.46,64506705.02
EAST RIVER,1170,Heating,Common Spaces Radiator / Convector / Baseboard,,1006374.33
EAST RIVER,1170,Heating,Decarbonization,0,0
EAST RIVER,1170,Heating,Heating System,13702877.87,14140918.06
EAST RIVER,1170,Heating,Underground Steam and Condensate Return Piping,11228678,11228678
EAST RIVER,1170,Interior Electrical/Lighting,Electrical System,96659.62,13484264.28
EAST RIVER,1170,Interior Electrical/Lighting,Emergency and Exit Lighting and Panels,34134.62,311125.87
EAST RIVER,1170,Interior Electrical/Lighting,Interior Lighting Fixture,3064176.39,3147333.19
EAST RIVER,1170,Interior Electrical/Lighting,Telephone/Intercom,148224.96,963462.24
EAST RIVER,1170,Lead Based Paint,Lead Based Paint,7890978.6,7890978.6
EAST RIVER,1170,Plumbing,Building Drainage,1047701.72,1047701.72
EAST RIVER,1170,Plumbing,Building Sewage System,7601391.18,7601391.18
EAST RIVER,1170,Plumbing,Domestic Hot Water System,432370,432370
EAST RIVER,1170,Plumbing,Domestic Water System,,52172565.5
EAST RIVER,1170,Plumbing,Non Residential Spaces Plumbing Fixtures,3401.06,3401.06
EAST RIVER,1170,Plumbing,Roof Tank,1138364.78,1138364.78
EAST RIVER,1170,Plumbing,Underground Hydronic Piping,4932079.1,4932079.1
EAST RIVER,1170,Plumbing,Underground Natural Gas Piping,1718236.52,1718236.52
EAST RIVER,1170,Roofs,Building Roof/Parapets/Misc,2767230.29,2767230.29
EAST RIVER,1170,Safety And Security,Additional Security,9490672.8,9490672.8
EAST RIVER,1170,Safety And Security,Intrusion Alarm,,107323.29
EAST RIVER,1170,Ventilation/Air Conditioning,Air Conditioning,42665.51,42665.51
EAST RIVER,1170,Ventilation/Air Conditioning,Exhaust Fan,13259.23,13259.23
EAST RIVER,1170,Waste Management,Garbage Chute,18125.52,18125.52
EAST RIVER,1170,Waste Management,Waste Infrastructure,4297778.09,4297778.09
EASTCHESTER GARDENS,877,Apartments,Apartment 504 Access,2000000,2000000
EASTCHESTER GARDENS,877,Apartments,Apartment Bathroom,40404006.16,40404006.16
EASTCHESTER GARDENS,877,Apartments,Apartment Entrance Doors,5723407.24,5723407.24
EASTCHESTER GARDENS,877,Apartments,Apartment Kitchen,33516982.3,33516982.3
EASTCHESTER GARDENS,877,Apartments,Apartment Renovation,82809773.01,84079639.37
EASTCHESTER GARDENS,877,Building Exterior/Facade/Window,Brickwork,753.6,4000753.6
EASTCHESTER GARDENS,877,Building Exterior/Facade/Window,Building Windows,40820787.09,40820787.09
EASTCHESTER GARDENS,877,Building Exterior/Facade/Window,Entrances/Exits,1133019.83,1133019.83
EASTCHESTER GARDENS,877,Building Exterior/Facade/Window,Foundations,455229.5,455229.5
EASTCHESTER GARDENS,877,Common Areas/Lobbies,Building Common Area Finishes ,4385139.09,4517660.49
EASTCHESTER GARDENS,877,Common Areas/Lobbies,Building Common Areas - Bathroom,56908.45,853626.75
EASTCHESTER GARDENS,877,Common Areas/Lobbies,Building Gymnasium,235548.67,235548.67
EASTCHESTER GARDENS,877,Common Areas/Lobbies,Interior Building Doors,3694630.26,3694630.26
EASTCHESTER GARDENS,877,Common Areas/Lobbies,Interior Building Stairs,2312.06,15040316.36
EASTCHESTER GARDENS,877,Common Areas/Lobbies,Non Residential Kitchen,2972971.61,2972971.61
EASTCHESTER GARDENS,877,Elevators,Elevators,,21949705.35
EASTCHESTER GARDENS,877,Fire Protection,Fire Alarm,,463209.96
EASTCHESTER GARDENS,877,Grounds,Building Exterior Walkways and Retaining Walls,26644.57,26644.57
EASTCHESTER GARDENS,877,Grounds,Landscaping,42341.11,42341.11
EASTCHESTER GARDENS,877,Grounds,Lighting - Exterior Security,639853.98,639853.98
EASTCHESTER GARDENS,877,Grounds,Open Spaces,,6600575.11
EASTCHESTER GARDENS,877,Grounds,Parking Lot,373028.05,373028.05
EASTCHESTER GARDENS,877,Grounds,Paving - Non-Vehicular Area,1437743.7,1437743.7
EASTCHESTER GARDENS,877,Grounds,Playgrounds,756512.4,756512.4
EASTCHESTER GARDENS,877,Grounds,Site Fences,4311963.6,4311963.6
EASTCHESTER GARDENS,877,Grounds,Site Lighting,868560,868560
EASTCHESTER GARDENS,877,Grounds,Stairs / Ramps,148829.26,437504.26
EASTCHESTER GARDENS,877,Grounds,Storm Piping,,5568760
EASTCHESTER GARDENS,877,Heating,Building Steam Piping,24357929.77,24985957.85
EASTCHESTER GARDENS,877,Heating,Common Spaces Radiator / Convector / Baseboard,175209.16,682697.07
EASTCHESTER GARDENS,877,Heating,Decarbonization,0,0
EASTCHESTER GARDENS,877,Heating,Heating System,13818065.78,14142904.46
EASTCHESTER GARDENS,877,Interior Electrical/Lighting,Electrical System,,7331688.85
EASTCHESTER GARDENS,877,Interior Electrical/Lighting,Emergency and Exit Lighting and Panels,67404.23,99405.54
EASTCHESTER GARDENS,877,Interior Electrical/Lighting,Public Address System,21667.7,43335.4
EASTCHESTER GARDENS,877,Interior Electrical/Lighting,Telephone/Intercom,148224.96,222337.44
EASTCHESTER GARDENS,877,Lead Based Paint,Lead Based Paint,6101182.74,6101182.74
EASTCHESTER GARDENS,877,Plumbing,Building Drainage,220323.6,1968862.5
EASTCHESTER GARDENS,877,Plumbing,Building Sewage System,,6788876.4
EASTCHESTER GARDENS,877,Plumbing,Domestic Hot Water System,23204.12,233259.5
EASTCHESTER GARDENS,877,Plumbing,Domestic Water System,,43048661
EASTCHESTER GARDENS,877,Plumbing,Underground Hydronic Piping,3012808.5,3012808.5
EASTCHESTER GARDENS,877,Plumbing,Underground Natural Gas Piping,1293992,1293992
EASTCHESTER GARDENS,877,Safety And Security,Additional Security,6787078.2,6787078.2
EASTCHESTER GARDENS,877,Safety And Security,CCTV,561123.92,841685.88
EASTCHESTER GARDENS,877,Safety And Security,Intrusion Alarm,214646.58,429293.16
EASTCHESTER GARDENS,877,Ventilation/Air Conditioning,Air Conditioning,210150.94,1696776.31
EASTCHESTER GARDENS,877,Ventilation/Air Conditioning,Building Ductwork,6097.79,6097.79
EASTCHESTER GARDENS,877,Ventilation/Air Conditioning,Exhaust Fan,1445.4,1445.4
EASTCHESTER GARDENS,877,Waste Management,Waste Infrastructure,3334285.61,3334285.61
EDENWALD,2039,Apartments,Apartment 504 Access,4800000,4800000
EDENWALD,2039,Apartments,Apartment Bathroom,94075689.4,94075689.4
EDENWALD,2039,Apartments,Apartment Entrance Doors,13306758.68,13306758.68
EDENWALD,2039,Apartments,Apartment Kitchen,78040113.25,78040113.25
EDENWALD,2039,Apartments,Apartment Renovation,208900471,222071633.6
EDENWALD,2039,Building Exterior/Facade/Window,Brickwork,7147.6,4807147.6
EDENWALD,2039,Building Exterior/Facade/Window,Building Loading Dock,3378.8,3378.8
EDENWALD,2039,Building Exterior/Facade/Window,Building Windows,82618492.79,82618492.79
EDENWALD,2039,Building Exterior/Facade/Window,Entrances/Exits,4538007.49,4538007.49
EDENWALD,2039,Building Exterior/Facade/Window,Foundations,467164.05,467164.05
EDENWALD,2039,Common Areas/Lobbies,Building Common Area Finishes ,9667266.59,9667266.59
EDENWALD,2039,Common Areas/Lobbies,Building Common Areas - Bathroom,1081260.55,1479619.7
EDENWALD,2039,Common Areas/Lobbies,Interior Building Doors,6254370.35,6254370.35
EDENWALD,2039,Common Areas/Lobbies,Interior Building Stairs,,30953225.52
EDENWALD,2039,Common Areas/Lobbies,Non Residential Kitchen,4238625.48,4238625.48
EDENWALD,2039,Elevators,Elevators,35131073.11,35131073.11
EDENWALD,2039,Fire Protection,Fire Sprinkler,11325.81,11325.81
EDENWALD,2039,Fire Protection,Standpipe System,10324.4,3097202
EDENWALD,2039,Grounds,Building Exterior Walkways and Retaining Walls,118547.09,157964.13
EDENWALD,2039,Grounds,Fixed Site Equipment,20386.47,20386.47
EDENWALD,2039,Grounds,Landscaping,25712.54,25712.54
EDENWALD,2039,Grounds,Lighting - Exterior Security,1541536.54,1846787.98
EDENWALD,2039,Grounds,Open Spaces,,21194742.01
EDENWALD,2039,Grounds,Parking Lot,3632084.69,3632084.69
EDENWALD,2039,Grounds,Paving - Non-Vehicular Area,,11578696
EDENWALD,2039,Grounds,Playgrounds,685797,685797
EDENWALD,2039,Grounds,Site Fences,8850500,8850500
EDENWALD,2039,Grounds,Site Lighting,1194270,1194270
EDENWALD,2039,Grounds,Stairs / Ramps,462053.86,997821.5
EDENWALD,2039,Grounds,Storm Piping,80483.52,10521908.52
EDENWALD,2039,Heating,Air Source Heat Pump,4416.07,4416.07
EDENWALD,2039,Heating,Building Steam Piping,122331855.9,124369434.7
EDENWALD,2039,Heating,Common Spaces Radiator / Convector / Baseboard,836259.65,1679205.67
EDENWALD,2039,Heating,Decarbonization,48574145.58,48574145.58
EDENWALD,2039,Heating,Heating System,84355.7,84355.7
EDENWALD,2039,Heating,Through Wall/Window Heat Pump,9973.32,9973.32
EDENWALD,2039,Interior Electrical/Lighting,Electrical System,5620307.8,44467494.91
EDENWALD,2039,Interior Electrical/Lighting,Emergency and Exit Lighting and Panels,33015.2,172961.25
EDENWALD,2039,Interior Electrical/Lighting,Interior Lighting Fixture,252559.8,252559.8
EDENWALD,2039,Interior Electrical/Lighting,PA System,21667.7,21667.7
EDENWALD,2039,Interior Electrical/Lighting,Public Address System,21667.7,21667.7
EDENWALD,2039,Interior Electrical/Lighting,Telephone/Intercom,974512.97,1493300.33
EDENWALD,2039,Interior Electrical/Lighting,Transformer,159448.63,159448.63
EDENWALD,2039,Lead Based Paint,Lead Based Paint,29785123.86,29785123.86
EDENWALD,2039,Plumbing,Building Drainage,701250.63,8809855.35
EDENWALD,2039,Plumbing,Building Sewage System,0,15311628.9
EDENWALD,2039,Plumbing,Domestic Water System,145813.06,72800006.16
EDENWALD,2039,Plumbing,Gas Risers,14895.49,14895.49
EDENWALD,2039,Plumbing,Non Residential Spaces Plumbing Fixtures,7433.59,7433.59
EDENWALD,2039,Plumbing,Roof Tank,671130.97,2620566.73
EDENWALD,2039,Plumbing,Underground Hydronic Piping,33475650,33475650
EDENWALD,2039,Roofs,Building Roof/Parapets/Misc,46814442.77,46814442.77
EDENWALD,2039,Safety And Security,Additional Security,23355977.4,23355977.4
EDENWALD,2039,Ventilation/Air Conditioning,Air Conditioning,28290.47,28290.47
EDENWALD,2039,Ventilation/Air Conditioning,Building Ductwork,9168.32,9168.32
EDENWALD,2039,Ventilation/Air Conditioning,Exhaust Fan,13259.23,13259.23
EDENWALD,2039,Waste Management,Garbage Chute,283233.12,283233.12
EDENWALD,2039,Waste Management,Waste Infrastructure,8384698.09,8384698.09
ELLIOTT,608,Apartments,Apartment 504 Access,1400000,1400000
ELLIOTT,608,Apartments,Apartment Bathroom,28523194.28,28523194.28
ELLIOTT,608,Apartments,Apartment Entrance Doors,3967880.96,3967880.96
ELLIOTT,608,Apartments,Apartment Kitchen,23277812.65,23277812.65
ELLIOTT,608,Apartments,Apartment Renovation,51269185.57,53098273.76
ELLIOTT,608,Building Exterior/Facade/Window,Brickwork,10504263.7,10504263.7
ELLIOTT,608,Building Exterior/Facade/Window,Building Windows,26744489.97,26744489.97
ELLIOTT,608,Building Exterior/Facade/Window,Entrances/Exits,480727.26,504955.98
ELLIOTT,608,Building Exterior/Facade/Window,Foundations,102318.25,102318.25
ELLIOTT,608,Common Areas/Lobbies,Building Common Area Finishes ,2385409.64,2385409.64
ELLIOTT,608,Common Areas/Lobbies,Building Common Areas - Bathroom,967443.65,1251985.9
ELLIOTT,608,Common Areas/Lobbies,Interior Building Doors,2759424.1,2759424.1
ELLIOTT,608,Common Areas/Lobbies,Interior Building Stairs,988.75,9462399.79
ELLIOTT,608,Common Areas/Lobbies,Non Residential Kitchen,422090.02,422090.02
ELLIOTT,608,Elevators,Elevators,11706509.52,11706509.52
ELLIOTT,608,Fire Protection,Fire Alarm,,175669.98
ELLIOTT,608,Fire Protection,Fire Sprinkler,0,0
ELLIOTT,608,Grounds,Building Exterior Walkways and Retaining Walls,83275.56,85885.96
ELLIOTT,608,Grounds,Landscaping,14498.5,14498.5
ELLIOTT,608,Grounds,Lighting - Exterior Security,135457.72,135457.72
ELLIOTT,608,Grounds,Open Spaces,,3742408.1
ELLIOTT,608,Grounds,Paving - Non-Vehicular Area,1259642,1259642
ELLIOTT,608,Grounds,Site Fences,2230326,2230326
ELLIOTT,608,Grounds,Site Lighting,,153807.5
ELLIOTT,608,Grounds,Site Walls (Not Retaining Walls),1204,1204
ELLIOTT,608,Grounds,Stairs / Ramps,120818.3,889842.6
ELLIOTT,608,Heating,Common Spaces Radiator / Convector / Baseboard,,851547.51
ELLIOTT,608,Heating,Decarbonization,42721790.2,42721790.2
ELLIOTT,608,Interior Electrical/Lighting,Electrical System,1056542.36,5645117.7
ELLIOTT,608,Interior Electrical/Lighting,Emergency and Exit Lighting and Panels,127701.28,127701.28
ELLIOTT,608,Interior Electrical/Lighting,Interior Lighting Fixture,439539.96,999097.12
ELLIOTT,608,Lead Based Paint,Lead Based Paint,4500893.76,4500893.76
ELLIOTT,608,Plumbing,Building Drainage,44064.72,44064.72
ELLIOTT,608,Plumbing,Building Sewage System,196834.6,196834.6
ELLIOTT,608,Plumbing,Domestic Water System,7818.5,7818.5
ELLIOTT,608,Plumbing,Roof Tank,1138364.78,1138364.78
ELLIOTT,608,Plumbing,Underground Hydronic Piping,2320978.4,2320978.4
ELLIOTT,608,Plumbing,Underground Natural Gas Piping,212584.4,212584.4
ELLIOTT,608,Roofs,Building Roof/Parapets/Misc,7189424.32,7189424.32
ELLIOTT,608,Safety And Security,Additional Security,3421395.6,3421395.6
ELLIOTT,608,Ventilation/Air Conditioning,Air Conditioning,87866.34,87866.34
ELLIOTT,608,Waste Management,Exterior Compactor,,296610.94
ELLIOTT,608,Waste Management,Garbage Chute,30320.4,30320.4
ELLIOTT,608,Waste Management,Waste Infrastructure,633232.76,633232.76
FARRAGUT,1390,Apartments,Apartment 504 Access,3200000,3200000
FARRAGUT,1390,Apartments,Apartment Bathroom,64211858.76,64211858.76
FARRAGUT,1390,Apartments,Apartment Entrance Doors,9071306.8,9071306.8
FARRAGUT,1390,Apartments,Apartment Kitchen,53266691.55,53266691.55
FARRAGUT,1390,Apartments,Apartment Renovation,128676572.1,136109541.7
FARRAGUT,1390,Building Exterior/Facade/Window,Brickwork,4852869.87,8052869.87
FARRAGUT,1390,Building Exterior/Facade/Window,Building Windows,478830.15,478830.15
FARRAGUT,1390,Building Exterior/Facade/Window,Entrances/Exits,775937.72,775937.72
FARRAGUT,1390,Building Exterior/Facade/Window,Foundations,88852.1,88852.1
FARRAGUT,1390,Common Areas/Lobbies,Building Common Area Finishes ,5824218.73,5824218.73
FARRAGUT,1390,Common Areas/Lobbies,Building Common Areas - Bathroom,625992.95,1991795.75
FARRAGUT,1390,Common Areas/Lobbies,Building Gymnasium,178574.92,178574.92
FARRAGUT,1390,Common Areas/Lobbies,Building Locker Room and Shower,9049.6,9049.6
FARRAGUT,1390,Common Areas/Lobbies,Interior Building Doors,4189279.55,4189279.55
FARRAGUT,1390,Common Areas/Lobbies,Interior Building Stairs,15793.61,18875957.33
FARRAGUT,1390,Common Areas/Lobbies,Non Residential Kitchen,2532540.12,2532540.12
FARRAGUT,1390,Elevators,Elevators,29266273.8,29266273.8
FARRAGUT,1390,Fire Protection,Fire Alarm,,111870
FARRAGUT,1390,Fire Protection,Fire Sprinkler,13346.4,13346.4
FARRAGUT,1390,Fire Protection,Standpipe System,5162.2,4893998.2
FARRAGUT,1390,Grounds,Building Exterior Walkways and Retaining Walls,80370.58,99948.58
FARRAGUT,1390,Grounds,Fixed Site Equipment,8216.61,8216.61
FARRAGUT,1390,Grounds,Open Spaces,,7748604.61
FARRAGUT,1390,Grounds,Parking Lot,1379153.7,1379153.7
FARRAGUT,1390,Grounds,Paving - Non-Vehicular Area,1860266,1860266
FARRAGUT,1390,Grounds,Playgrounds,631218,631218
FARRAGUT,1390,Grounds,Site Fences,5221795,5221795
FARRAGUT,1390,Grounds,Site Lighting,434280,434280
FARRAGUT,1390,Grounds,Stairs / Ramps,18308.8,395458.2
FARRAGUT,1390,Grounds,Storm Piping,,13921900
FARRAGUT,1390,Heating,Building Steam Piping,44685785.56,44854975.52
FARRAGUT,1390,Heating,Common Spaces Radiator / Convector / Baseboard,731126.65,1161201.15
FARRAGUT,1390,Heating,Decarbonization,0,0
FARRAGUT,1390,Heating,Heating System,20425.24,20425.24
FARRAGUT,1390,Heating,Through Wall/Window Heat Pump,4986.66,4986.66
FARRAGUT,1390,Heating,Underground Steam and Condensate Return Piping,27092200,27092200
FARRAGUT,1390,Interior Electrical/Lighting,Electrical System,2180888.68,14328804.86
FARRAGUT,1390,Interior Electrical/Lighting,Emergency and Exit Lighting and Panels,82131.83,100956.13
FARRAGUT,1390,Interior Electrical/Lighting,Interior Lighting Fixture,3982.58,3982.58
FARRAGUT,1390,Interior Electrical/Lighting,Public Address System,21667.7,21667.7
FARRAGUT,1390,Interior Electrical/Lighting,Telephone/Intercom,,518787.36
FARRAGUT,1390,Lead Based Paint,Lead Based Paint,7941303.94,7941303.94
FARRAGUT,1390,Plumbing,Building Drainage,163363.87,7927367.35
FARRAGUT,1390,Plumbing,Building Sewage System,87279.34,12074118.34
FARRAGUT,1390,Plumbing,Domestic Hot Water System,674421,674421
FARRAGUT,1390,Plumbing,Gas Risers,9709.59,9709.59
FARRAGUT,1390,Plumbing,Non Residential Spaces Plumbing Fixtures,3401.06,3401.06
FARRAGUT,1390,Plumbing,Roof Tank,490940.7,490940.7
FARRAGUT,1390,Plumbing,Underground Natural Gas Piping,4621400,4621400
FARRAGUT,1390,Roofs,Building Roof/Parapets/Misc,11316,11316
FARRAGUT,1390,Safety And Security,Additional Security,6330643.2,6330643.2
FARRAGUT,1390,Safety And Security,Intrusion Alarm,,107323.29
FARRAGUT,1390,Ventilation/Air Conditioning,Air Conditioning,32977.96,90305.63
FARRAGUT,1390,Ventilation/Air Conditioning,Building Ductwork,5933.4,5933.4
FARRAGUT,1390,Ventilation/Air Conditioning,Exhaust Fan,5061.55,5061.55
FARRAGUT,1390,Waste Management,Garbage Chute,27797.76,27797.76
FARRAGUT,1390,Waste Management,Waste Infrastructure,3412555.04,3412555.04
FENIMORE-LEFFERTS,36,Apartments,Apartment 504 Access,200000,200000
FENIMORE-LEFFERTS,36,Apartments,Apartment Bathroom,2727501.56,2727501.56
FENIMORE-LEFFERTS,36,Apartments,Apartment Entrance Doors,234940.32,234940.32
FENIMORE-LEFFERTS,36,Apartments,Apartment Kitchen,1227166.4,1227166.4
FENIMORE-LEFFERTS,36,Apartments,Apartment Renovation,2708617.76,2920353.06
FENIMORE-LEFFERTS,36,Building Exterior/Facade/Window,Brickwork,1884,3601884
FENIMORE-LEFFERTS,36,Building Exterior/Facade/Window,Building Windows,783079.44,933003.9
FENIMORE-LEFFERTS,36,Building Exterior/Facade/Window,Entrances/Exits,803451.32,803451.32
FENIMORE-LEFFERTS,36,Building Exterior/Facade/Window,Foundations,21973.25,21973.25
FENIMORE-LEFFERTS,36,Common Areas/Lobbies,Building Common Area Finishes ,100339.8,215052
FENIMORE-LEFFERTS,36,Common Areas/Lobbies,Interior Building Doors,354451.3,354451.3
FENIMORE-LEFFERTS,36,Common Areas/Lobbies,Interior Building Stairs,4515.51,1132365.83
FENIMORE-LEFFERTS,36,Grounds,Building Exterior Walkways and Retaining Walls,49015.71,49015.71
FENIMORE-LEFFERTS,36,Grounds,Lighting - Exterior Security,206838.81,206838.81
FENIMORE-LEFFERTS,36,Grounds,Open Spaces,,800035.4
FENIMORE-LEFFERTS,36,Grounds,Paving - Non-Vehicular Area,298643.6,298643.6
FENIMORE-LEFFERTS,36,Grounds,Site Fences,499168.2,499168.2
FENIMORE-LEFFERTS,36,Grounds,Site Walls (Not Retaining Walls),2223.6,2223.6
FENIMORE-LEFFERTS,36,Grounds,Stairs / Ramps,20694.4,228362.9
FENIMORE-LEFFERTS,36,Heating,Common Spaces Radiator / Convector / Baseboard,25804.47,146225.33
FENIMORE-LEFFERTS,36,Heating,Decarbonization,1674450.11,1674450.11
FENIMORE-LEFFERTS,36,Heating,Hot Water System,,3975048
FENIMORE-LEFFERTS,36,Interior Electrical/Lighting,Electrical System,,2059397.46
FENIMORE-LEFFERTS,36,Interior Electrical/Lighting,Interior Lighting Fixture,205921.39,378471.75
FENIMORE-LEFFERTS,36,Lead Based Paint,Lead Based Paint,231399.12,231399.12
FENIMORE-LEFFERTS,36,Plumbing,Building Drainage,45951.66,45951.66
FENIMORE-LEFFERTS,36,Plumbing,Domestic Hot Water System,,397624
FENIMORE-LEFFERTS,36,Plumbing,Gas Risers,3236.53,3236.53
FENIMORE-LEFFERTS,36,Plumbing,Underground Hydronic Piping,,1405977.3
FENIMORE-LEFFERTS,36,Plumbing,Underground Natural Gas Piping,,480625.6
FENIMORE-LEFFERTS,36,Roofs,Building Roof/Parapets/Misc,1095623.86,1095623.86
FENIMORE-LEFFERTS,36,Safety And Security,Additional Security,1800000,1800000
FENIMORE-LEFFERTS,36,Waste Management,Waste Infrastructure,1953647.98,1953647.98
FIRST HOUSES,126,Apartments,Apartment 504 Access,200000,200000
FIRST HOUSES,126,Apartments,Apartment Bathroom,5824833.84,5824833.84
FIRST HOUSES,126,Apartments,Apartment Entrance Doors,822291.12,822291.12
FIRST HOUSES,126,Apartments,Apartment Kitchen,4831967.7,4831967.7
FIRST HOUSES,126,Apartments,Apartment Renovation,7436235.55,8349780.35
FIRST HOUSES,126,Building Exterior/Facade/Window,Brickwork,2887.7,2887.7
FIRST HOUSES,126,Building Exterior/Facade/Window,Building Windows,6345326.07,6345326.07
FIRST HOUSES,126,Building Exterior/Facade/Window,Entrances/Exits,389047.89,389047.89
FIRST HOUSES,126,Building Exterior/Facade/Window,Fire Escapes,,3659712.84
FIRST HOUSES,126,Building Exterior/Facade/Window,Foundations,4774.5,4774.5
FIRST HOUSES,126,Common Areas/Lobbies,Building Common Area Finishes ,1406056.76,1778632.86
FIRST HOUSES,126,Common Areas/Lobbies,Building Common Areas - Bathroom,113816.9,682901.4
FIRST HOUSES,126,Common Areas/Lobbies,Interior Building Doors,435609.45,455982.45
FIRST HOUSES,126,Common Areas/Lobbies,Interior Building Stairs,,2318359
FIRST HOUSES,126,Common Areas/Lobbies,Non Residential Kitchen,844180.04,844180.04
FIRST HOUSES,126,Grounds,Building Exterior Walkways and Retaining Walls,73701.4,84143
FIRST HOUSES,126,Grounds,Landscaping,1246.6,1246.6
FIRST HOUSES,126,Grounds,Lighting - Exterior Security,328732.32,328732.32
FIRST HOUSES,126,Grounds,Open Spaces,,0
FIRST HOUSES,126,Grounds,Paving - Non-Vehicular Area,1051092,1051092
FIRST HOUSES,126,Grounds,Playgrounds,132888,132888
FIRST HOUSES,126,Grounds,Site Fences,143378.1,143378.1
FIRST HOUSES,126,Grounds,Site Lighting,45237.5,45237.5
FIRST HOUSES,126,Grounds,Site Walls (Not Retaining Walls),25037.65,25037.65
FIRST HOUSES,126,Grounds,Stairs / Ramps,30128.65,78052.15
FIRST HOUSES,126,Heating,Common Spaces Radiator / Convector / Baseboard,,180631.29
FIRST HOUSES,126,Heating,Decarbonization,9693414.65,9693414.65
FIRST HOUSES,126,Interior Electrical/Lighting,Electrical System,1502892.88,3457782.96
FIRST HOUSES,126,Interior Electrical/Lighting,Emergency and Exit Lighting and Panels,9533.74,9533.74
FIRST HOUSES,126,Interior Electrical/Lighting,Interior Lighting Fixture,699924.6,824659.8
FIRST HOUSES,126,Lead Based Paint,Lead Based Paint,1067928.12,1067928.12
FIRST HOUSES,126,Plumbing,Building Drainage,29376.48,29376.48
FIRST HOUSES,126,Plumbing,Building Sewage System,,245601.9
FIRST HOUSES,126,Plumbing,Domestic Water System,,1557552.04
FIRST HOUSES,126,Plumbing,Underground Hydronic Piping,725305.75,725305.75
FIRST HOUSES,126,Plumbing,Underground Natural Gas Piping,295769.6,295769.6
FIRST HOUSES,126,Roofs,Building Roof/Parapets/Misc,3415840.65,9634648.49
FIRST HOUSES,126,Safety And Security,Additional Security,4247271,4247271
FIRST HOUSES,126,Safety And Security,CCTV,,1122247.84
FIRST HOUSES,126,Safety And Security,Intrusion Alarm,,107323.29
FIRST HOUSES,126,Ventilation/Air Conditioning,Air Conditioning,,169958.86
FIRST HOUSES,126,Waste Management,Waste Infrastructure,2494295.24,2494295.24
FOREST,1350,Apartments,Apartment 504 Access,3200000,3200000
FOREST,1350,Apartments,Apartment Bathroom,65783639.32,65783639.32
FOREST,1350,Apartments,Apartment Entrance Doors,8810262,8810262
FOREST,1350,Apartments,Apartment Kitchen,51656035.65,51656035.65
FOREST,1350,Apartments,Apartment Renovation,115879128.5,131093641.6
FOREST,1350,Building Exterior/Facade/Window,Brickwork,39287540.81,39287540.81
FOREST,1350,Building Exterior/Facade/Window,Building Loading Dock,978.9,978.9
FOREST,1350,Building Exterior/Facade/Window,Building Windows,60247001.06,60247001.06
FOREST,1350,Building Exterior/Facade/Window,Entrances/Exits,1113255.2,1113255.2
FOREST,1350,Building Exterior/Facade/Window,Foundations,121676.6,121676.6
FOREST,1350,Common Areas/Lobbies,Building Common Area Finishes ,5809589.18,5809589.18
FOREST,1350,Common Areas/Lobbies,Building Common Areas - Bathroom,625992.95,1877978.85
FOREST,1350,Common Areas/Lobbies,Building Gymnasium,36907.46,36907.46
FOREST,1350,Common Areas/Lobbies,Building Locker Room and Shower,16784,16784
FOREST,1350,Common Areas/Lobbies,Interior Building Doors,4265561.14,4265561.14
FOREST,1350,Common Areas/Lobbies,Interior Building Stairs,2713.68,21118578.05
FOREST,1350,Common Areas/Lobbies,Non Residential Kitchen,2532540.12,2532540.12
FOREST,1350,Elevators,Elevators,38046155.94,43899410.7
FOREST,1350,Fire Protection,Fire Alarm,,338436.96
FOREST,1350,Fire Protection,Standpipe System,,2774606.4
FOREST,1350,Grounds,Building Exterior Walkways and Retaining Walls,80735.06,106839.06
FOREST,1350,Grounds,Landscaping,4570.87,4570.87
FOREST,1350,Grounds,Lighting - Exterior Security,817301.08,864262.84
FOREST,1350,Grounds,Open Spaces,,3948311.37
FOREST,1350,Grounds,Parking Lot,2601918.8,2601918.8
FOREST,1350,Grounds,Playgrounds,536298,536298
FOREST,1350,Grounds,Site Fences,3407442.5,3407442.5
FOREST,1350,Grounds,Site Lighting,687610,687610
FOREST,1350,Grounds,Stairs / Ramps,828625.76,886133.96
FOREST,1350,Heating,Decarbonization,139641695.6,139641695.6
FOREST,1350,Interior Electrical/Lighting,Electrical System,76273.98,22464105.83
FOREST,1350,Interior Electrical/Lighting,Emergency and Exit Lighting and Panels,104413.96,138297.7
FOREST,1350,Interior Electrical/Lighting,Interior Lighting Fixture,4994753.97,4994753.97
FOREST,1350,Interior Electrical/Lighting,Public Address System,21667.7,43335.4
FOREST,1350,Interior Electrical/Lighting,Telephone/Intercom,222337.44,222337.44
FOREST,1350,Lead Based Paint,Lead Based Paint,17238262.5,17238262.5
FOREST,1350,Plumbing,Building Drainage,205635.36,2469205.11
FOREST,1350,Plumbing,Domestic Water System,109364,13326348.25
FOREST,1350,Plumbing,Gas Risers,3236.53,3236.53
FOREST,1350,Plumbing,Roof Tank,1220188.23,1220188.23
FOREST,1350,Roofs,Building Roof/Parapets/Misc,17508456.82,17508456.82
FOREST,1350,Safety And Security,Additional Security,7591756.2,7591756.2
FOREST,1350,Safety And Security,Intrusion Alarm,214646.58,321969.87
FOREST,1350,Ventilation/Air Conditioning,Building Ductwork,11202.1,11202.1
FOREST,1350,Ventilation/Air Conditioning,Exhaust Fan,4821.54,4821.54
FOREST,1350,Waste Management,Garbage Chute,7852.32,7852.32
FOREST,1350,Waste Management,Waste Infrastructure,3756246.17,3756246.17
FORT INDEPENDENCE STREET-HEATH AVENUE,344,Apartments,Apartment 504 Access,800000,800000
FORT INDEPENDENCE STREET-HEATH AVENUE,344,Apartments,Apartment Bathroom,17058441.96,17058441.96
FORT INDEPENDENCE STREET-HEATH AVENUE,344,Apartments,Apartment Entrance Doors,2244985.28,2244985.28
FORT INDEPENDENCE STREET-HEATH AVENUE,344,Apartments,Apartment Kitchen,13153689.85,13153689.85
FORT INDEPENDENCE STREET-HEATH AVENUE,344,Apartments,Apartment Renovation,29124999.35,30694637.49
FORT INDEPENDENCE STREET-HEATH AVENUE,344,Building Exterior/Facade/Window,Brickwork,2627338.43,2627338.43
FORT INDEPENDENCE STREET-HEATH AVENUE,344,Building Exterior/Facade/Window,Building Windows,7738218.6,7738218.6
FORT INDEPENDENCE STREET-HEATH AVENUE,344,Building Exterior/Facade/Window,Entrances/Exits,208024.57,208024.57
FORT INDEPENDENCE STREET-HEATH AVENUE,344,Building Exterior/Facade/Window,Foundations,13009.1,13009.1
FORT INDEPENDENCE STREET-HEATH AVENUE,344,Common Areas/Lobbies,Building Common Area Finishes ,2260125.62,2269046.9
FORT INDEPENDENCE STREET-HEATH AVENUE,344,Common Areas/Lobbies,Building Common Areas - Bathroom,,682901.4
FORT INDEPENDENCE STREET-HEATH AVENUE,344,Common Areas/Lobbies,Building Gymnasium,52380,52380
FORT INDEPENDENCE STREET-HEATH AVENUE,344,Common Areas/Lobbies,Interior Building Doors,1185531.2,1185531.2
FORT INDEPENDENCE STREET-HEATH AVENUE,344,Common Areas/Lobbies,Interior Building Stairs,,2694309.1
FORT INDEPENDENCE STREET-HEATH AVENUE,344,Common Areas/Lobbies,Non Residential Kitchen,844180.04,844180.04
FORT INDEPENDENCE STREET-HEATH AVENUE,344,Elevators,Elevators,,7316568.45
FORT INDEPENDENCE STREET-HEATH AVENUE,344,Fire Protection,Fire Alarm,63799.98,63799.98
FORT INDEPENDENCE STREET-HEATH AVENUE,344,Fire Protection,Fire Sprinkler,,50593.08
FORT INDEPENDENCE STREET-HEATH AVENUE,344,Grounds,Building Exterior Walkways and Retaining Walls,25710,25710
FORT INDEPENDENCE STREET-HEATH AVENUE,344,Grounds,Lighting - Exterior Security,258289.68,258289.68
FORT INDEPENDENCE STREET-HEATH AVENUE,344,Grounds,Open Spaces,,1175991.99
FORT INDEPENDENCE STREET-HEATH AVENUE,344,Grounds,Parking Lot,517845,517845
FORT INDEPENDENCE STREET-HEATH AVENUE,344,Grounds,Paving - Non-Vehicular Area,417100,417100
FORT INDEPENDENCE STREET-HEATH AVENUE,344,Grounds,Site Fences,3540200,3540200
FORT INDEPENDENCE STREET-HEATH AVENUE,344,Grounds,Site Lighting,135712.5,135712.5
FORT INDEPENDENCE STREET-HEATH AVENUE,344,Grounds,Site Walls (Not Retaining Walls),2549.8,2549.8
FORT INDEPENDENCE STREET-HEATH AVENUE,344,Grounds,Stairs / Ramps,19169.4,84579.4
FORT INDEPENDENCE STREET-HEATH AVENUE,344,Heating,Decarbonization,35428382.72,35428382.72
FORT INDEPENDENCE STREET-HEATH AVENUE,344,Interior Electrical/Lighting,Electrical System,38136.99,1331929.11
FORT INDEPENDENCE STREET-HEATH AVENUE,344,Interior Electrical/Lighting,Emergency and Exit Lighting and Panels,56572.2,56572.2
FORT INDEPENDENCE STREET-HEATH AVENUE,344,Interior Electrical/Lighting,Interior Lighting Fixture,1881460.36,1881460.36
FORT INDEPENDENCE STREET-HEATH AVENUE,344,Lead Based Paint,Lead Based Paint,3536894.88,3536894.88
FORT INDEPENDENCE STREET-HEATH AVENUE,344,Plumbing,Building Drainage,29376.48,29376.48
FORT INDEPENDENCE STREET-HEATH AVENUE,344,Plumbing,Underground Hydronic Piping,,892684
FORT INDEPENDENCE STREET-HEATH AVENUE,344,Plumbing,Underground Natural Gas Piping,,92428
FORT INDEPENDENCE STREET-HEATH AVENUE,344,Roofs,Building Roof/Parapets/Misc,3568885.29,3568885.29
FORT INDEPENDENCE STREET-HEATH AVENUE,344,Safety And Security,Additional Security,1335847.8,1335847.8
FORT INDEPENDENCE STREET-HEATH AVENUE,344,Safety And Security,CCTV,,280561.96
FORT INDEPENDENCE STREET-HEATH AVENUE,344,Safety And Security,Intrusion Alarm,,214646.58
FORT INDEPENDENCE STREET-HEATH AVENUE,344,Waste Management,Garbage Chute,6949.44,6949.44
FORT INDEPENDENCE STREET-HEATH AVENUE,344,Waste Management,Waste Infrastructure,2123529.36,2123529.36
FULTON,944,Apartments,Apartment 504 Access,2200000,2200000
FULTON,944,Apartments,Apartment Bathroom,48817655.04,48817655.04
FULTON,944,Apartments,Apartment Entrance Doors,6160657.28,6160657.28
FULTON,944,Apartments,Apartment Kitchen,36086361.95,36086361.95
FULTON,944,Apartments,Apartment Renovation,79223899.25,84328518.01
FULTON,944,Building Exterior/Facade/Window,Brickwork,28596729.97,28596729.97
FULTON,944,Building Exterior/Facade/Window,Building Windows,464838.99,464838.99
FULTON,944,Building Exterior/Facade/Window,Entrances/Exits,1247869.63,1261859.73
FULTON,944,Building Exterior/Facade/Window,Foundations,588937.85,588937.85
FULTON,944,Common Areas/Lobbies,Building Common Area Finishes ,4178706.58,4178706.58
FULTON,944,Common Areas/Lobbies,Interior Building Doors,3835040.7,3835040.7
FULTON,944,Common Areas/Lobbies,Interior Building Stairs,14387.04,17245433.63
FULTON,944,Common Areas/Lobbies,Non Residential Kitchen,,1266270.06
FULTON,944,Elevators,Elevators,36582842.25,36582842.25
FULTON,944,Fire Protection,Fire Alarm,,169218.48
FULTON,944,Fire Protection,Standpipe System,30789.25,30789.25
FULTON,944,Grounds,Building Exterior Walkways and Retaining Walls,197398.77,197398.77
FULTON,944,Grounds,Landscaping,17073,17073
FULTON,944,Grounds,Lighting - Exterior Security,2031096.12,2031096.12
FULTON,944,Grounds,Open Spaces,,1447886
FULTON,944,Grounds,Parking Lot,2270953.75,2270953.75
FULTON,944,Grounds,Paving - Non-Vehicular Area,2151193.25,2151193.25
FULTON,944,Grounds,Playgrounds,883705.2,883705.2
FULTON,944,Grounds,Site Fences,5646619,5646619
FULTON,944,Grounds,Site Lighting,135712.5,135712.5
FULTON,944,Grounds,Site Walls (Not Retaining Walls),4625.8,4625.8
FULTON,944,Grounds,Stairs / Ramps,,206041.5
FULTON,944,Heating,Common Spaces Radiator / Convector / Baseboard,,1453651.81
FULTON,944,Heating,Decarbonization,111861938.4,111861938.4
FULTON,944,Interior Electrical/Lighting,Electrical System,4490305.03,11324575.66
FULTON,944,Interior Electrical/Lighting,Emergency and Exit Lighting and Panels,167988.2,202095.52
FULTON,944,Interior Electrical/Lighting,Interior Lighting Fixture,4476129.02,4476129.02
FULTON,944,Lead Based Paint,Lead Based Paint,8477880.48,8477880.48
FULTON,944,Plumbing,Building Drainage,146882.4,146882.4
FULTON,944,Plumbing,Building Sewage System,82399.54,82399.54
FULTON,944,Plumbing,Roof Tank,2358553.01,2358553.01
FULTON,944,Plumbing,Underground Hydronic Piping,5891714.4,5891714.4
FULTON,944,Plumbing,Underground Natural Gas Piping,1293992,1293992
FULTON,944,Safety And Security,Additional Security,7729877.4,7729877.4
FULTON,944,Safety And Security,Intrusion Alarm,,107323.29
FULTON,944,Ventilation/Air Conditioning,Building Ductwork,4719.24,4719.24
FULTON,944,Ventilation/Air Conditioning,Exhaust Fan,6026.92,6026.92
FULTON,944,Waste Management,Garbage Chute,3441.36,3441.36
FULTON,944,Waste Management,Waste Infrastructure,3621969.02,3621969.02
GARVEY (GROUP A),321,Apartments,Apartment 504 Access,800000,800000
GARVEY (GROUP A),321,Apartments,Apartment Bathroom,17012213.12,17012213.12
GARVEY (GROUP A),321,Apartments,Apartment Entrance Doors,2094884.52,2094884.52
GARVEY (GROUP A),321,Apartments,Apartment Kitchen,12233315.05,12233315.05
GARVEY (GROUP A),321,Apartments,Apartment Renovation,28794762.61,32039133.54
GARVEY (GROUP A),321,Building Exterior/Facade/Window,Brickwork,4812185.76,5312185.76
GARVEY (GROUP A),321,Building Exterior/Facade/Window,Building Windows,8560639.71,8774817.51
GARVEY (GROUP A),321,Building Exterior/Facade/Window,Entrances/Exits,515094.72,515094.72
GARVEY (GROUP A),321,Building Exterior/Facade/Window,Foundations,28684.6,28684.6
GARVEY (GROUP A),321,Common Areas/Lobbies,Building Common Area Finishes ,2769272.18,2805519.64
GARVEY (GROUP A),321,Common Areas/Lobbies,Building Common Areas - Bathroom,398359.15,1024352.1
GARVEY (GROUP A),321,Common Areas/Lobbies,Interior Building Doors,1376846.75,1376846.75
GARVEY (GROUP A),321,Common Areas/Lobbies,Interior Building Stairs,329.58,4825022.63
GARVEY (GROUP A),321,Common Areas/Lobbies,Non Residential Kitchen,1688360.08,1688360.08
GARVEY (GROUP A),321,Elevators,Elevators,,8894704.05
GARVEY (GROUP A),321,Fire Protection,Fire Alarm,163428.98,386724.36
GARVEY (GROUP A),321,Grounds,Building Exterior Walkways and Retaining Walls,58332,113150.4
GARVEY (GROUP A),321,Grounds,Fixed Site Equipment,8546.44,8546.44
GARVEY (GROUP A),321,Grounds,Lighting - Exterior Security,457877.16,457877.16
GARVEY (GROUP A),321,Grounds,Open Spaces,,0
GARVEY (GROUP A),321,Grounds,Parking Lot,700092.07,700092.07
GARVEY (GROUP A),321,Grounds,Paving - Non-Vehicular Area,8394137.5,8394137.5
GARVEY (GROUP A),321,Grounds,Playgrounds,104412,104412
GARVEY (GROUP A),321,Grounds,Site Fences,1504585,1504585
GARVEY (GROUP A),321,Grounds,Site Lighting,67146.72,67146.72
GARVEY (GROUP A),321,Grounds,Stairs / Ramps,13649.6,82491.15
GARVEY (GROUP A),321,Heating,Air Source Heat Pump,26865.51,26865.51
GARVEY (GROUP A),321,Heating,Decarbonization,33149363.95,33149363.95
GARVEY (GROUP A),321,Interior Electrical/Lighting,Electrical System,76273.98,5134543.74
GARVEY (GROUP A),321,Interior Electrical/Lighting,Emergency and Exit Lighting and Panels,7016.29,41793.48
GARVEY (GROUP A),321,Interior Electrical/Lighting,Emergency Generator Set,344856.13,344856.13
GARVEY (GROUP A),321,Interior Electrical/Lighting,Interior Lighting Fixture,1582589.49,1582589.49
GARVEY (GROUP A),321,Interior Electrical/Lighting,Telephone/Intercom,222337.44,222337.44
GARVEY (GROUP A),321,Lead Based Paint,Lead Based Paint,2805334.02,2805334.02
GARVEY (GROUP A),321,Plumbing,Building Drainage,17310.77,17310.77
GARVEY (GROUP A),321,Plumbing,Building Sewage System,314935.36,314935.36
GARVEY (GROUP A),321,Plumbing,Roof Tank,1138364.78,1138364.78
GARVEY (GROUP A),321,Plumbing,Underground Hydronic Piping,,669513
GARVEY (GROUP A),321,Plumbing,Underground Natural Gas Piping,,277284
GARVEY (GROUP A),321,Roofs,Building Roof/Parapets/Misc,6648491.1,6648491.1
GARVEY (GROUP A),321,Safety And Security,Additional Security,2296728,2296728
GARVEY (GROUP A),321,Safety And Security,CCTV,280561.96,841685.88
GARVEY (GROUP A),321,Safety And Security,Intrusion Alarm,214646.58,321969.87
GARVEY (GROUP A),321,Ventilation/Air Conditioning,Air Conditioning,3997.46,75108.8
GARVEY (GROUP A),321,Ventilation/Air Conditioning,Building Ductwork,0,0
GARVEY (GROUP A),321,Ventilation/Air Conditioning,Exhaust Fan,26753.14,26753.14
GARVEY (GROUP A),321,Waste Management,Waste Infrastructure,2337845.27,2337845.27
GLEBE AVENUE-WESTCHESTER AVENUE,132,Apartments,Apartment 504 Access,400000,400000
GLEBE AVENUE-WESTCHESTER AVENUE,132,Apartments,Apartment Bathroom,6055978.04,6055978.04
GLEBE AVENUE-WESTCHESTER AVENUE,132,Apartments,Apartment Entrance Doors,861447.84,861447.84
GLEBE AVENUE-WESTCHESTER AVENUE,132,Apartments,Apartment Kitchen,5023712.45,5023712.45
GLEBE AVENUE-WESTCHESTER AVENUE,132,Apartments,Apartment Renovation,9303092.45,10565820.94
GLEBE AVENUE-WESTCHESTER AVENUE,132,Building Exterior/Facade/Window,Brickwork,,400000
GLEBE AVENUE-WESTCHESTER AVENUE,132,Building Exterior/Facade/Window,Building Windows,2807103.08,2807103.08
GLEBE AVENUE-WESTCHESTER AVENUE,132,Building Exterior/Facade/Window,Entrances/Exits,139319.46,139319.46
GLEBE AVENUE-WESTCHESTER AVENUE,132,Building Exterior/Facade/Window,Foundations,27084.2,27084.2
GLEBE AVENUE-WESTCHESTER AVENUE,132,Common Areas/Lobbies,Building Common Area Finishes ,1064347.17,1064347.17
GLEBE AVENUE-WESTCHESTER AVENUE,132,Common Areas/Lobbies,Building Common Areas - Bathroom,,455267.6
GLEBE AVENUE-WESTCHESTER AVENUE,132,Common Areas/Lobbies,Interior Building Doors,494864.7,494864.7
GLEBE AVENUE-WESTCHESTER AVENUE,132,Common Areas/Lobbies,Interior Building Stairs,1254.85,565180.01
GLEBE AVENUE-WESTCHESTER AVENUE,132,Common Areas/Lobbies,Non Residential Kitchen,428055.42,850145.44
GLEBE AVENUE-WESTCHESTER AVENUE,132,Elevators,Elevators,2926627.38,2926627.38
GLEBE AVENUE-WESTCHESTER AVENUE,132,Grounds,Building Exterior Walkways and Retaining Walls,2458.8,4416.6
GLEBE AVENUE-WESTCHESTER AVENUE,132,Grounds,Fixed Site Equipment,8156.61,8156.61
GLEBE AVENUE-WESTCHESTER AVENUE,132,Grounds,Landscaping,8130.01,8130.01
GLEBE AVENUE-WESTCHESTER AVENUE,132,Grounds,Lighting - Exterior Security,158495.94,158495.94
GLEBE AVENUE-WESTCHESTER AVENUE,132,Grounds,Open Spaces,,2092090.47
GLEBE AVENUE-WESTCHESTER AVENUE,132,Grounds,Parking Lot,608021.35,608021.35
GLEBE AVENUE-WESTCHESTER AVENUE,132,Grounds,Paving - Non-Vehicular Area,297183.75,297183.75
GLEBE AVENUE-WESTCHESTER AVENUE,132,Grounds,Site Fences,1731157.8,1731157.8
GLEBE AVENUE-WESTCHESTER AVENUE,132,Grounds,Site Lighting,45237.5,45237.5
GLEBE AVENUE-WESTCHESTER AVENUE,132,Grounds,Site Walls (Not Retaining Walls),14448,14448
GLEBE AVENUE-WESTCHESTER AVENUE,132,Grounds,Stairs / Ramps,18579.06,83006.26
GLEBE AVENUE-WESTCHESTER AVENUE,132,Grounds,Storm Piping,10060.44,10060.44
GLEBE AVENUE-WESTCHESTER AVENUE,132,Heating,Air Source Heat Pump,80596.53,80596.53
GLEBE AVENUE-WESTCHESTER AVENUE,132,Heating,Common Spaces Radiator / Convector / Baseboard,,301052.15
GLEBE AVENUE-WESTCHESTER AVENUE,132,Heating,Decarbonization,6093137.88,6093137.88
GLEBE AVENUE-WESTCHESTER AVENUE,132,Heating,Hot Water System,,95695.6
GLEBE AVENUE-WESTCHESTER AVENUE,132,Interior Electrical/Lighting,Electrical System,55540.82,2306844.2
GLEBE AVENUE-WESTCHESTER AVENUE,132,Interior Electrical/Lighting,Emergency and Exit Lighting and Panels,14447.1,14447.1
GLEBE AVENUE-WESTCHESTER AVENUE,132,Interior Electrical/Lighting,Interior Lighting Fixture,453872.32,453872.32
GLEBE AVENUE-WESTCHESTER AVENUE,132,Interior Electrical/Lighting,Telephone/Intercom,74112.48,74112.48
GLEBE AVENUE-WESTCHESTER AVENUE,132,Lead Based Paint,Lead Based Paint,1285207.44,1285207.44
GLEBE AVENUE-WESTCHESTER AVENUE,132,Plumbing,Building Drainage,41952.94,41952.94
GLEBE AVENUE-WESTCHESTER AVENUE,132,Plumbing,Domestic Hot Water System,14728.67,94253.47
GLEBE AVENUE-WESTCHESTER AVENUE,132,Plumbing,Domestic Water System,109364,109364
GLEBE AVENUE-WESTCHESTER AVENUE,132,Plumbing,Non Residential Spaces Plumbing Fixtures,0,0
GLEBE AVENUE-WESTCHESTER AVENUE,132,Plumbing,Underground Hydronic Piping,,111585.5
GLEBE AVENUE-WESTCHESTER AVENUE,132,Plumbing,Underground Natural Gas Piping,,46214
GLEBE AVENUE-WESTCHESTER AVENUE,132,Safety And Security,Additional Security,919837.8,919837.8
GLEBE AVENUE-WESTCHESTER AVENUE,132,Ventilation/Air Conditioning,Air Conditioning,61077.34,61077.34
GLEBE AVENUE-WESTCHESTER AVENUE,132,Ventilation/Air Conditioning,Exhaust Fan,3616.15,3616.15
GLEBE AVENUE-WESTCHESTER AVENUE,132,Waste Management,Waste Infrastructure,84940.69,84940.69
GLENMORE PLAZA,440,Apartments,Apartment 504 Access,1000000,1000000
GLENMORE PLAZA,440,Apartments,Apartment Bathroom,22328529.72,22328529.72
GLENMORE PLAZA,440,Apartments,Apartment Entrance Doors,2871492.8,2871492.8
GLENMORE PLAZA,440,Apartments,Apartment Kitchen,16835189.05,16835189.05
GLENMORE PLAZA,440,Apartments,Apartment Renovation,37025194.33,39408753.13
GLENMORE PLAZA,440,Building Exterior/Facade/Window,Brickwork,13222319.9,13222319.9
GLENMORE PLAZA,440,Building Exterior/Facade/Window,Building Windows,16095713.39,16095713.39
GLENMORE PLAZA,440,Building Exterior/Facade/Window,Entrances/Exits,115086.42,296810.46
GLENMORE PLAZA,440,Building Exterior/Facade/Window,Foundations,9549.8,9549.8
GLENMORE PLAZA,440,Common Areas/Lobbies,Building Common Area Finishes ,1437207.49,1437207.49
GLENMORE PLAZA,440,Common Areas/Lobbies,Building Common Areas - Bathroom,,341450.7
GLENMORE PLAZA,440,Common Areas/Lobbies,Interior Building Doors,2887362.35,2887362.35
GLENMORE PLAZA,440,Common Areas/Lobbies,Interior Building Stairs,,9336094.34
GLENMORE PLAZA,440,Common Areas/Lobbies,Non Residential Kitchen,433411.31,433411.31
GLENMORE PLAZA,440,Elevators,Elevators,,11859605.4
GLENMORE PLAZA,440,Fire Protection,Standpipe System,10324.4,10324.4
GLENMORE PLAZA,440,Grounds,Building Exterior Walkways and Retaining Walls,246619.58,280032.7
GLENMORE PLAZA,440,Grounds,Fixed Site Equipment,20846.29,20846.29
GLENMORE PLAZA,440,Grounds,Landscaping,921.4,921.4
GLENMORE PLAZA,440,Grounds,Lighting - Exterior Security,346342.98,346342.98
GLENMORE PLAZA,440,Grounds,Open Spaces,,4624544.79
GLENMORE PLAZA,440,Grounds,Parking Lot,2461477.2,2461477.2
GLENMORE PLAZA,440,Grounds,Paving - Non-Vehicular Area,2488001.5,2488001.5
GLENMORE PLAZA,440,Grounds,Playgrounds,201705,201705
GLENMORE PLAZA,440,Grounds,Site Fences,1699296,1699296
GLENMORE PLAZA,440,Grounds,Site Lighting,399995.63,399995.63
GLENMORE PLAZA,440,Grounds,Site Walls (Not Retaining Walls),5565.75,5565.75
GLENMORE PLAZA,440,Grounds,Stairs / Ramps,43197.35,286009.75
GLENMORE PLAZA,440,Heating,Building Steam Piping,128854.4,53162471.4
GLENMORE PLAZA,440,Heating,Common Spaces Radiator / Convector / Baseboard,146225.33,412871.52
GLENMORE PLAZA,440,Heating,Decarbonization,0,0
GLENMORE PLAZA,440,Heating,Heating System,106307.48,7019997.05
GLENMORE PLAZA,440,Heating,Underground Steam and Condensate Return Piping,,4940930
GLENMORE PLAZA,440,Interior Electrical/Lighting,Electrical System,1418484.47,2169930.91
GLENMORE PLAZA,440,Interior Electrical/Lighting,Emergency and Exit Lighting and Panels,47824.29,51385.69
GLENMORE PLAZA,440,Interior Electrical/Lighting,Interior Lighting Fixture,1181613.36,1366575.28
GLENMORE PLAZA,440,Interior Electrical/Lighting,Telephone/Intercom,,296449.92
GLENMORE PLAZA,440,Lead Based Paint,Lead Based Paint,440000,440000
GLENMORE PLAZA,440,Plumbing,Building Drainage,57637.24,57637.24
GLENMORE PLAZA,440,Plumbing,Building Sewage System,10599.59,207434.19
GLENMORE PLAZA,440,Plumbing,Domestic Hot Water System,38524.99,98061.47
GLENMORE PLAZA,440,Plumbing,Domestic Water System,1830.8,1830.8
GLENMORE PLAZA,440,Plumbing,Non Residential Spaces Plumbing Fixtures,6802.12,6802.12
GLENMORE PLAZA,440,Plumbing,Roof Tank,163646.9,163646.9
GLENMORE PLAZA,440,Plumbing,Underground Hydronic Piping,,2231710
GLENMORE PLAZA,440,Plumbing,Underground Natural Gas Piping,,3558478
GLENMORE PLAZA,440,Roofs,Building Roof/Parapets/Misc,1167.15,1167.15
GLENMORE PLAZA,440,Safety And Security,Additional Security,3595884.6,3595884.6
GLENMORE PLAZA,440,Safety And Security,Intrusion Alarm,107323.29,107323.29
GLENMORE PLAZA,440,Ventilation/Air Conditioning,Air Conditioning,19401.71,83631.31
GLENMORE PLAZA,440,Ventilation/Air Conditioning,Building Ductwork,9082.79,9082.79
GLENMORE PLAZA,440,Ventilation/Air Conditioning,Exhaust Fan,21696.92,21696.92
GLENMORE PLAZA,440,Waste Management,Waste Infrastructure,2343631.86,2343631.86
GLENWOOD,1188,Apartments,Apartment 504 Access,2800000,2800000
GLENWOOD,1188,Apartments,Apartment Bathroom,54873633.08,54873633.08
GLENWOOD,1188,Apartments,Apartment Entrance Doors,7753030.56,7753030.56
GLENWOOD,1188,Apartments,Apartment Kitchen,43219266.65,45520203.65
GLENWOOD,1188,Apartments,Apartment Renovation,90431654.49,104526992.8
GLENWOOD,1188,Building Exterior/Facade/Window,Brickwork,27771.5,8027771.5
GLENWOOD,1188,Building Exterior/Facade/Window,Building Windows,45119642.72,69907153.44
GLENWOOD,1188,Building Exterior/Facade/Window,Entrances/Exits,2251072.16,2251072.16
GLENWOOD,1188,Building Exterior/Facade/Window,Foundations,1066414.54,1066414.54
GLENWOOD,1188,Common Areas/Lobbies,Building Common Area Finishes ,6052761.88,6052761.88
GLENWOOD,1188,Common Areas/Lobbies,Building Common Areas - Bathroom,398359.15,625992.95
GLENWOOD,1188,Common Areas/Lobbies,Interior Building Doors,3760657.45,3760657.45
GLENWOOD,1188,Common Areas/Lobbies,Interior Building Stairs,4015654.1,19993533.67
GLENWOOD,1188,Common Areas/Lobbies,Non Residential Kitchen,1269206.42,1269206.42
GLENWOOD,1188,Elevators,Elevators,58532547.6,58532547.6
GLENWOOD,1188,Fire Protection,Fire Alarm,,175669.98
GLENWOOD,1188,Grounds,Building Exterior Walkways and Retaining Walls,269876.78,269876.78
GLENWOOD,1188,Grounds,Fixed Site Equipment,4899.06,4899.06
GLENWOOD,1188,Grounds,Landscaping,61920,61920
GLENWOOD,1188,Grounds,Lighting - Exterior Security,1831508.64,1854989.52
GLENWOOD,1188,Grounds,Open Spaces,,14250531.36
GLENWOOD,1188,Grounds,Parking Lot,4351402.5,4351402.5
GLENWOOD,1188,Grounds,Paving - Non-Vehicular Area,2141808.5,2141808.5
GLENWOOD,1188,Grounds,Playgrounds,306591.6,306591.6
GLENWOOD,1188,Grounds,Site Fences,11473788.2,11473788.2
GLENWOOD,1188,Grounds,Site Lighting,280472.5,280472.5
GLENWOOD,1188,Grounds,Stairs / Ramps,982619.37,2018522.97
GLENWOOD,1188,Grounds,Storm Piping,,1392190
GLENWOOD,1188,Heating,Decarbonization,122963421.9,122963421.9
GLENWOOD,1188,Interior Electrical/Lighting,Electrical System,4939079.75,28128433.41
GLENWOOD,1188,Interior Electrical/Lighting,Emergency and Exit Lighting and Panels,53213.28,80554.02
GLENWOOD,1188,Interior Electrical/Lighting,Interior Lighting Fixture,2757.34,2757.34
GLENWOOD,1188,Interior Electrical/Lighting,PA System,,43335.4
GLENWOOD,1188,Interior Electrical/Lighting,Public Address System,21667.7,21667.7
GLENWOOD,1188,Interior Electrical/Lighting,Telephone/Intercom,74112.48,148224.96
GLENWOOD,1188,Lead Based Paint,Lead Based Paint,17171438.44,17171438.44
GLENWOOD,1188,Plumbing,Building Drainage,194279.03,2518510.91
GLENWOOD,1188,Plumbing,Building Sewage System,,7175607.75
GLENWOOD,1188,Plumbing,Domestic Water System,19355.55,31742824.3
GLENWOOD,1188,Plumbing,Underground Hydronic Piping,3347565,3347565
GLENWOOD,1188,Plumbing,Underground Natural Gas Piping,878066,878066
GLENWOOD,1188,Roofs,Building Roof/Parapets/Misc,201802,201802
GLENWOOD,1188,Safety And Security,Additional Security,13738561.2,13738561.2
GLENWOOD,1188,Safety And Security,CCTV,,4488991.36
GLENWOOD,1188,Ventilation/Air Conditioning,Air Conditioning,322194.02,1105098.81
GLENWOOD,1188,Ventilation/Air Conditioning,Building Ductwork,49264.52,49264.52
GLENWOOD,1188,Ventilation/Air Conditioning,Exhaust Fan,17104.78,17104.78
GLENWOOD,1188,Waste Management,Garbage Chute,132284.28,132284.28
GLENWOOD,1188,Waste Management,Waste Infrastructure,4353484.98,4353484.98
GOMPERS,474,Apartments,Apartment 504 Access,1200000,1200000
GOMPERS,474,Apartments,Apartment Bathroom,22189843.2,22189843.2
GOMPERS,474,Apartments,Apartment Entrance Doors,3093380.88,3093380.88
GOMPERS,474,Apartments,Apartment Kitchen,18177402.3,18177402.3
GOMPERS,474,Apartments,Apartment Renovation,45334706.53,48622270.91
GOMPERS,474,Building Exterior/Facade/Window,Brickwork,7490042.1,7490042.1
GOMPERS,474,Building Exterior/Facade/Window,Building Windows,17788999.9,17788999.9
GOMPERS,474,Building Exterior/Facade/Window,Entrances/Exits,520408.25,520408.25
GOMPERS,474,Building Exterior/Facade/Window,Foundations,9055.1,9055.1
GOMPERS,474,Common Areas/Lobbies,Building Common Area Finishes ,2853596.2,2853596.2
GOMPERS,474,Common Areas/Lobbies,Building Common Areas - Bathroom,1138169,1479619.7
GOMPERS,474,Common Areas/Lobbies,Building Gymnasium,401955.18,401955.18
GOMPERS,474,Common Areas/Lobbies,Building Locker Room and Shower,3147,3147
GOMPERS,474,Common Areas/Lobbies,Interior Building Doors,1766586.6,1766586.6
GOMPERS,474,Common Areas/Lobbies,Interior Building Stairs,,6077860.07
GOMPERS,474,Common Areas/Lobbies,Non Residential Kitchen,844180.04,1266270.06
GOMPERS,474,Elevators,Elevators,12671036.33,12671036.33
GOMPERS,474,Fire Protection,Fire Alarm,,175669.98
GOMPERS,474,Fire Protection,Fire Sprinkler,0,0
GOMPERS,474,Fire Protection,Standpipe System,1935.89,1935.89
GOMPERS,474,Grounds,Building Exterior Walkways and Retaining Walls,119212.61,124433.41
GOMPERS,474,Grounds,Landscaping,7046,7046
GOMPERS,474,Grounds,Lighting - Exterior Security,422655.84,422655.84
GOMPERS,474,Grounds,Open Spaces,,3875125.55
GOMPERS,474,Grounds,Parking Lot,1244433.25,1244433.25
GOMPERS,474,Grounds,Paving - Non-Vehicular Area,1503645.5,1503645.5
GOMPERS,474,Grounds,Playgrounds,370188,370188
GOMPERS,474,Grounds,Site Fences,1706376.4,1706376.4
GOMPERS,474,Grounds,Stairs / Ramps,65031.95,530540.75
GOMPERS,474,Heating,Building Steam Piping,,22802510.32
GOMPERS,474,Heating,Common Spaces Radiator / Convector / Baseboard,120420.86,335458.11
GOMPERS,474,Heating,Decarbonization,0,0
GOMPERS,474,Heating,Heating System,,573136.25
GOMPERS,474,Heating,Hot Water System,,831815.6
GOMPERS,474,Heating,Underground Steam and Condensate Return Piping,988186,988186
GOMPERS,474,Interior Electrical/Lighting,Electrical System,1749118.65,2500565.09
GOMPERS,474,Interior Electrical/Lighting,Emergency and Exit Lighting and Panels,,91552.61
GOMPERS,474,Interior Electrical/Lighting,Interior Lighting Fixture,1774597.3,1774597.3
GOMPERS,474,Interior Electrical/Lighting,Telephone/Intercom,,222337.44
GOMPERS,474,Lead Based Paint,Lead Based Paint,4104931.08,4104931.08
GOMPERS,474,Plumbing,Building Drainage,73441.2,73441.2
GOMPERS,474,Plumbing,Domestic Hot Water System,130064.06,168420.21
GOMPERS,474,Plumbing,Roof Tank,1138364.78,1138364.78
GOMPERS,474,Plumbing,Underground Hydronic Piping,4619639.7,4619639.7
GOMPERS,474,Plumbing,Underground Natural Gas Piping,610024.8,610024.8
GOMPERS,474,Safety And Security,Additional Security,2189271,2189271
GOMPERS,474,Safety And Security,Intrusion Alarm,107323.29,214646.58
GOMPERS,474,Ventilation/Air Conditioning,Air Conditioning,261260.26,1213699.28
GOMPERS,474,Waste Management,Garbage Chute,3474.72,3474.72
GOMPERS,474,Waste Management,Waste Infrastructure,1799053.85,1799053.85
GOWANUS,1139,Apartments,Apartment 504 Access,2600000,2600000
GOWANUS,1139,Apartments,Apartment Bathroom,54133971.64,54133971.64
GOWANUS,1139,Apartments,Apartment Entrance Doors,7433250.68,7433250.68
GOWANUS,1139,Apartments,Apartment Kitchen,43487709.3,43487709.3
GOWANUS,1139,Apartments,Apartment Renovation,92537343.86,103636222
GOWANUS,1139,Building Exterior/Facade/Window,Brickwork,26492050.37,36005053.69
GOWANUS,1139,Building Exterior/Facade/Window,Building Windows,16069940.34,55335870.34
GOWANUS,1139,Building Exterior/Facade/Window,Entrances/Exits,230172.84,230172.84
GOWANUS,1139,Building Exterior/Facade/Window,Foundations,65594.4,65594.4
GOWANUS,1139,Common Areas/Lobbies,Building Common Area Finishes ,3967244.67,3967244.67
GOWANUS,1139,Common Areas/Lobbies,Building Common Areas - Bathroom,227633.8,455267.6
GOWANUS,1139,Common Areas/Lobbies,Interior Building Doors,3847108.9,3847108.9
GOWANUS,1139,Common Areas/Lobbies,Interior Building Stairs,,17293704.95
GOWANUS,1139,Common Areas/Lobbies,Non Residential Kitchen,844180.04,844180.04
GOWANUS,1139,Elevators,Elevators,38046155.94,38046155.94
GOWANUS,1139,Fire Protection,Fire Alarm,169218.48,169218.48
GOWANUS,1139,Fire Protection,Fire Sprinkler,0,0
GOWANUS,1139,Fire Protection,Standpipe System,,1646334.72
GOWANUS,1139,Grounds,Building Exterior Walkways and Retaining Walls,16896.16,152767.48
GOWANUS,1139,Grounds,Fixed Site Equipment,39670.7,39670.7
GOWANUS,1139,Grounds,Landscaping,5528.4,5528.4
GOWANUS,1139,Grounds,Open Spaces,,5264910.28
GOWANUS,1139,Grounds,Parking Lot,323252.5,323252.5
GOWANUS,1139,Grounds,Paving - Non-Vehicular Area,4851915.75,4851915.75
GOWANUS,1139,Grounds,Playgrounds,583758,583758
GOWANUS,1139,Grounds,Site Fences,5841330,5841330
GOWANUS,1139,Grounds,Site Walls (Not Retaining Walls),3612,3612
GOWANUS,1139,Grounds,Stairs / Ramps,16208.9,1140813.7
GOWANUS,1139,Grounds,Storm Piping,,696095
GOWANUS,1139,Heating,Building Steam Piping,78159431.33,78522451.37
GOWANUS,1139,Heating,Common Spaces Radiator / Convector / Baseboard,77413.41,636510.26
GOWANUS,1139,Heating,Decarbonization,0,0
GOWANUS,1139,Heating,Heating System,21098910.21,21158592.33
GOWANUS,1139,Heating,Through Wall/Window Heat Pump,0,0
GOWANUS,1139,Interior Electrical/Lighting,Electrical System,4502285.29,25453185.49
GOWANUS,1139,Interior Electrical/Lighting,Emergency and Exit Lighting and Panels,4243.32,50441.46
GOWANUS,1139,Interior Electrical/Lighting,Emergency Generator Set,253020.59,253020.59
GOWANUS,1139,Interior Electrical/Lighting,Interior Lighting Fixture,1517579.92,1646954.28
GOWANUS,1139,Lead Based Paint,Lead Based Paint,10988885.12,10988885.12
GOWANUS,1139,Plumbing,Building Drainage,411625.41,5708928.48
GOWANUS,1139,Plumbing,Building Sewage System,,9425980.98
GOWANUS,1139,Plumbing,Domestic Hot Water System,,238145.92
GOWANUS,1139,Plumbing,Domestic Water System,,56321346.6
GOWANUS,1139,Plumbing,Gas Risers,,17860109.36
GOWANUS,1139,Plumbing,Non Residential Spaces Plumbing Fixtures,4032.53,4032.53
GOWANUS,1139,Plumbing,Roof Tank,360380.54,2637110.1
GOWANUS,1139,Plumbing,Underground Hydronic Piping,6025617,6025617
GOWANUS,1139,Plumbing,Underground Natural Gas Piping,577675,577675
GOWANUS,1139,Safety And Security,Additional Security,9072781.2,9072781.2
GOWANUS,1139,Safety And Security,Intrusion Alarm,107323.29,214646.58
GOWANUS,1139,Ventilation/Air Conditioning,Air Conditioning,47173.14,47173.14
GOWANUS,1139,Ventilation/Air Conditioning,Exhaust Fan,24571.72,24571.72
GOWANUS,1139,Waste Management,Garbage Chute,21538.2,21538.2
GOWANUS,1139,Waste Management,Waste Infrastructure,4347114.55,4347114.55
GRANT,1940,Apartments,Apartment 504 Access,4600000,4600000
GRANT,1940,Apartments,Apartment Bathroom,89961322.64,89961322.64
GRANT,1940,Apartments,Apartment Entrance Doors,12660672.8,12660672.8
GRANT,1940,Apartments,Apartment Kitchen,74166869.3,74166869.3
GRANT,1940,Apartments,Apartment Renovation,194778947.9,217880316.1
GRANT,1940,Building Exterior/Facade/Window,Brickwork,33919959.23,33919959.23
GRANT,1940,Building Exterior/Facade/Window,Building Loading Dock,1639.35,1639.35
GRANT,1940,Building Exterior/Facade/Window,Building Windows,73707573.56,73728991.34
GRANT,1940,Building Exterior/Facade/Window,Entrances/Exits,1252398.12,1252398.12
GRANT,1940,Building Exterior/Facade/Window,Foundations,217479.66,217479.66
GRANT,1940,Common Areas/Lobbies,Building Common Area Finishes ,9864921.13,9864921.13
GRANT,1940,Common Areas/Lobbies,Building Common Areas - Bathroom,455267.6,2048704.2
GRANT,1940,Common Areas/Lobbies,Interior Building Doors,5140794.4,5140794.4
GRANT,1940,Common Areas/Lobbies,Interior Building Stairs,4735.54,23752250.66
GRANT,1940,Common Areas/Lobbies,Non Residential Kitchen,2110450.1,2110450.1
GRANT,1940,Elevators,Elevators,27309945.5,27309945.5
GRANT,1940,Fire Protection,Fire Alarm,344888.46,344888.46
GRANT,1940,Fire Protection,Fire Sprinkler,0,0
GRANT,1940,Fire Protection,Standpipe System,38717.8,1804841.8
GRANT,1940,Grounds,Building Exterior Walkways and Retaining Walls,313346.72,313346.72
GRANT,1940,Grounds,Fixed Site Equipment,7692.88,7692.88
GRANT,1940,Grounds,Landscaping,813,813
GRANT,1940,Grounds,Lighting - Exterior Security,1226875.98,1226875.98
GRANT,1940,Grounds,Open Spaces,,10806588.58
GRANT,1940,Grounds,Parking Lot,2791095.1,2791095.1
GRANT,1940,Grounds,Paving - Non-Vehicular Area,3815213.7,3815213.7
GRANT,1940,Grounds,Playgrounds,,580910.4
GRANT,1940,Grounds,Site Fences,6170568.6,6170568.6
GRANT,1940,Grounds,Site Lighting,370947.5,370947.5
GRANT,1940,Grounds,Stairs / Ramps,419651.55,462782.7
GRANT,1940,Grounds,Storm Piping,76226.9,2067058.6
GRANT,1940,Heating,Building Steam Piping,117787553.1,118343306.3
GRANT,1940,Heating,Common Spaces Radiator / Convector / Baseboard,,696720.69
GRANT,1940,Heating,Decarbonization,0,0
GRANT,1940,Heating,Heating System,436884.39,21138415.61
GRANT,1940,Heating,Steam Fan Coil Unit,,11905.57
GRANT,1940,Heating,Underground Steam and Condensate Return Piping,11067683.2,11067683.2
GRANT,1940,Interior Electrical/Lighting,Electrical System,381369.9,14130410.68
GRANT,1940,Interior Electrical/Lighting,Emergency and Exit Lighting and Panels,69677.3,85393.46
GRANT,1940,Interior Electrical/Lighting,Interior Lighting Fixture,5872754.9,5872754.9
GRANT,1940,Interior Electrical/Lighting,Telephone/Intercom,,889349.76
GRANT,1940,Lead Based Paint,Lead Based Paint,11232875.83,11232875.83
GRANT,1940,Plumbing,Building Drainage,120812.39,4530725.81
GRANT,1940,Plumbing,Building Sewage System,46698.32,14355758.27
GRANT,1940,Plumbing,Domestic Hot Water System,581567.24,626219.6
GRANT,1940,Plumbing,Domestic Water System,1830.8,58695310.3
GRANT,1940,Plumbing,Gas Risers,,27292881.65
GRANT,1940,Plumbing,Non Residential Spaces Plumbing Fixtures,3401.06,3401.06
GRANT,1940,Plumbing,Roof Tank,2194906.11,2440376.46
GRANT,1940,Plumbing,Underground Hydronic Piping,2053173.2,2053173.2
GRANT,1940,Plumbing,Underground Natural Gas Piping,1164592.8,1164592.8
GRANT,1940,Safety And Security,Additional Security,5610343.2,5610343.2
GRANT,1940,Safety And Security,CCTV,280561.96,280561.96
GRANT,1940,Safety And Security,Intrusion Alarm,214646.58,321969.87
GRANT,1940,Ventilation/Air Conditioning,Air Conditioning,30538.67,145194.01
GRANT,1940,Ventilation/Air Conditioning,Building Ductwork,6785,6785
GRANT,1940,Ventilation/Air Conditioning,Exhaust Fan,4096.18,4096.18
GRANT,1940,Waste Management,Garbage Chute,31941.84,31941.84
GRANT,1940,Waste Management,Waste Infrastructure,3749574.91,3749574.91
GRAVESEND,634,Apartments,Apartment 504 Access,1400000,1400000
GRAVESEND,634,Apartments,Apartment Bathroom,19680662.45,29943464.93
GRAVESEND,634,Apartments,Apartment Entrance Doors,3876515.28,4137560.08
GRAVESEND,634,Apartments,Apartment Kitchen,14628823.65,24676248.55
GRAVESEND,634,Apartments,Apartment Renovation,20367887.69,41934868.89
GRAVESEND,634,Building Exterior/Facade/Window,Brickwork,40566931.34,40566931.34
GRAVESEND,634,Building Exterior/Facade/Window,Building Windows,8018594.16,27294596.16
GRAVESEND,634,Building Exterior/Facade/Window,Entrances/Exits,76894.08,122325.09
GRAVESEND,634,Building Exterior/Facade/Window,Foundations,30504.05,30504.05
GRAVESEND,634,Common Areas/Lobbies,Building Common Area Finishes ,1957726.5,2582807.24
GRAVESEND,634,Common Areas/Lobbies,Building Common Areas - Bathroom,967443.65,967443.65
GRAVESEND,634,Common Areas/Lobbies,Building Locker Room and Shower,9650.8,9650.8
GRAVESEND,634,Common Areas/Lobbies,Interior Building Doors,2065013.43,2610264.33
GRAVESEND,634,Common Areas/Lobbies,Interior Building Stairs,7894952.1,13158253.5
GRAVESEND,634,Common Areas/Lobbies,Non Residential Kitchen,,2213053.29
GRAVESEND,634,Elevators,Elevators,132046.71,22081752.06
GRAVESEND,634,Fire Protection,Fire Alarm,,175669.98
GRAVESEND,634,Grounds,Building Exterior Walkways and Retaining Walls,2673840,2673840
GRAVESEND,634,Grounds,Fixed Site Equipment,25895.13,25895.13
GRAVESEND,634,Grounds,Landscaping,18970,18970
GRAVESEND,634,Grounds,Open Spaces,,0
GRAVESEND,634,Grounds,Parking Lot,15312,15312
GRAVESEND,634,Grounds,Paving - Non-Vehicular Area,1459850,1459850
GRAVESEND,634,Grounds,Playgrounds,715696.8,715696.8
GRAVESEND,634,Grounds,Site Fences,2832160,2832160
GRAVESEND,634,Grounds,Stairs / Ramps,17435.55,129257.05
GRAVESEND,634,Grounds,Storm Piping,,1670628
GRAVESEND,634,Heating,Building Steam Piping,220514,220514
GRAVESEND,634,Heating,Common Spaces Radiator / Convector / Baseboard,,326856.62
GRAVESEND,634,Heating,Decarbonization,0,0
GRAVESEND,634,Heating,Underground Steam and Condensate Return Piping,11166501.8,11166501.8
GRAVESEND,634,Interior Electrical/Lighting,Electrical System,1158941.38,1158941.38
GRAVESEND,634,Interior Electrical/Lighting,Emergency and Exit Lighting and Panels,55201.7,421405.62
GRAVESEND,634,Interior Electrical/Lighting,Interior Lighting Fixture,99074.69,99074.69
GRAVESEND,634,Interior Electrical/Lighting,Telephone/Intercom,74112.48,370562.4
GRAVESEND,634,Interior Electrical/Lighting,Transformer,0,0
GRAVESEND,634,Lead Based Paint,Lead Based Paint,1831619.54,1831619.54
GRAVESEND,634,Plumbing,Building Drainage,,2523834.45
GRAVESEND,634,Plumbing,Building Sewage System,,4349353.05
GRAVESEND,634,Plumbing,Domestic Water System,,20828484
GRAVESEND,634,Plumbing,Gas Risers,,8264425.8
GRAVESEND,634,Plumbing,Non Residential Spaces Plumbing Fixtures,3401.06,3401.06
GRAVESEND,634,Plumbing,Underground Natural Gas Piping,1136864.4,1136864.4
GRAVESEND,634,Roofs,Building Roof/Parapets/Misc,162623.45,162623.45
GRAVESEND,634,Safety And Security,Additional Security,7256596.2,7256596.2
GRAVESEND,634,Safety And Security,CCTV,,10941916.44
GRAVESEND,634,Ventilation/Air Conditioning,Building Ductwork,3550.88,3550.88
GRAVESEND,634,Ventilation/Air Conditioning,Exhaust Fan,,4673.74
GRAVESEND,634,Waste Management,Waste Infrastructure,3071520.28,3071520.28
GUN HILL,733,Apartments,Apartment 504 Access,1800000,1800000
GUN HILL,733,Apartments,Apartment Bathroom,33793282.04,33793282.04
GUN HILL,733,Apartments,Apartment Entrance Doors,4783645.96,4783645.96
GUN HILL,733,Apartments,Apartment Kitchen,28033082.45,28033082.45
GUN HILL,733,Apartments,Apartment Renovation,52253870.33,58746578.44
GUN HILL,733,Building Exterior/Facade/Window,Brickwork,16228641.94,16228641.94
GUN HILL,733,Building Exterior/Facade/Window,Building Windows,29236669.29,29236669.29
GUN HILL,733,Building Exterior/Facade/Window,Entrances/Exits,586891.21,586891.21
GUN HILL,733,Building Exterior/Facade/Window,Foundations,163992.12,163992.12
GUN HILL,733,Common Areas/Lobbies,Building Common Area Finishes ,4132825.9,4132825.9
GUN HILL,733,Common Areas/Lobbies,Building Common Areas - Bathroom,284542.25,1138169
GUN HILL,733,Common Areas/Lobbies,Interior Building Doors,2527453.6,2527453.6
GUN HILL,733,Common Areas/Lobbies,Interior Building Stairs,5495.1,10782731.52
GUN HILL,733,Common Areas/Lobbies,Non Residential Kitchen,2110450.1,2110450.1
GUN HILL,733,Elevators,Elevators,17559764.28,17559764.28
GUN HILL,733,Fire Protection,Fire Alarm,170891.98,170891.98
GUN HILL,733,Fire Protection,Fire Sprinkler,0,0
GUN HILL,733,Fire Protection,Standpipe System,,972648
GUN HILL,733,Grounds,Building Exterior Walkways and Retaining Walls,15332.67,15332.67
GUN HILL,733,Grounds,Landscaping,9918.74,9918.74
GUN HILL,733,Grounds,Lighting - Exterior Security,475487.82,522449.58
GUN HILL,733,Grounds,Open Spaces,,2468073.64
GUN HILL,733,Grounds,Parking Lot,163530,163530
GUN HILL,733,Grounds,Paving - Non-Vehicular Area,2301349.25,2301349.25
GUN HILL,733,Grounds,Playgrounds,,113904
GUN HILL,733,Grounds,Site Walls (Not Retaining Walls),963.2,963.2
GUN HILL,733,Grounds,Stairs / Ramps,229648.58,544026.74
GUN HILL,733,Grounds,Storm Piping,10060.44,1402250.44
GUN HILL,733,Heating,Decarbonization,75829170.03,75829170.03
GUN HILL,733,Interior Electrical/Lighting,Electrical System,942131.39,6421174.82
GUN HILL,733,Interior Electrical/Lighting,Emergency and Exit Lighting and Panels,43312.98,54607.56
GUN HILL,733,Interior Electrical/Lighting,Interior Lighting Fixture,2308679.79,2308679.79
GUN HILL,733,Interior Electrical/Lighting,Public Address System,21667.7,43335.4
GUN HILL,733,Interior Electrical/Lighting,Telephone/Intercom,,222337.44
GUN HILL,733,Lead Based Paint,Lead Based Paint,6255372.66,6255372.66
GUN HILL,733,Plumbing,Building Drainage,74488.14,1735101.12
GUN HILL,733,Plumbing,Building Sewage System,196834.6,4210776.1
GUN HILL,733,Plumbing,Domestic Water System,,25957420
GUN HILL,733,Plumbing,Gas Risers,,7761009
GUN HILL,733,Plumbing,Non Residential Spaces Plumbing Fixtures,10834.65,10834.65
GUN HILL,733,Plumbing,Roof Tank,163646.9,163646.9
GUN HILL,733,Plumbing,Underground Hydronic Piping,1562197,1562197
GUN HILL,733,Plumbing,Underground Natural Gas Piping,531461,531461
GUN HILL,733,Roofs,Building Roof/Parapets/Misc,8083405.64,8083405.64
GUN HILL,733,Safety And Security,Additional Security,4122673.8,4122673.8
GUN HILL,733,Safety And Security,CCTV,,280561.96
GUN HILL,733,Safety And Security,Intrusion Alarm,233745.75,448392.33
GUN HILL,733,Ventilation/Air Conditioning,Air Conditioning,7317.87,113984.88
GUN HILL,733,Ventilation/Air Conditioning,Building Ductwork,18503.54,18503.54
GUN HILL,733,Ventilation/Air Conditioning,Exhaust Fan,8437.69,8437.69
GUN HILL,733,Waste Management,Waste Infrastructure,2685551.29,2685551.29
HABER,380,Apartments,Apartment 504 Access,800000,800000
HABER,380,Apartments,Apartment Bathroom,17520730.36,17520730.36
HABER,380,Apartments,Apartment Entrance Doors,2479925.6,2479925.6
HABER,380,Apartments,Apartment Kitchen,14534252.05,14534252.05
HABER,380,Apartments,Apartment Renovation,19542668.16,27627678.17
HABER,380,Building Exterior/Facade/Window,Brickwork,8113330.77,8113330.77
HABER,380,Building Exterior/Facade/Window,Building Windows,11103204.99,11103204.99
HABER,380,Building Exterior/Facade/Window,Entrances/Exits,251379.45,251379.45
HABER,380,Building Exterior/Facade/Window,Foundations,21209.4,21209.4
HABER,380,Common Areas/Lobbies,Building Common Area Finishes ,1908620.06,1908620.06
HABER,380,Common Areas/Lobbies,Building Common Areas - Bathroom,341450.7,341450.7
HABER,380,Common Areas/Lobbies,Interior Building Doors,1078572.95,1078572.95
HABER,380,Common Areas/Lobbies,Interior Building Stairs,,5263301.51
HABER,380,Common Areas/Lobbies,Non Residential Kitchen,422090.02,422090.02
HABER,380,Elevators,Elevators,8779882.14,8779882.14
HABER,380,Grounds,Building Exterior Walkways and Retaining Walls,86370.6,86370.6
HABER,380,Grounds,Landscaping,5420,5420
HABER,380,Grounds,Lighting - Exterior Security,316991.88,316991.88
HABER,380,Grounds,Open Spaces,,1924524.1
HABER,380,Grounds,Parking Lot,1194333.8,1194333.8
HABER,380,Grounds,Paving - Non-Vehicular Area,1009799.1,1009799.1
HABER,380,Grounds,Site Fences,810705.8,810705.8
HABER,380,Grounds,Site Lighting,208092.5,208092.5
HABER,380,Grounds,Site Walls (Not Retaining Walls),3071,3071
HABER,380,Grounds,Stairs / Ramps,5418.1,34852.6
HABER,380,Heating,Common Spaces Radiator / Convector / Baseboard,,309653.64
HABER,380,Heating,Decarbonization,0,0
HABER,380,Heating,Heating System,,1380833.06
HABER,380,Heating,Hot Water System,,11844170.8
HABER,380,Interior Electrical/Lighting,Electrical System,1477675.17,2610491.51
HABER,380,Interior Electrical/Lighting,Emergency and Exit Lighting and Panels,,38765.2
HABER,380,Interior Electrical/Lighting,Interior Lighting Fixture,1094278.56,1094278.56
HABER,380,Lead Based Paint,Lead Based Paint,3214095.6,3214095.6
HABER,380,Plumbing,Building Sewage System,,78733.84
HABER,380,Plumbing,Domestic Hot Water System,61311,206259.18
HABER,380,Plumbing,Domestic Water System,7818.5,7818.5
HABER,380,Plumbing,Roof Tank,974717.88,974717.88
HABER,380,Plumbing,Underground Hydronic Piping,,1115855
HABER,380,Plumbing,Underground Natural Gas Piping,,184856
HABER,380,Roofs,Building Roof/Parapets/Misc,3659614.42,3659614.42
HABER,380,Safety And Security,Additional Security,2820195,2820195
HABER,380,Ventilation/Air Conditioning,Air Conditioning,,114655.34
HABER,380,Ventilation/Air Conditioning,Exhaust Fan,2890.8,2890.8
HABER,380,Waste Management,Waste Infrastructure,2173750.48,2173750.48
HAMMEL,712,Apartments,Apartment 504 Access,1600000,1600000
HAMMEL,712,Apartments,Apartment Bathroom,32776247.56,32776247.56
HAMMEL,712,Apartments,Apartment Entrance Doors,4646597.44,4646597.44
HAMMEL,712,Apartments,Apartment Kitchen,27189405.55,27189405.55
HAMMEL,712,Apartments,Apartment Renovation,70553007.29,77191194.32
HAMMEL,712,Building Exterior/Facade/Window,Brickwork,37601164.6,37601164.6
HAMMEL,712,Building Exterior/Facade/Window,Building Windows,31634245.11,31634245.11
HAMMEL,712,Building Exterior/Facade/Window,Entrances/Exits,1319916.67,1319916.67
HAMMEL,712,Building Exterior/Facade/Window,Foundations,31846.35,31846.35
HAMMEL,712,Common Areas/Lobbies,Building Common Area Finishes ,3512185.94,3791424.07
HAMMEL,712,Common Areas/Lobbies,Building Common Areas - Bathroom,,967443.65
HAMMEL,712,Common Areas/Lobbies,Building Gymnasium,,535724.76
HAMMEL,712,Common Areas/Lobbies,Interior Building Doors,2744356.8,2744356.8
HAMMEL,712,Common Areas/Lobbies,Interior Building Stairs,,12281036.85
HAMMEL,712,Common Areas/Lobbies,Non Residential Kitchen,844180.04,844180.04
HAMMEL,712,Elevators,Elevators,20486391.66,20486391.66
HAMMEL,712,Fire Protection,Fire Alarm,170891.98,170891.98
HAMMEL,712,Grounds,Building Exterior Walkways and Retaining Walls,191506.75,191506.75
HAMMEL,712,Grounds,Landscaping,10840,10840
HAMMEL,712,Grounds,Lighting - Exterior Security,1268955.03,1268955.03
HAMMEL,712,Grounds,Open Spaces,,7503840
HAMMEL,712,Grounds,Parking Lot,2341500,2341500
HAMMEL,712,Grounds,Paving - Non-Vehicular Area,291970,291970
HAMMEL,712,Grounds,Playgrounds,94920,94920
HAMMEL,712,Grounds,Site Fences,7080400,7080400
HAMMEL,712,Grounds,Site Lighting,325710,325710
HAMMEL,712,Grounds,Stairs / Ramps,318799,337968.4
HAMMEL,712,Grounds,Storm Piping,,1670628
HAMMEL,712,Heating,Building Steam Piping,32536840.7,32536840.7
HAMMEL,712,Heating,Common Spaces Radiator / Convector / Baseboard,,1083787.74
HAMMEL,712,Heating,Decarbonization,0,0
HAMMEL,712,Heating,Heating System,6097.76,90810.95
HAMMEL,712,Interior Electrical/Lighting,Electrical System,76273.98,2238279.45
HAMMEL,712,Interior Electrical/Lighting,Emergency and Exit Lighting and Panels,58970.81,146673.09
HAMMEL,712,Interior Electrical/Lighting,Interior Lighting Fixture,2711710.33,2726262.77
HAMMEL,712,Interior Electrical/Lighting,Public Address System,,21667.7
HAMMEL,712,Interior Electrical/Lighting,Telephone/Intercom,,148224.96
HAMMEL,712,Lead Based Paint,Lead Based Paint,12024042.53,12024042.53
HAMMEL,712,Plumbing,Building Drainage,47730.42,2679931.98
HAMMEL,712,Plumbing,Building Sewage System,,4747081.5
HAMMEL,712,Plumbing,Domestic Hot Water System,,223261.8
HAMMEL,712,Plumbing,Domestic Water System,,20695569.5
HAMMEL,712,Plumbing,Non Residential Spaces Plumbing Fixtures,3401.06,3401.06
HAMMEL,712,Plumbing,Underground Hydronic Piping,3235979.5,3235979.5
HAMMEL,712,Safety And Security,Additional Security,7026717.6,7026717.6
HAMMEL,712,Safety And Security,Intrusion Alarm,1854.97,216501.55
HAMMEL,712,Ventilation/Air Conditioning,Air Conditioning,14195.18,14195.18
HAMMEL,712,Ventilation/Air Conditioning,Building Ductwork,2359.62,2359.62
HAMMEL,712,Waste Management,Garbage Chute,10424.16,10424.16
HAMMEL,712,Waste Management,Waste Infrastructure,3249344.92,3249344.92
HARBORVIEW TERRACE,377,Apartments,Apartment 504 Access,800000,800000
HARBORVIEW TERRACE,377,Apartments,Apartment Bathroom,668406.45,20153348.86
HARBORVIEW TERRACE,377,Apartments,Apartment Entrance Doors,2460347.24,2460347.24
HARBORVIEW TERRACE,377,Apartments,Apartment Kitchen,192039.93,14649594.08
HARBORVIEW TERRACE,377,Apartments,Apartment Renovation,6256615.51,24232076.08
HARBORVIEW TERRACE,377,Building Exterior/Facade/Window,Brickwork,6388095.52,6388095.52
HARBORVIEW TERRACE,377,Building Exterior/Facade/Window,Building Windows,22616.98,22616.98
HARBORVIEW TERRACE,377,Building Exterior/Facade/Window,Entrances/Exits,322377.72,329372.77
HARBORVIEW TERRACE,377,Building Exterior/Facade/Window,Foundations,32923.4,32923.4
HARBORVIEW TERRACE,377,Common Areas/Lobbies,Building Common Area Finishes ,317806.55,764079.95
HARBORVIEW TERRACE,377,Common Areas/Lobbies,Building Common Areas - Bathroom,527.1,797245.4
HARBORVIEW TERRACE,377,Common Areas/Lobbies,Building Locker Room and Shower,,10490
HARBORVIEW TERRACE,377,Common Areas/Lobbies,Interior Building Doors,569763.87,1161673.47
HARBORVIEW TERRACE,377,Common Areas/Lobbies,Interior Building Stairs,1754433.8,3634184.3
HARBORVIEW TERRACE,377,Common Areas/Lobbies,Non Residential Kitchen,844180.04,1278139.33
HARBORVIEW TERRACE,377,Elevators,Elevators,4389941.07,7316568.45
HARBORVIEW TERRACE,377,Fire Protection,Fire Alarm,,351339.96
HARBORVIEW TERRACE,377,Fire Protection,Fire Sprinkler,516.21,516.21
HARBORVIEW TERRACE,377,Fire Protection,Standpipe System,168976.6,168976.6
HARBORVIEW TERRACE,377,Grounds,Building Exterior Walkways and Retaining Walls,302005.71,302005.71
HARBORVIEW TERRACE,377,Grounds,Fixed Site Equipment,83378.82,83378.82
HARBORVIEW TERRACE,377,Grounds,Landscaping,2457.07,2457.07
HARBORVIEW TERRACE,377,Grounds,Lighting - Exterior Security,334602.54,334602.54
HARBORVIEW TERRACE,377,Grounds,Open Spaces,,3825085.02
HARBORVIEW TERRACE,377,Grounds,Parking Lot,1509927,1556850.75
HARBORVIEW TERRACE,377,Grounds,Paving - Non-Vehicular Area,2452130.9,2452130.9
HARBORVIEW TERRACE,377,Grounds,Playgrounds,75936,75936
HARBORVIEW TERRACE,377,Grounds,Site Fences,888590.2,888590.2
HARBORVIEW TERRACE,377,Grounds,Site Lighting,769037.5,769037.5
HARBORVIEW TERRACE,377,Grounds,Site Walls (Not Retaining Walls),1444.8,1444.8
HARBORVIEW TERRACE,377,Grounds,Stairs / Ramps,106743.7,195047.2
HARBORVIEW TERRACE,377,Heating,Air Source Heat Pump,,26865.51
HARBORVIEW TERRACE,377,Heating,Common Spaces Radiator / Convector / Baseboard,1995545.68,2150372.5
HARBORVIEW TERRACE,377,Heating,Decarbonization,26533961.96,26533961.96
HARBORVIEW TERRACE,377,Heating,Hot Water System,224727.38,12856546.58
HARBORVIEW TERRACE,377,Heating,Through Wall/Window Heat Pump,,14959.98
HARBORVIEW TERRACE,377,Interior Electrical/Lighting,Electrical System,5596992.72,6007017.61
HARBORVIEW TERRACE,377,Interior Electrical/Lighting,Emergency and Exit Lighting and Panels,12989.61,48605.16
HARBORVIEW TERRACE,377,Interior Electrical/Lighting,Interior Lighting Fixture,1457284.07,1457284.07
HARBORVIEW TERRACE,377,Interior Electrical/Lighting,Telephone/Intercom,74112.48,74112.48
HARBORVIEW TERRACE,377,Lead Based Paint,Lead Based Paint,3323049.54,3323049.54
HARBORVIEW TERRACE,377,Plumbing,Building Drainage,26369.28,55745.76
HARBORVIEW TERRACE,377,Plumbing,Building Sewage System,24204.3,24204.3
HARBORVIEW TERRACE,377,Plumbing,Roof Tank,,245470.35
HARBORVIEW TERRACE,377,Roofs,Building Roof/Parapets/Misc,2914194.66,3134775.66
HARBORVIEW TERRACE,377,Safety And Security,Additional Security,1717871.4,1717871.4
HARBORVIEW TERRACE,377,Safety And Security,CCTV,8416858.8,8416858.8
HARBORVIEW TERRACE,377,Ventilation/Air Conditioning,Air Conditioning,2439.29,17075.03
HARBORVIEW TERRACE,377,Ventilation/Air Conditioning,Building Ductwork,2219.54,2219.54
HARBORVIEW TERRACE,377,Waste Management,Waste Infrastructure,2117742.77,2117742.77
HARRISON AVENUE REHAB (GROUP A),34,Apartments,Apartment 504 Access,200000,200000
HARRISON AVENUE REHAB (GROUP A),34,Apartments,Apartment Bathroom,1571780.56,1571780.56
HARRISON AVENUE REHAB (GROUP A),34,Apartments,Apartment Entrance Doors,221888.08,221888.08
HARRISON AVENUE REHAB (GROUP A),34,Apartments,Apartment Kitchen,1303864.3,1303864.3
HARRISON AVENUE REHAB (GROUP A),34,Apartments,Apartment Renovation,3041681.9,3195577.38
HARRISON AVENUE REHAB (GROUP A),34,Building Exterior/Facade/Window,Brickwork,2378250.83,2378250.83
HARRISON AVENUE REHAB (GROUP A),34,Building Exterior/Facade/Window,Building Windows,1372614.25,1372614.25
HARRISON AVENUE REHAB (GROUP A),34,Building Exterior/Facade/Window,Entrances/Exits,86893.4,86893.4
HARRISON AVENUE REHAB (GROUP A),34,Building Exterior/Facade/Window,Foundations,12553.4,12553.4
HARRISON AVENUE REHAB (GROUP A),34,Common Areas/Lobbies,Building Common Area Finishes ,271020.36,271020.36
HARRISON AVENUE REHAB (GROUP A),34,Common Areas/Lobbies,Interior Building Doors,125012.25,125012.25
HARRISON AVENUE REHAB (GROUP A),34,Common Areas/Lobbies,Interior Building Stairs,,626583.51
HARRISON AVENUE REHAB (GROUP A),34,Elevators,Elevators,,1463313.69
HARRISON AVENUE REHAB (GROUP A),34,Grounds,Lighting - Exterior Security,58702.2,58702.2
HARRISON AVENUE REHAB (GROUP A),34,Grounds,Open Spaces,,0
HARRISON AVENUE REHAB (GROUP A),34,Grounds,Paving - Non-Vehicular Area,83420,83420
HARRISON AVENUE REHAB (GROUP A),34,Grounds,Site Fences,23011.3,23011.3
HARRISON AVENUE REHAB (GROUP A),34,Grounds,Stairs / Ramps,88309.74,125920.49
HARRISON AVENUE REHAB (GROUP A),34,Heating,Common Spaces Radiator / Convector / Baseboard,,34405.96
HARRISON AVENUE REHAB (GROUP A),34,Heating,Decarbonization,1581425.1,1581425.1
HARRISON AVENUE REHAB (GROUP A),34,Interior Electrical/Lighting,Electrical System,187861.61,868174.76
HARRISON AVENUE REHAB (GROUP A),34,Interior Electrical/Lighting,Interior Lighting Fixture,124097.52,124097.52
HARRISON AVENUE REHAB (GROUP A),34,Lead Based Paint,Lead Based Paint,0,0
HARRISON AVENUE REHAB (GROUP A),34,Plumbing,Building Drainage,29376.48,29376.48
HARRISON AVENUE REHAB (GROUP A),34,Plumbing,Domestic Hot Water System,7442.06,7442.06
HARRISON AVENUE REHAB (GROUP A),34,Roofs,Building Roof/Parapets/Misc,957993.78,957993.78
HARRISON AVENUE REHAB (GROUP A),34,Safety And Security,Additional Security,723004.8,723004.8
HARRISON AVENUE REHAB (GROUP A),34,Waste Management,Interior Compactor,63826.69,63826.69
HARRISON AVENUE REHAB (GROUP A),34,Waste Management,Waste Infrastructure,17359.78,17359.78
HARRISON AVENUE REHAB (GROUP B),150,Apartments,Apartment 504 Access,400000,400000
HARRISON AVENUE REHAB (GROUP B),150,Apartments,Apartment Bathroom,7211699.04,7211699.04
HARRISON AVENUE REHAB (GROUP B),150,Apartments,Apartment Entrance Doors,978918,978918
HARRISON AVENUE REHAB (GROUP B),150,Apartments,Apartment Kitchen,5713993.55,5713993.55
HARRISON AVENUE REHAB (GROUP B),150,Apartments,Apartment Renovation,14137381,14762834.22
HARRISON AVENUE REHAB (GROUP B),150,Building Exterior/Facade/Window,Brickwork,2378878.83,9513631.32
HARRISON AVENUE REHAB (GROUP B),150,Building Exterior/Facade/Window,Building Windows,6813699.7,6813699.7
HARRISON AVENUE REHAB (GROUP B),150,Building Exterior/Facade/Window,Entrances/Exits,346880.72,346880.72
HARRISON AVENUE REHAB (GROUP B),150,Building Exterior/Facade/Window,Foundations,35085.2,35085.2
HARRISON AVENUE REHAB (GROUP B),150,Common Areas/Lobbies,Building Common Area Finishes ,1313973.92,1434971.72
HARRISON AVENUE REHAB (GROUP B),150,Common Areas/Lobbies,Building Common Areas - Bathroom,,170725.35
HARRISON AVENUE REHAB (GROUP B),150,Common Areas/Lobbies,Interior Building Doors,466836.65,563608.4
HARRISON AVENUE REHAB (GROUP B),150,Common Areas/Lobbies,Interior Building Stairs,,2819625.81
HARRISON AVENUE REHAB (GROUP B),150,Common Areas/Lobbies,Non Residential Kitchen,,422090.02
HARRISON AVENUE REHAB (GROUP B),150,Elevators,Elevators,,5853254.76
HARRISON AVENUE REHAB (GROUP B),150,Grounds,Lighting - Exterior Security,264159.9,264159.9
HARRISON AVENUE REHAB (GROUP B),150,Grounds,Open Spaces,,0
HARRISON AVENUE REHAB (GROUP B),150,Grounds,Paving - Non-Vehicular Area,166840,166840
HARRISON AVENUE REHAB (GROUP B),150,Grounds,Site Fences,123907,123907
HARRISON AVENUE REHAB (GROUP B),150,Grounds,Stairs / Ramps,215063.5,264121
HARRISON AVENUE REHAB (GROUP B),150,Heating,Common Spaces Radiator / Convector / Baseboard,,421473.01
HARRISON AVENUE REHAB (GROUP B),150,Heating,Decarbonization,6930362.94,6930362.94
HARRISON AVENUE REHAB (GROUP B),150,Interior Electrical/Lighting,Electrical System,187861.61,3449648.53
HARRISON AVENUE REHAB (GROUP B),150,Interior Electrical/Lighting,Emergency and Exit Lighting and Panels,12041.8,12041.8
HARRISON AVENUE REHAB (GROUP B),150,Interior Electrical/Lighting,Interior Lighting Fixture,631380.18,631380.18
HARRISON AVENUE REHAB (GROUP B),150,Lead Based Paint,Lead Based Paint,0,0
HARRISON AVENUE REHAB (GROUP B),150,Plumbing,Building Drainage,44064.72,44064.72
HARRISON AVENUE REHAB (GROUP B),150,Plumbing,Domestic Hot Water System,44652.36,44652.36
HARRISON AVENUE REHAB (GROUP B),150,Roofs,Building Roof/Parapets/Misc,4218308.69,4218308.69
HARRISON AVENUE REHAB (GROUP B),150,Safety And Security,Additional Security,1936107.6,1936107.6
HARRISON AVENUE REHAB (GROUP B),150,Safety And Security,CCTV,,280561.96
HARRISON AVENUE REHAB (GROUP B),150,Safety And Security,Intrusion Alarm,,107323.29
HARRISON AVENUE REHAB (GROUP B),150,Ventilation/Air Conditioning,Air Conditioning,114655.34,114655.34
HARRISON AVENUE REHAB (GROUP B),150,Waste Management,Interior Compactor,255306.76,255306.76
HARRISON AVENUE REHAB (GROUP B),150,Waste Management,Waste Infrastructure,1971007.76,1971007.76
HERNANDEZ,149,Apartments,Apartment 504 Access,400000,400000
HERNANDEZ,149,Apartments,Apartment Bathroom,7165470.2,7165470.2
HERNANDEZ,149,Apartments,Apartment Entrance Doors,972391.88,972391.88
HERNANDEZ,149,Apartments,Apartment Kitchen,5675644.6,5675644.6
HERNANDEZ,149,Apartments,Apartment Renovation,12020627.65,12136056.73
HERNANDEZ,149,Building Exterior/Facade/Window,Brickwork,3722167.02,3722167.02
HERNANDEZ,149,Building Exterior/Facade/Window,Building Windows,7410368.37,7410368.37
HERNANDEZ,149,Building Exterior/Facade/Window,Entrances/Exits,141922.45,141922.45
HERNANDEZ,149,Common Areas/Lobbies,Building Common Area Finishes ,1087445.22,1087445.22
HERNANDEZ,149,Common Areas/Lobbies,Building Common Areas - Bathroom,,398359.15
HERNANDEZ,149,Common Areas/Lobbies,Interior Building Doors,573582.45,573582.45
HERNANDEZ,149,Common Areas/Lobbies,Interior Building Stairs,,2130383.94
HERNANDEZ,149,Common Areas/Lobbies,Non Residential Kitchen,844180.04,844180.04
HERNANDEZ,149,Elevators,Elevators,2926627.38,2926627.38
HERNANDEZ,149,Fire Protection,Fire Alarm,,175669.98
HERNANDEZ,149,Fire Protection,Fire Sprinkler,0,0
HERNANDEZ,149,Fire Protection,Standpipe System,30974.24,30974.24
HERNANDEZ,149,Grounds,Building Exterior Walkways and Retaining Walls,49577.92,49577.92
HERNANDEZ,149,Grounds,Fixed Site Equipment,5826.15,5826.15
HERNANDEZ,149,Grounds,Landscaping,2439,2439
HERNANDEZ,149,Grounds,Lighting - Exterior Security,135015.06,135015.06
HERNANDEZ,149,Grounds,Open Spaces,,538579.75
HERNANDEZ,149,Grounds,Parking Lot,434717.25,434717.25
HERNANDEZ,149,Grounds,Site Fences,385881.8,385881.8
HERNANDEZ,149,Grounds,Site Walls (Not Retaining Walls),44704.8,44704.8
HERNANDEZ,149,Grounds,Stairs / Ramps,28518.1,136454.45
HERNANDEZ,149,Heating,Common Spaces Radiator / Convector / Baseboard,,301052.15
HERNANDEZ,149,Heating,Decarbonization,6930362.94,6930362.94
HERNANDEZ,149,Interior Electrical/Lighting,Electrical System,0,0
HERNANDEZ,149,Interior Electrical/Lighting,Emergency and Exit Lighting and Panels,31318.38,54576.52
HERNANDEZ,149,Interior Electrical/Lighting,Interior Lighting Fixture,449156.34,449156.34
HERNANDEZ,149,Interior Electrical/Lighting,Telephone/Intercom,74112.48,74112.48
HERNANDEZ,149,Lead Based Paint,Lead Based Paint,1352676.18,1352676.18
HERNANDEZ,149,Plumbing,Building Drainage,29376.48,29376.48
HERNANDEZ,149,Plumbing,Building Sewage System,78733.84,78733.84
HERNANDEZ,149,Plumbing,Domestic Hot Water System,7442.06,86966.86
HERNANDEZ,149,Plumbing,Roof Tank,1138364.78,1138364.78
HERNANDEZ,149,Plumbing,Underground Hydronic Piping,,200853.9
HERNANDEZ,149,Plumbing,Underground Natural Gas Piping,,55456.8
HERNANDEZ,149,Roofs,Building Roof/Parapets/Misc,1896705.19,1896705.19
HERNANDEZ,149,Safety And Security,Additional Security,919837.8,919837.8
HERNANDEZ,149,Safety And Security,Intrusion Alarm,,107323.29
HERNANDEZ,149,Ventilation/Air Conditioning,Air Conditioning,5996.19,5996.19
HERNANDEZ,149,Ventilation/Air Conditioning,Building Ductwork,10856,10856
HERNANDEZ,149,Waste Management,Garbage Chute,3474.72,3474.72
HERNANDEZ,149,Waste Management,Waste Infrastructure,96513.88,96513.88
HIGHBRIDGE GARDENS,700,Apartments,Apartment 504 Access,1600000,1600000
HIGHBRIDGE GARDENS,700,Apartments,Apartment Bathroom,32360188,32360188
HIGHBRIDGE GARDENS,700,Apartments,Apartment Entrance Doors,4574810.12,4574810.12
HIGHBRIDGE GARDENS,700,Apartments,Apartment Kitchen,26844265,26844265
HIGHBRIDGE GARDENS,700,Apartments,Apartment Renovation,27249603.19,42717741.98
HIGHBRIDGE GARDENS,700,Building Exterior/Facade/Window,Brickwork,,2400000
HIGHBRIDGE GARDENS,700,Building Exterior/Facade/Window,Building Loading Dock,38360,38360
HIGHBRIDGE GARDENS,700,Building Exterior/Facade/Window,Building Windows,27668135.47,27668135.47
HIGHBRIDGE GARDENS,700,Building Exterior/Facade/Window,Entrances/Exits,333257.66,648673.94
HIGHBRIDGE GARDENS,700,Building Exterior/Facade/Window,Foundations,363224,363224
HIGHBRIDGE GARDENS,700,Common Areas/Lobbies,Building Common Area Finishes ,2138747.5,3317459.16
HIGHBRIDGE GARDENS,700,Common Areas/Lobbies,Building Common Areas - Bathroom,1138169,1251985.9
HIGHBRIDGE GARDENS,700,Common Areas/Lobbies,Building Locker Room and Shower,8392,8392
HIGHBRIDGE GARDENS,700,Common Areas/Lobbies,Interior Building Doors,1435085.91,2110897.56
HIGHBRIDGE GARDENS,700,Common Areas/Lobbies,Interior Building Stairs,1754433.8,10526602.8
HIGHBRIDGE GARDENS,700,Common Areas/Lobbies,Non Residential Kitchen,422090.02,1736347.46
HIGHBRIDGE GARDENS,700,Elevators,Elevators,1463313.69,8779882.14
HIGHBRIDGE GARDENS,700,Fire Protection,Fire Alarm,,351339.96
HIGHBRIDGE GARDENS,700,Fire Protection,Fire Sprinkler,852.31,125418.71
HIGHBRIDGE GARDENS,700,Fire Protection,Standpipe System,,486324
HIGHBRIDGE GARDENS,700,Grounds,Building Exterior Walkways and Retaining Walls,813236.35,813236.35
HIGHBRIDGE GARDENS,700,Grounds,Landscaping,10840,10840
HIGHBRIDGE GARDENS,700,Grounds,Lighting - Exterior Security,74626.56,74626.56
HIGHBRIDGE GARDENS,700,Grounds,Open Spaces,,9861603.85
HIGHBRIDGE GARDENS,700,Grounds,Parking Lot,2935553.25,2935553.25
HIGHBRIDGE GARDENS,700,Grounds,Paving - Non-Vehicular Area,521375,521375
HIGHBRIDGE GARDENS,700,Grounds,Playgrounds,,408156
HIGHBRIDGE GARDENS,700,Grounds,Site Fences,7788440,7788440
HIGHBRIDGE GARDENS,700,Grounds,Site Lighting,117617.5,117617.5
HIGHBRIDGE GARDENS,700,Grounds,Stairs / Ramps,450171.5,847509.3
HIGHBRIDGE GARDENS,700,Grounds,Storm Piping,27843.8,2784380
HIGHBRIDGE GARDENS,700,Heating,Building Steam Piping,32845881.63,32845881.63
HIGHBRIDGE GARDENS,700,Heating,Common Spaces Radiator / Convector / Baseboard,794.84,327651.46
HIGHBRIDGE GARDENS,700,Heating,Decarbonization,16708551.31,16708551.31
HIGHBRIDGE GARDENS,700,Heating,Heating System,9308.49,9308.49
HIGHBRIDGE GARDENS,700,Heating,Through Wall/Window Heat Pump,8467,43373.62
HIGHBRIDGE GARDENS,700,Heating,Underground Steam and Condensate Return Piping,2964558,2964558
HIGHBRIDGE GARDENS,700,Interior Electrical/Lighting,Electrical System,3958449.72,8842851.58
HIGHBRIDGE GARDENS,700,Interior Electrical/Lighting,Emergency and Exit Lighting and Panels,12988.63,88738.33
HIGHBRIDGE GARDENS,700,Interior Electrical/Lighting,Interior Lighting Fixture,2211767.31,2211767.31
HIGHBRIDGE GARDENS,700,Interior Electrical/Lighting,Public Address System,21667.7,21667.7
HIGHBRIDGE GARDENS,700,Interior Electrical/Lighting,Telephone/Intercom,1852812,1852812
HIGHBRIDGE GARDENS,700,Lead Based Paint,Lead Based Paint,16456550.85,16456550.85
HIGHBRIDGE GARDENS,700,Plumbing,Building Drainage,19418.01,1306129.59
HIGHBRIDGE GARDENS,700,Plumbing,Building Sewage System,10997.1,3200156.1
HIGHBRIDGE GARDENS,700,Plumbing,Domestic Water System,12395.5,13968418
HIGHBRIDGE GARDENS,700,Plumbing,Gas Risers,,5453682
HIGHBRIDGE GARDENS,700,Plumbing,Underground Natural Gas Piping,924280,924280
HIGHBRIDGE GARDENS,700,Roofs,Building Roof/Parapets/Misc,2486163.2,8368898.2
HIGHBRIDGE GARDENS,700,Safety And Security,Additional Security,3576862.8,3576862.8
HIGHBRIDGE GARDENS,700,Safety And Security,CCTV,,841685.88
HIGHBRIDGE GARDENS,700,Ventilation/Air Conditioning,Building Ductwork,4439.08,4439.08
HIGHBRIDGE GARDENS,700,Ventilation/Air Conditioning,Exhaust Fan,2244.65,16265.87
HIGHBRIDGE GARDENS,700,Waste Management,Waste Infrastructure,2685551.29,2685551.29
HOE AVENUE-EAST 173RD STREET,65,Apartments,Apartment 504 Access,200000,200000
HOE AVENUE-EAST 173RD STREET,65,Apartments,Apartment Bathroom,3004874.6,3004874.6
HOE AVENUE-EAST 173RD STREET,65,Apartments,Apartment Entrance Doors,424197.8,424197.8
HOE AVENUE-EAST 173RD STREET,65,Apartments,Apartment Kitchen,2492681.75,2492681.75
HOE AVENUE-EAST 173RD STREET,65,Apartments,Apartment Renovation,6033344.97,6033344.97
HOE AVENUE-EAST 173RD STREET,65,Building Exterior/Facade/Window,Brickwork,,400000
HOE AVENUE-EAST 173RD STREET,65,Building Exterior/Facade/Window,Building Windows,1661074.22,1661074.22
HOE AVENUE-EAST 173RD STREET,65,Building Exterior/Facade/Window,Entrances/Exits,113830.52,113830.52
HOE AVENUE-EAST 173RD STREET,65,Common Areas/Lobbies,Building Common Area Finishes ,716298.46,716298.46
HOE AVENUE-EAST 173RD STREET,65,Common Areas/Lobbies,Building Common Areas - Bathroom,,227633.8
HOE AVENUE-EAST 173RD STREET,65,Common Areas/Lobbies,Interior Building Doors,316236.75,316236.75
HOE AVENUE-EAST 173RD STREET,65,Common Areas/Lobbies,Interior Building Stairs,,877216.92
HOE AVENUE-EAST 173RD STREET,65,Common Areas/Lobbies,Non Residential Kitchen,422090.02,422090.02
HOE AVENUE-EAST 173RD STREET,65,Elevators,Elevators,,1463313.69
HOE AVENUE-EAST 173RD STREET,65,Grounds,Building Exterior Walkways and Retaining Walls,4370.7,4370.7
HOE AVENUE-EAST 173RD STREET,65,Grounds,Fixed Site Equipment,1165.23,1165.23
HOE AVENUE-EAST 173RD STREET,65,Grounds,Lighting - Exterior Security,187847.04,187847.04
HOE AVENUE-EAST 173RD STREET,65,Grounds,Open Spaces,,0
HOE AVENUE-EAST 173RD STREET,65,Grounds,Parking Lot,431765.5,431765.5
HOE AVENUE-EAST 173RD STREET,65,Grounds,Paving - Non-Vehicular Area,18769.5,18769.5
HOE AVENUE-EAST 173RD STREET,65,Grounds,Site Fences,159309,159309
HOE AVENUE-EAST 173RD STREET,65,Grounds,Stairs / Ramps,,20766.85
HOE AVENUE-EAST 173RD STREET,65,Heating,Building Steam Piping,24091.64,5514890.24
HOE AVENUE-EAST 173RD STREET,65,Heating,Common Spaces Radiator / Convector / Baseboard,,60210.43
HOE AVENUE-EAST 173RD STREET,65,Heating,Decarbonization,0,0
HOE AVENUE-EAST 173RD STREET,65,Heating,Heating System,,1511828.6
HOE AVENUE-EAST 173RD STREET,65,Heating,Steam Fan Coil Unit,,11905.57
HOE AVENUE-EAST 173RD STREET,65,Interior Electrical/Lighting,Electrical System,,1616291.87
HOE AVENUE-EAST 173RD STREET,65,Interior Electrical/Lighting,Emergency and Exit Lighting and Panels,14665.76,14665.76
HOE AVENUE-EAST 173RD STREET,65,Interior Electrical/Lighting,Interior Lighting Fixture,271744,271744
HOE AVENUE-EAST 173RD STREET,65,Interior Electrical/Lighting,Telephone/Intercom,74112.48,74112.48
HOE AVENUE-EAST 173RD STREET,65,Lead Based Paint,Lead Based Paint,492178.5,492178.5
HOE AVENUE-EAST 173RD STREET,65,Plumbing,Building Drainage,14688.24,14688.24
HOE AVENUE-EAST 173RD STREET,65,Plumbing,Domestic Hot Water System,23389.59,204765.37
HOE AVENUE-EAST 173RD STREET,65,Plumbing,Underground Hydronic Piping,,379390.7
HOE AVENUE-EAST 173RD STREET,65,Roofs,Building Roof/Parapets/Misc,1349519.43,1349519.43
HOE AVENUE-EAST 173RD STREET,65,Safety And Security,Additional Security,723004.8,723004.8
HOE AVENUE-EAST 173RD STREET,65,Safety And Security,CCTV,280561.96,280561.96
HOE AVENUE-EAST 173RD STREET,65,Ventilation/Air Conditioning,Exhaust Fan,1205.38,1205.38
HOE AVENUE-EAST 173RD STREET,65,Waste Management,Interior Compactor,63826.69,63826.69
HOE AVENUE-EAST 173RD STREET,65,Waste Management,Waste Infrastructure,17359.78,17359.78
HOLMES TOWERS,537,Apartments,Apartment 504 Access,1200000,1200000
HOLMES TOWERS,537,Apartments,Apartment Bathroom,24778658.24,24778658.24
HOLMES TOWERS,537,Apartments,Apartment Entrance Doors,3504526.44,3504526.44
HOLMES TOWERS,537,Apartments,Apartment Kitchen,20555037.2,20555037.2
HOLMES TOWERS,537,Apartments,Apartment Renovation,39095801.54,41556163.6
HOLMES TOWERS,537,Building Exterior/Facade/Window,Brickwork,7444334.04,7444334.04
HOLMES TOWERS,537,Building Exterior/Facade/Window,Building Windows,14499592.08,14499592.08
HOLMES TOWERS,537,Building Exterior/Facade/Window,Entrances/Exits,13632.3,13632.3
HOLMES TOWERS,537,Building Exterior/Facade/Window,Foundations,6247.6,6247.6
HOLMES TOWERS,537,Common Areas/Lobbies,Building Common Area Finishes ,2623468.51,2623468.51
HOLMES TOWERS,537,Common Areas/Lobbies,Interior Building Doors,1550381.45,1550381.45
HOLMES TOWERS,537,Common Areas/Lobbies,Interior Building Stairs,2509.7,6393661.53
HOLMES TOWERS,537,Common Areas/Lobbies,Non Residential Kitchen,9344.62,853524.66
HOLMES TOWERS,537,Elevators,Elevators,,5929802.7
HOLMES TOWERS,537,Fire Protection,Fire Alarm,172970.9,172970.9
HOLMES TOWERS,537,Fire Protection,Standpipe System,79186.5,79186.5
HOLMES TOWERS,537,Grounds,Building Exterior Walkways and Retaining Walls,55527.44,55527.44
HOLMES TOWERS,537,Grounds,Fixed Site Equipment,6991.38,6991.38
HOLMES TOWERS,537,Grounds,Lighting - Exterior Security,,223068.36
HOLMES TOWERS,537,Grounds,Open Spaces,,2746235.88
HOLMES TOWERS,537,Grounds,Parking Lot,327060,327060
HOLMES TOWERS,537,Grounds,Paving - Non-Vehicular Area,316996,316996
HOLMES TOWERS,537,Grounds,Playgrounds,142380,142380
HOLMES TOWERS,537,Grounds,Site Fences,2265728,2265728
HOLMES TOWERS,537,Grounds,Site Lighting,,99522.5
HOLMES TOWERS,537,Grounds,Stairs / Ramps,18537.95,101605.35
HOLMES TOWERS,537,Grounds,Storm Piping,28053.01,28053.01
HOLMES TOWERS,537,Heating,Common Spaces Radiator / Convector / Baseboard,,490284.93
HOLMES TOWERS,537,Heating,Decarbonization,37795059.86,37795059.86
HOLMES TOWERS,537,Interior Electrical/Lighting,Electrical System,114410.97,1179674.54
HOLMES TOWERS,537,Interior Electrical/Lighting,Emergency and Exit Lighting and Panels,22207.74,44106.32
HOLMES TOWERS,537,Interior Electrical/Lighting,Interior Lighting Fixture,1019920.29,1073995.13
HOLMES TOWERS,537,Lead Based Paint,Lead Based Paint,4260004.74,4260004.74
HOLMES TOWERS,537,Plumbing,Building Drainage,31999.01,31999.01
HOLMES TOWERS,537,Plumbing,Building Sewage System,78733.84,78733.84
HOLMES TOWERS,537,Plumbing,Domestic Water System,,109364
HOLMES TOWERS,537,Plumbing,Roof Tank,2194906.11,2194906.11
HOLMES TOWERS,537,Plumbing,Underground Hydronic Piping,,267805.2
HOLMES TOWERS,537,Plumbing,Underground Natural Gas Piping,,147884.8
HOLMES TOWERS,537,Roofs,Building Roof/Parapets/Misc,3394241.73,3423431.35
HOLMES TOWERS,537,Safety And Security,Additional Security,1870016.4,1870016.4
HOLMES TOWERS,537,Ventilation/Air Conditioning,Building Ductwork,1723.4,1723.4
HOLMES TOWERS,537,Waste Management,Garbage Chute,51711,51711
HOLMES TOWERS,537,Waste Management,Waste Infrastructure,2140889.14,2140889.14
HOWARD,815,Apartments,Apartment 504 Access,1800000,1800000
HOWARD,815,Apartments,Apartment Bathroom,37907648.8,37907648.8
HOWARD,815,Apartments,Apartment Entrance Doors,5318787.8,5318787.8
HOWARD,815,Apartments,Apartment Kitchen,31177696.35,31177696.35
HOWARD,815,Apartments,Apartment Renovation,58999198.97,62268972.32
HOWARD,815,Building Exterior/Facade/Window,Brickwork,,4000000
HOWARD,815,Building Exterior/Facade/Window,Building Windows,34808823.5,34808823.5
HOWARD,815,Building Exterior/Facade/Window,Entrances/Exits,1279268.77,1279268.77
HOWARD,815,Building Exterior/Facade/Window,Foundations,152072.57,152072.57
HOWARD,815,Common Areas/Lobbies,Building Common Area Finishes ,3215085.49,3215085.49
HOWARD,815,Common Areas/Lobbies,Building Common Areas - Bathroom,398359.15,1024352.1
HOWARD,815,Common Areas/Lobbies,Interior Building Doors,3264232.5,3264232.5
HOWARD,815,Common Areas/Lobbies,Interior Building Stairs,,11779770.04
HOWARD,815,Common Areas/Lobbies,Non Residential Kitchen,1269206.42,1269206.42
HOWARD,815,Elevators,Elevators,29266273.8,29266273.8
HOWARD,815,Fire Protection,Standpipe System,,450489.6
HOWARD,815,Grounds,Building Exterior Walkways and Retaining Walls,324190.46,324190.46
HOWARD,815,Grounds,Lighting - Exterior Security,968586.3,968586.3
HOWARD,815,Grounds,Open Spaces,,7299642.5
HOWARD,815,Grounds,Parking Lot,2337481.4,2337481.4
HOWARD,815,Grounds,Paving - Non-Vehicular Area,1379349.7,1379349.7
HOWARD,815,Grounds,Playgrounds,318456.6,318456.6
HOWARD,815,Grounds,Site Fences,5434207,5434207
HOWARD,815,Grounds,Site Lighting,298567.5,298567.5
HOWARD,815,Grounds,Stairs / Ramps,120210.23,1021172.03
HOWARD,815,Grounds,Storm Piping,,696095
HOWARD,815,Heating,Decarbonization,84323694.54,84323694.54
HOWARD,815,Interior Electrical/Lighting,Electrical System,2244899.52,18601033.12
HOWARD,815,Interior Electrical/Lighting,Emergency and Exit Lighting and Panels,66723.85,66723.85
HOWARD,815,Interior Electrical/Lighting,Interior Lighting Fixture,2288551.74,2288551.74
HOWARD,815,Interior Electrical/Lighting,Telephone/Intercom,74112.48,74112.48
HOWARD,815,Lead Based Paint,Lead Based Paint,7160077.97,7160077.97
HOWARD,815,Plumbing,Building Drainage,105440.21,1425092.21
HOWARD,815,Plumbing,Building Sewage System,78733.84,78733.84
HOWARD,815,Plumbing,Gas Risers,,8281905.55
HOWARD,815,Plumbing,Roof Tank,163646.9,163646.9
HOWARD,815,Plumbing,Underground Natural Gas Piping,739424,739424
HOWARD,815,Roofs,Building Roof/Parapets/Misc,17539.8,17539.8
HOWARD,815,Safety And Security,Additional Security,6505132.2,6505132.2
HOWARD,815,Safety And Security,Intrusion Alarm,214646.58,214646.58
HOWARD,815,Ventilation/Air Conditioning,Air Conditioning,4878.58,4878.58
HOWARD,815,Ventilation/Air Conditioning,Exhaust Fan,2890.8,2890.8
HOWARD,815,Waste Management,Garbage Chute,6949.44,6949.44
HOWARD,815,Waste Management,Waste Infrastructure,3384506.73,3384506.73
HOWARD AVENUE,150,Apartments,Apartment 504 Access,400000,400000
HOWARD AVENUE,150,Apartments,Apartment Bathroom,8922166.12,8922166.12
HOWARD AVENUE,150,Apartments,Apartment Entrance Doors,978918,978918
HOWARD AVENUE,150,Apartments,Apartment Kitchen,5752342.5,5752342.5
HOWARD AVENUE,150,Apartments,Apartment Renovation,11546468.54,13499276.58
HOWARD AVENUE,150,Building Exterior/Facade/Window,Building Windows,49968.66,49968.66
HOWARD AVENUE,150,Building Exterior/Facade/Window,Entrances/Exits,1178175.51,1178175.51
HOWARD AVENUE,150,Building Exterior/Facade/Window,Foundations,49533.9,49533.9
HOWARD AVENUE,150,Common Areas/Lobbies,Building Common Area Finishes ,937894.53,986351.98
HOWARD AVENUE,150,Common Areas/Lobbies,Building Common Areas - Bathroom,227633.8,227633.8
HOWARD AVENUE,150,Common Areas/Lobbies,Interior Building Doors,634731.8,634731.8
HOWARD AVENUE,150,Common Areas/Lobbies,Interior Building Stairs,20281.98,4343708.22
HOWARD AVENUE,150,Common Areas/Lobbies,Non Residential Kitchen,422090.02,422090.02
HOWARD AVENUE,150,Grounds,Building Exterior Walkways and Retaining Walls,23893.2,28069.84
HOWARD AVENUE,150,Grounds,Fixed Site Equipment,8715.08,8715.08
HOWARD AVENUE,150,Grounds,Lighting - Exterior Security,410915.4,410915.4
HOWARD AVENUE,150,Grounds,Open Spaces,,1155075.23
HOWARD AVENUE,150,Grounds,Parking Lot,549255.3,549255.3
HOWARD AVENUE,150,Grounds,Paving - Non-Vehicular Area,507193.6,507193.6
HOWARD AVENUE,150,Grounds,Playgrounds,49358.4,49358.4
HOWARD AVENUE,150,Grounds,Site Fences,573512.4,573512.4
HOWARD AVENUE,150,Grounds,Site Lighting,36190,36190
HOWARD AVENUE,150,Grounds,Stairs / Ramps,6459.75,115388.75
HOWARD AVENUE,150,Heating,Common Spaces Radiator / Convector / Baseboard,,404270.03
HOWARD AVENUE,150,Heating,Decarbonization,4502065.19,4502065.19
HOWARD AVENUE,150,Heating,Heating System,536070.25,1730950.7
HOWARD AVENUE,150,Interior Electrical/Lighting,Electrical System,1127169.66,4107374.96
HOWARD AVENUE,150,Interior Electrical/Lighting,Emergency and Exit Lighting and Panels,47778.72,47778.72
HOWARD AVENUE,150,Interior Electrical/Lighting,Interior Lighting Fixture,700673.43,700673.43
HOWARD AVENUE,150,Lead Based Paint,Lead Based Paint,0,0
HOWARD AVENUE,150,Roofs,Building Roof/Parapets/Misc,,7240529.81
HOWARD AVENUE,150,Safety And Security,Additional Security,600000,600000
HOWARD AVENUE,150,Safety And Security,Intrusion Alarm,107323.29,107323.29
HOWARD AVENUE,150,Waste Management,Waste Infrastructure,1971007.76,1971007.76
HOWARD AVENUE-PARK PLACE,156,Apartments,Apartment 504 Access,400000,400000
HOWARD AVENUE-PARK PLACE,156,Apartments,Apartment Bathroom,12343100.28,12343100.28
HOWARD AVENUE-PARK PLACE,156,Apartments,Apartment Kitchen,5982436.2,5982436.2
HOWARD AVENUE-PARK PLACE,156,Apartments,Apartment Renovation,18643501,19460193.24
HOWARD AVENUE-PARK PLACE,156,Building Exterior/Facade/Window,Brickwork,22555.62,22555.62
HOWARD AVENUE-PARK PLACE,156,Building Exterior/Facade/Window,Building Windows,5030087.32,5030087.32
HOWARD AVENUE-PARK PLACE,156,Building Exterior/Facade/Window,Entrances/Exits,6117153.36,6117153.36
HOWARD AVENUE-PARK PLACE,156,Building Exterior/Facade/Window,Foundations,32963.88,32963.88
HOWARD AVENUE-PARK PLACE,156,Common Areas/Lobbies,Building Common Area Finishes ,118433.87,118433.87
HOWARD AVENUE-PARK PLACE,156,Common Areas/Lobbies,Interior Building Doors,324043.55,324043.55
HOWARD AVENUE-PARK PLACE,156,Grounds,Building Exterior Walkways and Retaining Walls,35386.2,35386.2
HOWARD AVENUE-PARK PLACE,156,Grounds,Fixed Site Equipment,4660.92,4660.92
HOWARD AVENUE-PARK PLACE,156,Grounds,Landscaping,9828.28,9828.28
HOWARD AVENUE-PARK PLACE,156,Grounds,Lighting - Exterior Security,774869.04,1015548.06
HOWARD AVENUE-PARK PLACE,156,Grounds,Open Spaces,,1978089.15
HOWARD AVENUE-PARK PLACE,156,Grounds,Parking Lot,599064.9,599064.9
HOWARD AVENUE-PARK PLACE,156,Grounds,Paving - Non-Vehicular Area,568924.4,568924.4
HOWARD AVENUE-PARK PLACE,156,Grounds,Playgrounds,61698,61698
HOWARD AVENUE-PARK PLACE,156,Grounds,Site Fences,1299253.4,1299253.4
HOWARD AVENUE-PARK PLACE,156,Grounds,Site Lighting,126665,126665
HOWARD AVENUE-PARK PLACE,156,Grounds,Site Walls (Not Retaining Walls),1667.7,1667.7
HOWARD AVENUE-PARK PLACE,156,Grounds,Stairs / Ramps,35745.32,580967.17
HOWARD AVENUE-PARK PLACE,156,Heating,Decarbonization,26037420.39,26037420.39
HOWARD AVENUE-PARK PLACE,156,Interior Electrical/Lighting,Electrical System,122375.95,122375.95
HOWARD AVENUE-PARK PLACE,156,Interior Electrical/Lighting,Emergency and Exit Lighting and Panels,3981.56,7746.42
HOWARD AVENUE-PARK PLACE,156,Interior Electrical/Lighting,Interior Lighting Fixture,259887.92,259887.92
HOWARD AVENUE-PARK PLACE,156,Lead Based Paint,Lead Based Paint,0,0
HOWARD AVENUE-PARK PLACE,156,Plumbing,Building Drainage,208257.89,208257.89
HOWARD AVENUE-PARK PLACE,156,Roofs,Building Roof/Parapets/Misc,9329866.79,19374049.46
HOWARD AVENUE-PARK PLACE,156,Safety And Security,Additional Security,800000,800000
HOWARD AVENUE-PARK PLACE,156,Ventilation/Air Conditioning,Exhaust Fan,2890.8,2890.8
HOWARD AVENUE-PARK PLACE,156,Waste Management,Waste Infrastructure,1971007.76,1971007.76
HUGHES APARTMENTS,513,Apartments,Apartment 504 Access,1200000,1200000
HUGHES APARTMENTS,513,Apartments,Apartment Bathroom,25610777.36,25610777.36
HUGHES APARTMENTS,513,Apartments,Apartment Entrance Doors,3347899.56,3347899.56
HUGHES APARTMENTS,513,Apartments,Apartment Kitchen,19596313.45,19596313.45
HUGHES APARTMENTS,513,Apartments,Apartment Renovation,44532496.41,48011194.37
HUGHES APARTMENTS,513,Building Exterior/Facade/Window,Brickwork,11266501.06,11266501.06
HUGHES APARTMENTS,513,Building Exterior/Facade/Window,Building Windows,20909636.98,20909636.98
HUGHES APARTMENTS,513,Building Exterior/Facade/Window,Entrances/Exits,383282.76,383282.76
HUGHES APARTMENTS,513,Building Exterior/Facade/Window,Foundations,13562.25,13562.25
HUGHES APARTMENTS,513,Common Areas/Lobbies,Building Common Area Finishes ,3098375.24,3098375.24
HUGHES APARTMENTS,513,Common Areas/Lobbies,Building Common Areas - Bathroom,3143.35,686044.75
HUGHES APARTMENTS,513,Common Areas/Lobbies,Interior Building Doors,2083066.15,2083066.15
HUGHES APARTMENTS,513,Common Areas/Lobbies,Interior Building Stairs,,8333560.72
HUGHES APARTMENTS,513,Common Areas/Lobbies,Non Residential Kitchen,844180.04,1688360.08
HUGHES APARTMENTS,513,Elevators,Elevators,,8779882.14
HUGHES APARTMENTS,513,Fire Protection,Fire Alarm,113948.92,171297.4
HUGHES APARTMENTS,513,Fire Protection,Standpipe System,116145.48,116145.48
HUGHES APARTMENTS,513,Grounds,Building Exterior Walkways and Retaining Walls,391510.5,454160.1
HUGHES APARTMENTS,513,Grounds,Fixed Site Equipment,2360.46,2360.46
HUGHES APARTMENTS,513,Grounds,Landscaping,17479.5,17479.5
HUGHES APARTMENTS,513,Grounds,Lighting - Exterior Security,354894.2,354894.2
HUGHES APARTMENTS,513,Grounds,Open Spaces,,4051553.46
HUGHES APARTMENTS,513,Grounds,Parking Lot,2459995.7,2459995.7
HUGHES APARTMENTS,513,Grounds,Paving - Non-Vehicular Area,1637117.5,1637117.5
HUGHES APARTMENTS,513,Grounds,Playgrounds,298048.8,298048.8
HUGHES APARTMENTS,513,Grounds,Site Fences,1773640.2,1773640.2
HUGHES APARTMENTS,513,Grounds,Site Lighting,,352852.5
HUGHES APARTMENTS,513,Grounds,Site Walls (Not Retaining Walls),1274.9,1274.9
HUGHES APARTMENTS,513,Grounds,Stairs / Ramps,2559.3,187863.5
HUGHES APARTMENTS,513,Heating,Decarbonization,52728207.04,52728207.04
HUGHES APARTMENTS,513,Interior Electrical/Lighting,Electrical System,381369.9,2425596.48
HUGHES APARTMENTS,513,Interior Electrical/Lighting,Emergency and Exit Lighting and Panels,46248.8,94372.38
HUGHES APARTMENTS,513,Interior Electrical/Lighting,Emergency Generator Set,,70968.32
HUGHES APARTMENTS,513,Interior Electrical/Lighting,Interior Lighting Fixture,1165262.75,1374094.47
HUGHES APARTMENTS,513,Interior Electrical/Lighting,Telephone/Intercom,296449.92,296449.92
HUGHES APARTMENTS,513,Lead Based Paint,Lead Based Paint,642577.26,642577.26
HUGHES APARTMENTS,513,Plumbing,Building Drainage,21305.72,21305.72
HUGHES APARTMENTS,513,Plumbing,Building Sewage System,78733.84,78733.84
HUGHES APARTMENTS,513,Plumbing,Roof Tank,207665.05,371311.95
HUGHES APARTMENTS,513,Plumbing,Underground Hydronic Piping,,2231710
HUGHES APARTMENTS,513,Plumbing,Underground Natural Gas Piping,,369712
HUGHES APARTMENTS,513,Roofs,Building Roof/Parapets/Misc,3395291.42,3610158.6
HUGHES APARTMENTS,513,Safety And Security,Additional Security,2893665.6,2893665.6
HUGHES APARTMENTS,513,Safety And Security,Intrusion Alarm,107323.29,107323.29
HUGHES APARTMENTS,513,Ventilation/Air Conditioning,Air Conditioning,2204.88,73316.22
HUGHES APARTMENTS,513,Ventilation/Air Conditioning,Building Ductwork,786.54,786.54
HUGHES APARTMENTS,513,Ventilation/Air Conditioning,Exhaust Fan,23131.66,23131.66
HUGHES APARTMENTS,513,Waste Management,Garbage Chute,58550.52,58550.52
HUGHES APARTMENTS,513,Waste Management,Waste Infrastructure,2225829.83,2225829.83
HUNTS POINT AVENUE REHAB,131,Apartments,Apartment 504 Access,400000,400000
HUNTS POINT AVENUE REHAB,131,Apartments,Apartment Bathroom,7720216.28,7720216.28
HUNTS POINT AVENUE REHAB,131,Apartments,Apartment Entrance Doors,854921.72,854921.72
HUNTS POINT AVENUE REHAB,131,Apartments,Apartment Kitchen,5023712.45,5023712.45
HUNTS POINT AVENUE REHAB,131,Apartments,Apartment Renovation,10667083.71,14603172.39
HUNTS POINT AVENUE REHAB,131,Building Exterior/Facade/Window,Brickwork,314,21578564.83
HUNTS POINT AVENUE REHAB,131,Building Exterior/Facade/Window,Building Windows,7451969.07,7451969.07
HUNTS POINT AVENUE REHAB,131,Building Exterior/Facade/Window,Entrances/Exits,677201.44,677201.44
HUNTS POINT AVENUE REHAB,131,Building Exterior/Facade/Window,Foundations,145712.2,145712.2
HUNTS POINT AVENUE REHAB,131,Common Areas/Lobbies,Building Common Area Finishes ,1603940,1725063.95
HUNTS POINT AVENUE REHAB,131,Common Areas/Lobbies,Building Common Areas - Bathroom,,284542.25
HUNTS POINT AVENUE REHAB,131,Common Areas/Lobbies,Interior Building Doors,402822,407915.25
HUNTS POINT AVENUE REHAB,131,Common Areas/Lobbies,Interior Building Stairs,,3446209.32
HUNTS POINT AVENUE REHAB,131,Elevators,Elevators,,1501587.66
HUNTS POINT AVENUE REHAB,131,Grounds,Building Exterior Walkways and Retaining Walls,1995.84,3562.08
HUNTS POINT AVENUE REHAB,131,Grounds,Lighting - Exterior Security,475487.82,475487.82
HUNTS POINT AVENUE REHAB,131,Grounds,Open Spaces,,0
HUNTS POINT AVENUE REHAB,131,Grounds,Paving - Non-Vehicular Area,563085,563085
HUNTS POINT AVENUE REHAB,131,Grounds,Playgrounds,147126,147126
HUNTS POINT AVENUE REHAB,131,Grounds,Stairs / Ramps,11612.96,126629.36
HUNTS POINT AVENUE REHAB,131,Heating,Common Spaces Radiator / Convector / Baseboard,,172029.8
HUNTS POINT AVENUE REHAB,131,Heating,Decarbonization,3984936.08,3984936.08
HUNTS POINT AVENUE REHAB,131,Heating,Heating System,,2865681.25
HUNTS POINT AVENUE REHAB,131,Interior Electrical/Lighting,Electrical System,0,3601184.51
HUNTS POINT AVENUE REHAB,131,Interior Electrical/Lighting,Emergency and Exit Lighting and Panels,13401.36,16751.7
HUNTS POINT AVENUE REHAB,131,Interior Electrical/Lighting,Interior Lighting Fixture,771485.48,771485.48
HUNTS POINT AVENUE REHAB,131,Lead Based Paint,Lead Based Paint,0,0
HUNTS POINT AVENUE REHAB,131,Roofs,Building Roof/Parapets/Misc,5005130.22,5165673.13
HUNTS POINT AVENUE REHAB,131,Safety And Security,Additional Security,5481777,5481777
HUNTS POINT AVENUE REHAB,131,Waste Management,Interior Compactor,63826.69,63826.69
HUNTS POINT AVENUE REHAB,131,Waste Management,Waste Infrastructure,1971007.76,1971007.76
HYLAN,209,Apartments,Apartment 504 Access,400000,400000
HYLAN,209,Apartments,Apartment Bathroom,9661827.56,9661827.56
HYLAN,209,Apartments,Apartment Entrance Doors,1363959.08,1363959.08
HYLAN,209,Apartments,Apartment Kitchen,8014930.55,8014930.55
HYLAN,209,Apartments,Apartment Renovation,19681379.34,21342479.62
HYLAN,209,Building Exterior/Facade/Window,Brickwork,3722167.02,3722167.02
HYLAN,209,Building Exterior/Facade/Window,Building Windows,8470216.51,8470216.51
HYLAN,209,Building Exterior/Facade/Window,Entrances/Exits,49395.31,49395.31
HYLAN,209,Building Exterior/Facade/Window,Foundations,1014.3,1014.3
HYLAN,209,Common Areas/Lobbies,Building Common Area Finishes ,1349104.37,1349104.37
HYLAN,209,Common Areas/Lobbies,Building Common Areas - Bathroom,,56908.45
HYLAN,209,Common Areas/Lobbies,Interior Building Doors,726835.2,726835.2
HYLAN,209,Common Areas/Lobbies,Interior Building Stairs,,3571526.02
HYLAN,209,Common Areas/Lobbies,Non Residential Kitchen,422090.02,422090.02
HYLAN,209,Elevators,Elevators,2926627.38,2926627.38
HYLAN,209,Fire Protection,Standpipe System,3871.78,3871.78
HYLAN,209,Grounds,Building Exterior Walkways and Retaining Walls,105002.55,105002.55
HYLAN,209,Grounds,Open Spaces,,1566257.7
HYLAN,209,Grounds,Parking Lot,747877.2,747877.2
HYLAN,209,Grounds,Paving - Non-Vehicular Area,113242.65,113242.65
HYLAN,209,Grounds,Playgrounds,,489787.2
HYLAN,209,Grounds,Site Fences,876199.5,876199.5
HYLAN,209,Grounds,Site Lighting,117617.5,117617.5
HYLAN,209,Grounds,Stairs / Ramps,92343,92343
HYLAN,209,Heating,Common Spaces Radiator / Convector / Baseboard,197834.27,197834.27
HYLAN,209,Heating,Decarbonization,14709809.14,14709809.14
HYLAN,209,Interior Electrical/Lighting,Electrical System,264135.59,1216506.16
HYLAN,209,Interior Electrical/Lighting,Interior Lighting Fixture,781221.22,781221.22
HYLAN,209,Lead Based Paint,Lead Based Paint,1796614.98,1796614.98
HYLAN,209,Plumbing,Building Drainage,14688.24,14688.24
HYLAN,209,Plumbing,Underground Hydronic Piping,156219.7,156219.7
HYLAN,209,Plumbing,Underground Natural Gas Piping,27728.4,27728.4
HYLAN,209,Roofs,Building Roof/Parapets/Misc,1648300.25,1648300.25
HYLAN,209,Safety And Security,Additional Security,745348.8,745348.8
HYLAN,209,Ventilation/Air Conditioning,Other Fans,0,0
HYLAN,209,Waste Management,Waste Infrastructure,2032802.08,2032802.08
INGERSOLL,1840,Apartments,Apartment 504 Access,4200000,4200000
INGERSOLL,1840,Apartments,Apartment Bathroom,88297084.4,88297084.4
INGERSOLL,1840,Apartments,Apartment Entrance Doors,12008060.8,12008060.8
INGERSOLL,1840,Apartments,Apartment Kitchen,6808768.2,70429676.25
INGERSOLL,1840,Apartments,Apartment Renovation,116462347.4,144964275.6
INGERSOLL,1840,Building Exterior/Facade/Window,Brickwork,46167131.56,46167131.56
INGERSOLL,1840,Building Exterior/Facade/Window,Building Windows,939087.37,77921727.95
INGERSOLL,1840,Building Exterior/Facade/Window,Entrances/Exits,1400,1400
INGERSOLL,1840,Building Exterior/Facade/Window,Foundations,306136.6,306136.6
INGERSOLL,1840,Common Areas/Lobbies,Building Common Area Finishes ,6354119.52,6354119.52
INGERSOLL,1840,Common Areas/Lobbies,Building Common Areas - Bathroom,682901.4,1650345.05
INGERSOLL,1840,Common Areas/Lobbies,Building Gymnasium,260330.62,260330.62
INGERSOLL,1840,Common Areas/Lobbies,Interior Building Doors,4452736.69,4452736.69
INGERSOLL,1840,Common Areas/Lobbies,Interior Building Stairs,1003.88,29387770.62
INGERSOLL,1840,Common Areas/Lobbies,Non Residential Kitchen,2544031.4,2544031.4
INGERSOLL,1840,Elevators,Elevators,964526.81,78520152.38
INGERSOLL,1840,Fire Protection,Fire Alarm,947.69,64747.67
INGERSOLL,1840,Fire Protection,Fire Sprinkler,49268,49268
INGERSOLL,1840,Fire Protection,Standpipe System,,1786600.8
INGERSOLL,1840,Grounds,Building Exterior Walkways and Retaining Walls,113322.67,136294.19
INGERSOLL,1840,Grounds,Landscaping,1124.65,1124.65
INGERSOLL,1840,Grounds,Lighting - Exterior Security,3276823.51,3276823.51
INGERSOLL,1840,Grounds,Open Spaces,,12265927.65
INGERSOLL,1840,Grounds,Parking Lot,1668279.6,1668279.6
INGERSOLL,1840,Grounds,Paving - Non-Vehicular Area,,3528666
INGERSOLL,1840,Grounds,Playgrounds,,506398.2
INGERSOLL,1840,Grounds,Site Fences,8195563,8195563
INGERSOLL,1840,Grounds,Site Lighting,36189.99,36189.99
INGERSOLL,1840,Grounds,Site Walls (Not Retaining Walls),1111.8,1111.8
INGERSOLL,1840,Grounds,Stairs / Ramps,516634.65,1619253.15
INGERSOLL,1840,Grounds,Storm Piping,,13921900
INGERSOLL,1840,Heating,Building Steam Piping,71367114.28,71431541.48
INGERSOLL,1840,Heating,Common Spaces Radiator / Convector / Baseboard,876840.64,1281110.67
INGERSOLL,1840,Heating,Decarbonization,0,0
INGERSOLL,1840,Heating,Heating System,54713.62,54713.62
INGERSOLL,1840,Heating,Through Wall/Window Heat Pump,9220.16,9220.16
INGERSOLL,1840,Interior Electrical/Lighting,Electrical System,7228393.25,28445368.6
INGERSOLL,1840,Interior Electrical/Lighting,Emergency and Exit Lighting and Panels,26612.98,165185.02
INGERSOLL,1840,Interior Electrical/Lighting,Interior Lighting Fixture,18687.66,18687.66
INGERSOLL,1840,Interior Electrical/Lighting,Telephone/Intercom,2075149.44,2075149.44
INGERSOLL,1840,Lead Based Paint,Lead Based Paint,29580226.06,29580226.06
INGERSOLL,1840,Plumbing,Building Drainage,7046394.81,8798904.69
INGERSOLL,1840,Plumbing,Building Sewage System,29522.79,17677956.73
INGERSOLL,1840,Plumbing,Domestic Hot Water System,204291.02,623812.72
INGERSOLL,1840,Plumbing,Domestic Water System,,78771387.5
INGERSOLL,1840,Plumbing,Non Residential Spaces Plumbing Fixtures,4032.53,4032.53
INGERSOLL,1840,Plumbing,Underground Hydronic Piping,13390260,13390260
INGERSOLL,1840,Plumbing,Underground Natural Gas Piping,2310700,2310700
INGERSOLL,1840,Roofs,Building Roof/Parapets/Misc,26952142.99,26952142.99
INGERSOLL,1840,Safety And Security,Additional Security,14934523.8,14934523.8
INGERSOLL,1840,Safety And Security,Intrusion Alarm,107323.29,214646.58
INGERSOLL,1840,Ventilation/Air Conditioning,Air Conditioning,11096.09,82207.43
INGERSOLL,1840,Ventilation/Air Conditioning,Building Ductwork,38256.95,38256.95
INGERSOLL,1840,Ventilation/Air Conditioning,Exhaust Fan,2890.79,2890.79
INGERSOLL,1840,Ventilation/Air Conditioning,Other Fans,6566.56,6566.56
INGERSOLL,1840,Waste Management,Garbage Chute,52974.96,52974.96
INGERSOLL,1840,Waste Management,Waste Infrastructure,5882045.48,5882045.48
INTERNATIONAL TOWER,159,Apartments,Apartment 504 Access,400000,400000
INTERNATIONAL TOWER,159,Apartments,Apartment Bathroom,7350385.56,7350385.56
INTERNATIONAL TOWER,159,Apartments,Apartment Entrance Doors,1037653.08,1037653.08
INTERNATIONAL TOWER,159,Apartments,Apartment Kitchen,6097483.05,6097483.05
INTERNATIONAL TOWER,159,Apartments,Apartment Renovation,7309395.87,8193639.1
INTERNATIONAL TOWER,159,Building Exterior/Facade/Window,Brickwork,376.8,400376.8
INTERNATIONAL TOWER,159,Building Exterior/Facade/Window,Building Windows,16910.49,2801221.89
INTERNATIONAL TOWER,159,Building Exterior/Facade/Window,Entrances/Exits,106002.81,106002.81
INTERNATIONAL TOWER,159,Building Exterior/Facade/Window,Foundations,4520.75,4520.75
INTERNATIONAL TOWER,159,Common Areas/Lobbies,Building Common Area Finishes ,2001429.65,2335141.86
INTERNATIONAL TOWER,159,Common Areas/Lobbies,Building Common Areas - Bathroom,,739809.85
INTERNATIONAL TOWER,159,Common Areas/Lobbies,Interior Building Doors,897474.25,963686.5
INTERNATIONAL TOWER,159,Common Areas/Lobbies,Interior Building Stairs,1253167,1253167
INTERNATIONAL TOWER,159,Common Areas/Lobbies,Non Residential Kitchen,2110450.1,2134528.84
INTERNATIONAL TOWER,159,Elevators,Elevators,,2926627.38
INTERNATIONAL TOWER,159,Fire Protection,Fire Alarm,179422.4,179422.4
INTERNATIONAL TOWER,159,Grounds,Building Exterior Walkways and Retaining Walls,192326.45,198852.45
INTERNATIONAL TOWER,159,Grounds,Landscaping,2168,2168
INTERNATIONAL TOWER,159,Grounds,Open Spaces,,0
INTERNATIONAL TOWER,159,Grounds,Parking Lot,926670,976722
INTERNATIONAL TOWER,159,Grounds,Paving - Non-Vehicular Area,75078,75078
INTERNATIONAL TOWER,159,Grounds,Site Fences,1062060,1062060
INTERNATIONAL TOWER,159,Grounds,Stairs / Ramps,,65684.45
INTERNATIONAL TOWER,159,Heating,Air Source Heat Pump,,26865.51
INTERNATIONAL TOWER,159,Heating,Common Spaces Radiator / Convector / Baseboard,,928960.92
INTERNATIONAL TOWER,159,Heating,Decarbonization,10205369.99,10205369.99
INTERNATIONAL TOWER,159,Interior Electrical/Lighting,Electrical System,2016077.58,2238240.86
INTERNATIONAL TOWER,159,Interior Electrical/Lighting,Emergency and Exit Lighting and Panels,35143.15,309540.73
INTERNATIONAL TOWER,159,Interior Electrical/Lighting,Interior Lighting Fixture,194698.12,194698.12
INTERNATIONAL TOWER,159,Interior Electrical/Lighting,Telephone/Intercom,74112.48,74112.48
INTERNATIONAL TOWER,159,Lead Based Paint,Lead Based Paint,0,0
INTERNATIONAL TOWER,159,Plumbing,Building Drainage,,29376.48
INTERNATIONAL TOWER,159,Plumbing,Building Sewage System,3665.7,3665.7
INTERNATIONAL TOWER,159,Plumbing,Domestic Water System,7818.5,117182.5
INTERNATIONAL TOWER,159,Roofs,Building Roof/Parapets/Misc,4480.3,4480.3
INTERNATIONAL TOWER,159,Safety And Security,Additional Security,767692.8,767692.8
INTERNATIONAL TOWER,159,Safety And Security,CCTV,,1683371.76
INTERNATIONAL TOWER,159,Safety And Security,Intrusion Alarm,107323.29,107323.29
INTERNATIONAL TOWER,159,Ventilation/Air Conditioning,Exhaust Fan,,112169.76
INTERNATIONAL TOWER,159,Ventilation/Air Conditioning,Other Fans,,17429.93
INTERNATIONAL TOWER,159,Waste Management,Waste Infrastructure,2021228.89,2021228.89
ISAACS,636,Apartments,Apartment 504 Access,1400000,1400000
ISAACS,636,Apartments,Apartment Bathroom,29910059.48,29910059.48
ISAACS,636,Apartments,Apartment Entrance Doors,4150612.32,4150612.32
ISAACS,636,Apartments,Apartment Kitchen,24351583.25,24351583.25
ISAACS,636,Apartments,Apartment Renovation,56031736.08,57565343.68
ISAACS,636,Building Exterior/Facade/Window,Brickwork,11267129.06,11267129.06
ISAACS,636,Building Exterior/Facade/Window,Building Windows,20086430.78,20400558.22
ISAACS,636,Building Exterior/Facade/Window,Entrances/Exits,400348.97,438784.93
ISAACS,636,Building Exterior/Facade/Window,Foundations,95384.5,95384.5
ISAACS,636,Common Areas/Lobbies,Building Common Area Finishes ,2573234.47,2708740.69
ISAACS,636,Common Areas/Lobbies,Interior Building Doors,2202924.45,2202924.45
ISAACS,636,Common Areas/Lobbies,Interior Building Stairs,5286.05,9529355.44
ISAACS,636,Common Areas/Lobbies,Non Residential Kitchen,,844180.04
ISAACS,636,Elevators,Elevators,,8894704.05
ISAACS,636,Fire Protection,Fire Alarm,3347,3347
ISAACS,636,Fire Protection,Fire Sprinkler,0,0
ISAACS,636,Fire Protection,Standpipe System,88673.04,88673.04
ISAACS,636,Grounds,Building Exterior Walkways and Retaining Walls,145104.46,145104.46
ISAACS,636,Grounds,Landscaping,17615,17615
ISAACS,636,Grounds,Lighting - Exterior Security,205457.7,205457.7
ISAACS,636,Grounds,Open Spaces,,0
ISAACS,636,Grounds,Parking Lot,1431604,1431604
ISAACS,636,Grounds,Paving - Non-Vehicular Area,1630861,1630861
ISAACS,636,Grounds,Playgrounds,136684.8,136684.8
ISAACS,636,Grounds,Site Fences,1628492,1628492
ISAACS,636,Grounds,Site Walls (Not Retaining Walls),14339.5,14339.5
ISAACS,636,Grounds,Stairs / Ramps,214196.9,340234.4
ISAACS,636,Heating,Common Spaces Radiator / Convector / Baseboard,1066584.76,2021350.15
ISAACS,636,Heating,Decarbonization,44692482.33,44692482.33
ISAACS,636,Interior Electrical/Lighting,Electrical System,1056542.36,2412533.96
ISAACS,636,Interior Electrical/Lighting,Emergency and Exit Lighting and Panels,22208.72,91565.92
ISAACS,636,Interior Electrical/Lighting,Interior Lighting Fixture,1934219.02,1934219.02
ISAACS,636,Interior Electrical/Lighting,Telephone/Intercom,,222337.44
ISAACS,636,Lead Based Paint,Lead Based Paint,5202507.12,5202507.12
ISAACS,636,Plumbing,Building Drainage,29376.48,29376.48
ISAACS,636,Plumbing,Building Sewage System,314935.36,314935.36
ISAACS,636,Plumbing,Domestic Water System,,109364
ISAACS,636,Plumbing,Roof Tank,1949435.76,2031259.21
ISAACS,636,Plumbing,Underground Hydronic Piping,,3347565
ISAACS,636,Plumbing,Underground Natural Gas Piping,,924280
ISAACS,636,Safety And Security,Additional Security,3551196.6,3551196.6
ISAACS,636,Safety And Security,Intrusion Alarm,,107323.29
ISAACS,636,Ventilation/Air Conditioning,Air Conditioning,1998.73,1998.73
ISAACS,636,Ventilation/Air Conditioning,Building Ductwork,1573.08,1573.08
ISAACS,636,Waste Management,Garbage Chute,7801.44,7801.44
ISAACS,636,Waste Management,Waste Infrastructure,1748832.72,1748832.72
JACKSON,868,Apartments,Apartment 504 Access,2000000,2000000
JACKSON,868,Apartments,Apartment Bathroom,44425915.24,44425915.24
JACKSON,868,Apartments,Apartment Entrance Doors,5664672.16,5664672.16
JACKSON,868,Apartments,Apartment Kitchen,33133492.8,33133492.8
JACKSON,868,Apartments,Apartment Renovation,90241521.9,93279134.45
JACKSON,868,Building Exterior/Facade/Window,Brickwork,23427136.71,23427136.71
JACKSON,868,Building Exterior/Facade/Window,Building Windows,33500625.13,33500625.13
JACKSON,868,Building Exterior/Facade/Window,Entrances/Exits,645675.64,645675.64
JACKSON,868,Building Exterior/Facade/Window,Foundations,58052.8,58052.8
JACKSON,868,Common Areas/Lobbies,Building Common Area Finishes ,3788161.15,3788161.15
JACKSON,868,Common Areas/Lobbies,Building Common Areas - Bathroom,398359.15,512176.05
JACKSON,868,Common Areas/Lobbies,Interior Building Doors,3141782.05,3141782.05
JACKSON,868,Common Areas/Lobbies,Interior Building Stairs,10681.21,14046151.89
JACKSON,868,Common Areas/Lobbies,Non Residential Kitchen,844180.04,844180.04
JACKSON,868,Elevators,Elevators,195725.39,20682117.05
JACKSON,868,Fire Protection,Fire Alarm,255997.98,255997.98
JACKSON,868,Fire Protection,Standpipe System,154871.2,154871.2
JACKSON,868,Grounds,Building Exterior Walkways and Retaining Walls,405340.45,405340.45
JACKSON,868,Grounds,Fixed Site Equipment,32194.9,32194.9
JACKSON,868,Grounds,Landscaping,677.5,677.5
JACKSON,868,Grounds,Lighting - Exterior Security,543562.71,543562.71
JACKSON,868,Grounds,Open Spaces,,6790725.7
JACKSON,868,Grounds,Parking Lot,1052043,1052043
JACKSON,868,Grounds,Paving - Non-Vehicular Area,2502600,2502600
JACKSON,868,Grounds,Playgrounds,574266,574266
JACKSON,868,Grounds,Site Fences,3487097,3487097
JACKSON,868,Grounds,Site Walls (Not Retaining Walls),1065.3,1065.3
JACKSON,868,Grounds,Stairs / Ramps,401333.5,401333.5
JACKSON,868,Heating,Building Steam Piping,43441258,43868156.76
JACKSON,868,Heating,Common Spaces Radiator / Convector / Baseboard,,292450.66
JACKSON,868,Heating,Decarbonization,0,0
JACKSON,868,Heating,Heating System,13873654.09,14158704.69
JACKSON,868,Heating,Underground Steam and Condensate Return Piping,5435023,5435023
JACKSON,868,Interior Electrical/Lighting,Electrical System,228821.94,10123329.99
JACKSON,868,Interior Electrical/Lighting,Emergency and Exit Lighting and Panels,69981.97,69981.97
JACKSON,868,Interior Electrical/Lighting,Interior Lighting Fixture,2860010.82,2860010.82
JACKSON,868,Interior Electrical/Lighting,Telephone/Intercom,,296449.92
JACKSON,868,Interior Electrical/Lighting,Transformer,579369.87,4055589.09
JACKSON,868,Lead Based Paint,Lead Based Paint,6857939.76,6857939.76
JACKSON,868,Plumbing,Building Drainage,117505.92,117505.92
JACKSON,868,Plumbing,Domestic Hot Water System,52094.42,52094.42
JACKSON,868,Plumbing,Roof Tank,163646.9,163646.9
JACKSON,868,Plumbing,Underground Hydronic Piping,4909762,4909762
JACKSON,868,Roofs,Building Roof/Parapets/Misc,17728.4,17728.4
JACKSON,868,Safety And Security,Additional Security,3654596.4,3654596.4
JACKSON,868,Safety And Security,CCTV,,1122247.84
JACKSON,868,Ventilation/Air Conditioning,Air Conditioning,44747.27,216730.28
JACKSON,868,Ventilation/Air Conditioning,Building Ductwork,29532.83,29532.83
JACKSON,868,Ventilation/Air Conditioning,Exhaust Fan,2890.8,2890.8
JACKSON,868,Waste Management,Garbage Chute,83239.2,83239.2
JACKSON,868,Waste Management,Waste Infrastructure,2793638.35,2793638.35
JEFFERSON,1493,Apartments,Apartment 504 Access,3400000,3400000
JEFFERSON,1493,Apartments,Apartment Bathroom,,68927200.44
JEFFERSON,1493,Apartments,Apartment Entrance Doors,9743497.16,9743497.16
JEFFERSON,1493,Apartments,Apartment Kitchen,57178284.45,57178284.45
JEFFERSON,1493,Apartments,Apartment Renovation,136047064.4,154712339.7
JEFFERSON,1493,Building Exterior/Facade/Window,Brickwork,10517,7210517
JEFFERSON,1493,Building Exterior/Facade/Window,Building Windows,56036213.2,56036213.2
JEFFERSON,1493,Building Exterior/Facade/Window,Entrances/Exits,2421497.66,2421497.66
JEFFERSON,1493,Building Exterior/Facade/Window,Foundations,239519.42,239519.42
JEFFERSON,1493,Common Areas/Lobbies,Building Common Area Finishes ,6326299.99,6326299.99
JEFFERSON,1493,Common Areas/Lobbies,Interior Building Doors,8184851.45,8184851.45
JEFFERSON,1493,Common Areas/Lobbies,Interior Building Stairs,,41041220.07
JEFFERSON,1493,Common Areas/Lobbies,Non Residential Kitchen,1691586.77,1691586.77
JEFFERSON,1493,Elevators,Elevators,79018939.26,79018939.26
JEFFERSON,1493,Fire Protection,Fire Alarm,169218.48,169218.48
JEFFERSON,1493,Fire Protection,Fire Sprinkler,19976.93,19976.93
JEFFERSON,1493,Fire Protection,Standpipe System,5103.35,1441038.95
JEFFERSON,1493,Grounds,Building Exterior Walkways and Retaining Walls,465175.9,465175.9
JEFFERSON,1493,Grounds,Fixed Site Equipment,62063.22,62063.22
JEFFERSON,1493,Grounds,Landscaping,688000,688000
JEFFERSON,1493,Grounds,Open Spaces,,8593525.02
JEFFERSON,1493,Grounds,Parking Lot,2391867.8,2391867.8
JEFFERSON,1493,Grounds,Playgrounds,,1252944
JEFFERSON,1493,Grounds,Site Fences,6333417.8,6333417.8
JEFFERSON,1493,Grounds,Stairs / Ramps,497096.88,691985.78
JEFFERSON,1493,Grounds,Storm Piping,,8422749.5
JEFFERSON,1493,Heating,Building Steam Piping,126969663.6,127494025.8
JEFFERSON,1493,Heating,Common Spaces Radiator / Convector / Baseboard,43007.45,507487.91
JEFFERSON,1493,Heating,Decarbonization,35517606.2,35517606.2
JEFFERSON,1493,Heating,Heating System,206399.3,17658831.83
JEFFERSON,1493,Heating,Underground Steam and Condensate Return Piping,10128906.5,10128906.5
JEFFERSON,1493,Interior Electrical/Lighting,Electrical System,113484.27,26191598.37
JEFFERSON,1493,Interior Electrical/Lighting,Emergency and Exit Lighting and Panels,78785.41,80776.19
JEFFERSON,1493,Interior Electrical/Lighting,Interior Lighting Fixture,6253504.1,6253504.1
JEFFERSON,1493,Lead Based Paint,Lead Based Paint,17295192.69,17295192.69
JEFFERSON,1493,Plumbing,Building Drainage,332963.47,6648990.01
JEFFERSON,1493,Plumbing,Building Sewage System,,15194326.5
JEFFERSON,1493,Plumbing,Domestic Water System,328092,55188494.51
JEFFERSON,1493,Plumbing,Gas Risers,,25499459.3
JEFFERSON,1493,Plumbing,Non Residential Spaces Plumbing Fixtures,4032.53,4032.53
JEFFERSON,1493,Plumbing,Roof Tank,2276729.56,2276729.56
JEFFERSON,1493,Plumbing,Underground Hydronic Piping,3481467.6,3481467.6
JEFFERSON,1493,Plumbing,Underground Natural Gas Piping,1303234.8,1303234.8
JEFFERSON,1493,Roofs,Building Roof/Parapets/Misc,18860,18860
JEFFERSON,1493,Safety And Security,Additional Security,12447930.6,12447930.6
JEFFERSON,1493,Safety And Security,Intrusion Alarm,,107323.29
JEFFERSON,1493,Ventilation/Air Conditioning,Air Conditioning,3101.17,3101.17
JEFFERSON,1493,Ventilation/Air Conditioning,Building Ductwork,786.54,786.54
JEFFERSON,1493,Ventilation/Air Conditioning,Exhaust Fan,5061.55,5061.55
JEFFERSON,1493,Waste Management,Garbage Chute,254457.36,254457.36
JEFFERSON,1493,Waste Management,Waste Infrastructure,5427524.4,5427524.4
JOHNSON,1310,Apartments,Apartment 504 Access,3000000,3000000
JOHNSON,1310,Apartments,Apartment Bathroom,60374865.04,60374865.04
JOHNSON,1310,Apartments,Apartment Entrance Doors,8549217.2,8549217.2
JOHNSON,1310,Apartments,Apartment Kitchen,45826995.25,50083728.7
JOHNSON,1310,Apartments,Apartment Renovation,113922177.1,129457361.2
JOHNSON,1310,Building Exterior/Facade/Window,Brickwork,1884,4001884
JOHNSON,1310,Building Exterior/Facade/Window,Building Windows,61163848.58,61163848.58
JOHNSON,1310,Building Exterior/Facade/Window,Entrances/Exits,447272.8,447272.8
JOHNSON,1310,Building Exterior/Facade/Window,Foundations,174300.5,174300.5
JOHNSON,1310,Common Areas/Lobbies,Building Common Area Finishes ,5823404.15,7792163.11
JOHNSON,1310,Common Areas/Lobbies,Building Common Areas - Bathroom,910535.2,2105612.65
JOHNSON,1310,Common Areas/Lobbies,Building Gymnasium,228238.51,600535.11
JOHNSON,1310,Common Areas/Lobbies,Building Locker Room and Shower,373.5,5828.3
JOHNSON,1310,Common Areas/Lobbies,Interior Building Doors,4015231.74,4693332.04
JOHNSON,1310,Common Areas/Lobbies,Interior Building Stairs,21684.89,20886915.85
JOHNSON,1310,Common Areas/Lobbies,Non Residential Kitchen,2110450.1,2532540.12
JOHNSON,1310,Elevators,Elevators,41937310.13,41937310.13
JOHNSON,1310,Fire Protection,Fire Alarm,,175669.98
JOHNSON,1310,Fire Protection,Fire Sprinkler,0,0
JOHNSON,1310,Fire Protection,Standpipe System,,1912533.12
JOHNSON,1310,Grounds,Building Exterior Walkways and Retaining Walls,146994.66,224654.06
JOHNSON,1310,Grounds,Fixed Site Equipment,15385.76,15385.76
JOHNSON,1310,Grounds,Landscaping,1029.8,1029.8
JOHNSON,1310,Grounds,Open Spaces,,11775900.02
JOHNSON,1310,Grounds,Parking Lot,712439.95,712439.95
JOHNSON,1310,Grounds,Paving - Non-Vehicular Area,4873813.5,4873813.5
JOHNSON,1310,Grounds,Playgrounds,643367.76,643367.76
JOHNSON,1310,Grounds,Site Fences,6230752,6230752
JOHNSON,1310,Grounds,Stairs / Ramps,526909.45,1009339.35
JOHNSON,1310,Grounds,Storm Piping,,1670628
JOHNSON,1310,Heating,Building Steam Piping,73360664.63,73553946.23
JOHNSON,1310,Heating,Common Spaces Radiator / Convector / Baseboard,,602104.3
JOHNSON,1310,Heating,Decarbonization,0,0
JOHNSON,1310,Heating,Heating System,17224161.32,17610315.63
JOHNSON,1310,Heating,Through Wall/Window Heat Pump,2116.75,2116.75
JOHNSON,1310,Heating,Underground Steam and Condensate Return Piping,9881860,9881860
JOHNSON,1310,Interior Electrical/Lighting,Electrical System,4680191.7,17404168.45
JOHNSON,1310,Interior Electrical/Lighting,Emergency and Exit Lighting and Panels,34783.64,145160.62
JOHNSON,1310,Interior Electrical/Lighting,Interior Lighting Fixture,3267054.04,3267054.04
JOHNSON,1310,Lead Based Paint,Lead Based Paint,10166967,10166967
JOHNSON,1310,Plumbing,Building Drainage,157372.52,2642717.12
JOHNSON,1310,Plumbing,Building Sewage System,,7382719.8
JOHNSON,1310,Plumbing,Domestic Hot Water System,635436.18,635436.18
JOHNSON,1310,Plumbing,Domestic Water System,,50384786.26
JOHNSON,1310,Plumbing,Non Residential Spaces Plumbing Fixtures,3401.06,3401.06
JOHNSON,1310,Plumbing,Roof Tank,769497.79,2718933.55
JOHNSON,1310,Plumbing,Underground Hydronic Piping,4686591,4686591
JOHNSON,1310,Plumbing,Underground Natural Gas Piping,1146107.2,1146107.2
JOHNSON,1310,Roofs,Building Roof/Parapets/Misc,1886,1886
JOHNSON,1310,Safety And Security,Additional Security,6880717.2,6880717.2
JOHNSON,1310,Safety And Security,CCTV,,3366743.52
JOHNSON,1310,Ventilation/Air Conditioning,Air Conditioning,30413.73,30413.73
JOHNSON,1310,Ventilation/Air Conditioning,Exhaust Fan,7232.31,7232.31
JOHNSON,1310,Waste Management,Garbage Chute,52120.8,52120.8
JOHNSON,1310,Waste Management,Waste Infrastructure,3533099.95,3533099.95
KING TOWERS,1379,Apartments,Apartment 504 Access,3200000,3200000
KING TOWERS,1379,Apartments,Apartment Bathroom,51131972.17,63983589.69
KING TOWERS,1379,Apartments,Apartment Entrance Doors,8908153.8,8908153.8
KING TOWERS,1379,Apartments,Apartment Kitchen,42526872.68,53187880.78
KING TOWERS,1379,Apartments,Apartment Renovation,65685089.39,94440955.91
KING TOWERS,1379,Building Exterior/Facade/Window,Brickwork,26500673.38,26500673.38
KING TOWERS,1379,Building Exterior/Facade/Window,Building Windows,55424843,61564606.6
KING TOWERS,1379,Building Exterior/Facade/Window,Entrances/Exits,457994.51,561904.44
KING TOWERS,1379,Building Exterior/Facade/Window,Foundations,366620.32,366620.32
KING TOWERS,1379,Common Areas/Lobbies,Building Common Area Finishes ,2733055.58,6773649.4
KING TOWERS,1379,Common Areas/Lobbies,Building Common Areas - Bathroom,455267.6,1593436.6
KING TOWERS,1379,Common Areas/Lobbies,Building Locker Room and Shower,1358.72,43318.72
KING TOWERS,1379,Common Areas/Lobbies,Interior Building Doors,2489542.55,3892462.55
KING TOWERS,1379,Common Areas/Lobbies,Interior Building Stairs,17043071.2,17231046.25
KING TOWERS,1379,Common Areas/Lobbies,Non Residential Kitchen,844180.04,2122319.37
KING TOWERS,1379,Elevators,Elevators,222962.37,30453762.98
KING TOWERS,1379,Fire Protection,Fire Alarm,,175669.98
KING TOWERS,1379,Fire Protection,Fire Sprinkler,1548.63,504263.03
KING TOWERS,1379,Fire Protection,Standpipe System,,1592071.2
KING TOWERS,1379,Grounds,Building Exterior Walkways and Retaining Walls,3291553.62,3291553.62
KING TOWERS,1379,Grounds,Fixed Site Equipment,2178.77,2178.77
KING TOWERS,1379,Grounds,Landscaping,21680,21680
KING TOWERS,1379,Grounds,Lighting - Exterior Security,230038.75,230038.75
KING TOWERS,1379,Grounds,Open Spaces,,0
KING TOWERS,1379,Grounds,Parking Lot,2109392.5,2109392.5
KING TOWERS,1379,Grounds,Paving - Non-Vehicular Area,1793530,1793530
KING TOWERS,1379,Grounds,Playgrounds,,754614
KING TOWERS,1379,Grounds,Site Fences,3664107,3664107
KING TOWERS,1379,Grounds,Stairs / Ramps,783481.15,1175941.15
KING TOWERS,1379,Grounds,Storm Piping,,3689303.5
KING TOWERS,1379,Heating,Common Spaces Radiator / Convector / Baseboard,34405.96,1281622.01
KING TOWERS,1379,Heating,Decarbonization,274116925.7,274116925.7
KING TOWERS,1379,Heating,Through Wall/Window Heat Pump,9973.32,24933.3
KING TOWERS,1379,Interior Electrical/Lighting,Electrical System,12936020.16,14194540.83
KING TOWERS,1379,Interior Electrical/Lighting,Emergency and Exit Lighting and Panels,32152.54,146237.32
KING TOWERS,1379,Interior Electrical/Lighting,Interior Lighting Fixture,671804.08,671804.08
KING TOWERS,1379,Interior Electrical/Lighting,Public Address System,,21667.7
KING TOWERS,1379,Interior Electrical/Lighting,Telephone/Intercom,74112.48,148224.96
KING TOWERS,1379,Lead Based Paint,Lead Based Paint,10410648.78,10410648.78
KING TOWERS,1379,Plumbing,Building Drainage,81430.52,2654879.12
KING TOWERS,1379,Plumbing,Building Sewage System,29325.6,6880518.9
KING TOWERS,1379,Plumbing,Domestic Water System,69375.9,47293115.9
KING TOWERS,1379,Plumbing,Gas Risers,,12160169.66
KING TOWERS,1379,Plumbing,Underground Natural Gas Piping,1386420,1386420
KING TOWERS,1379,Roofs,Building Roof/Parapets/Misc,1289703.32,1427040.92
KING TOWERS,1379,Safety And Security,Additional Security,5306053.2,5306053.2
KING TOWERS,1379,Safety And Security,CCTV,,4769553.32
KING TOWERS,1379,Safety And Security,Intrusion Alarm,,214646.58
KING TOWERS,1379,Ventilation/Air Conditioning,Air Conditioning,6983.57,811708.95
KING TOWERS,1379,Ventilation/Air Conditioning,Building Ductwork,6012.16,6012.16
KING TOWERS,1379,Ventilation/Air Conditioning,Exhaust Fan,10700.64,57438.04
KING TOWERS,1379,Waste Management,Garbage Chute,2556,2556
KING TOWERS,1379,Waste Management,Waste Infrastructure,2349204.14,2349204.14
KINGSBOROUGH,1165,Apartments,Apartment 504 Access,2800000,2800000
KINGSBOROUGH,1165,Apartments,Apartment Bathroom,50759266.32,50759266.32
KINGSBOROUGH,1165,Apartments,Apartment Entrance Doors,7602929.8,7602929.8
KINGSBOROUGH,1165,Apartments,Apartment Kitchen,41762006.55,41762006.55
KINGSBOROUGH,1165,Apartments,Apartment Renovation,68700101.72,70761278.08
KINGSBOROUGH,1165,Building Exterior/Facade/Window,Brickwork,38053196.27,38053196.27
KINGSBOROUGH,1165,Building Exterior/Facade/Window,Building Windows,45843034.78,45843034.78
KINGSBOROUGH,1165,Building Exterior/Facade/Window,Entrances/Exits,676327.88,2021586.48
KINGSBOROUGH,1165,Building Exterior/Facade/Window,Foundations,218875.4,218875.4
KINGSBOROUGH,1165,Common Areas/Lobbies,Building Common Area Finishes ,6300673.77,6340435.45
KINGSBOROUGH,1165,Common Areas/Lobbies,Building Common Areas - Bathroom,227633.8,1081260.55
KINGSBOROUGH,1165,Common Areas/Lobbies,Interior Building Doors,1758779.8,1758779.8
KINGSBOROUGH,1165,Common Areas/Lobbies,Interior Building Stairs,9936.22,14484015.36
KINGSBOROUGH,1165,Common Areas/Lobbies,Non Residential Kitchen,2532540.12,2532540.12
KINGSBOROUGH,1165,Elevators,Elevators,51215979.15,51215979.15
KINGSBOROUGH,1165,Fire Protection,Fire Alarm,,175669.98
KINGSBOROUGH,1165,Fire Protection,Fire Sprinkler,0,0
KINGSBOROUGH,1165,Grounds,Building Exterior Walkways and Retaining Walls,358112.95,374427.95
KINGSBOROUGH,1165,Grounds,Fixed Site Equipment,50457.14,50457.14
KINGSBOROUGH,1165,Grounds,Landscaping,3319.75,3319.75
KINGSBOROUGH,1165,Grounds,Lighting - Exterior Security,1772806.44,1772806.44
KINGSBOROUGH,1165,Grounds,Open Spaces,,3199393.59
KINGSBOROUGH,1165,Grounds,Parking Lot,1647440.95,1647440.95
KINGSBOROUGH,1165,Grounds,Paving - Non-Vehicular Area,10124685.4,10124685.4
KINGSBOROUGH,1165,Grounds,Playgrounds,784988.4,784988.4
KINGSBOROUGH,1165,Grounds,Site Fences,4157964.9,4157964.9
KINGSBOROUGH,1165,Grounds,Site Lighting,398090,398090
KINGSBOROUGH,1165,Grounds,Site Walls (Not Retaining Walls),9843.9,9843.9
KINGSBOROUGH,1165,Grounds,Stairs / Ramps,24537.45,34348.95
KINGSBOROUGH,1165,Grounds,Storm Piping,1252971,1252971
KINGSBOROUGH,1165,Heating,Building Steam Piping,37046352,37562318.08
KINGSBOROUGH,1165,Heating,Common Spaces Radiator / Convector / Baseboard,,860149
KINGSBOROUGH,1165,Heating,Decarbonization,27622280.47,27622280.47
KINGSBOROUGH,1165,Heating,Heating System,,13987928.47
KINGSBOROUGH,1165,Heating,Underground Steam and Condensate Return Piping,8300762.4,8300762.4
KINGSBOROUGH,1165,Interior Electrical/Lighting,Electrical System,8261317.89,27346838.52
KINGSBOROUGH,1165,Interior Electrical/Lighting,Emergency and Exit Lighting and Panels,73493.03,85437.71
KINGSBOROUGH,1165,Interior Electrical/Lighting,Interior Lighting Fixture,2589324.71,2764214.23
KINGSBOROUGH,1165,Lead Based Paint,Lead Based Paint,19928642.66,19928642.66
KINGSBOROUGH,1165,Plumbing,Building Drainage,1470348.2,1470348.2
KINGSBOROUGH,1165,Plumbing,Building Sewage System,5261523.14,5340256.98
KINGSBOROUGH,1165,Plumbing,Domestic Water System,,40622551
KINGSBOROUGH,1165,Plumbing,Underground Hydronic Piping,1941587.7,1941587.7
KINGSBOROUGH,1165,Plumbing,Underground Natural Gas Piping,767152.4,767152.4
KINGSBOROUGH,1165,Safety And Security,Additional Security,11226301.8,11226301.8
KINGSBOROUGH,1165,Safety And Security,CCTV,,280561.96
KINGSBOROUGH,1165,Safety And Security,Intrusion Alarm,,107323.29
KINGSBOROUGH,1165,Ventilation/Air Conditioning,Building Ductwork,1573.08,1573.08
KINGSBOROUGH,1165,Ventilation/Air Conditioning,Exhaust Fan,4336.19,4336.19
KINGSBOROUGH,1165,Waste Management,Garbage Chute,59615.52,59615.52
KINGSBOROUGH,1165,Waste Management,Waste Infrastructure,4492577.55,4492577.55
KINGSBOROUGH EXTENSION,184,Apartments,Apartment 504 Access,400000,400000
KINGSBOROUGH EXTENSION,184,Apartments,Apartment Bathroom,8459877.72,8459877.72
KINGSBOROUGH EXTENSION,184,Apartments,Apartment Entrance Doors,1200806.08,1200806.08
KINGSBOROUGH EXTENSION,184,Apartments,Apartment Kitchen,7017857.85,7017857.85
KINGSBOROUGH EXTENSION,184,Apartments,Apartment Renovation,11793233.08,12174787.26
KINGSBOROUGH EXTENSION,184,Building Exterior/Facade/Window,Brickwork,3762484.31,3762484.31
KINGSBOROUGH EXTENSION,184,Building Exterior/Facade/Window,Building Windows,4317544.74,4317544.74
KINGSBOROUGH EXTENSION,184,Building Exterior/Facade/Window,Entrances/Exits,60571.8,99007.76
KINGSBOROUGH EXTENSION,184,Building Exterior/Facade/Window,Foundations,2015,2015
KINGSBOROUGH EXTENSION,184,Common Areas/Lobbies,Building Common Area Finishes ,1013049.57,1013049.57
KINGSBOROUGH EXTENSION,184,Common Areas/Lobbies,Building Common Areas - Bathroom,,398359.15
KINGSBOROUGH EXTENSION,184,Common Areas/Lobbies,Building Gymnasium,3142.8,3142.8
KINGSBOROUGH EXTENSION,184,Common Areas/Lobbies,Interior Building Doors,736991.35,736991.35
KINGSBOROUGH EXTENSION,184,Common Areas/Lobbies,Interior Building Stairs,,1566458.78
KINGSBOROUGH EXTENSION,184,Common Areas/Lobbies,Non Residential Kitchen,4788.92,426878.94
KINGSBOROUGH EXTENSION,184,Elevators,Elevators,,2964901.35
KINGSBOROUGH EXTENSION,184,Fire Protection,Fire Alarm,,175669.98
KINGSBOROUGH EXTENSION,184,Grounds,Building Exterior Walkways and Retaining Walls,1229.4,1229.4
KINGSBOROUGH EXTENSION,184,Grounds,Lighting - Exterior Security,164366.16,164366.16
KINGSBOROUGH EXTENSION,184,Grounds,Open Spaces,,954953.25
KINGSBOROUGH EXTENSION,184,Grounds,Paving - Non-Vehicular Area,518663.85,518663.85
KINGSBOROUGH EXTENSION,184,Grounds,Site Fences,435444.6,435444.6
KINGSBOROUGH EXTENSION,184,Grounds,Site Lighting,271425,271425
KINGSBOROUGH EXTENSION,184,Grounds,Stairs / Ramps,2124.45,81996.95
KINGSBOROUGH EXTENSION,184,Heating,Building Steam Piping,40335.56,9533463.26
KINGSBOROUGH EXTENSION,184,Heating,Common Spaces Radiator / Convector / Baseboard,,223638.74
KINGSBOROUGH EXTENSION,184,Heating,Decarbonization,4362660.61,4362660.61
KINGSBOROUGH EXTENSION,184,Heating,Heating System,129888.89,3606401.17
KINGSBOROUGH EXTENSION,184,Heating,Underground Steam and Condensate Return Piping,,741139.5
KINGSBOROUGH EXTENSION,184,Interior Electrical/Lighting,Electrical System,604545.16,1706134.36
KINGSBOROUGH EXTENSION,184,Interior Electrical/Lighting,Emergency and Exit Lighting and Panels,37072.23,43044.57
KINGSBOROUGH EXTENSION,184,Interior Electrical/Lighting,Interior Lighting Fixture,736426.48,736426.48
KINGSBOROUGH EXTENSION,184,Interior Electrical/Lighting,Transformer,,318897.26
KINGSBOROUGH EXTENSION,184,Lead Based Paint,Lead Based Paint,2214948.33,2214948.33
KINGSBOROUGH EXTENSION,184,Plumbing,Roof Tank,180190.27,343837.17
KINGSBOROUGH EXTENSION,184,Plumbing,Underground Hydronic Piping,,267805.2
KINGSBOROUGH EXTENSION,184,Plumbing,Underground Natural Gas Piping,,73942.4
KINGSBOROUGH EXTENSION,184,Safety And Security,Additional Security,919837.8,919837.8
KINGSBOROUGH EXTENSION,184,Ventilation/Air Conditioning,Air Conditioning,3997.46,97100.5
KINGSBOROUGH EXTENSION,184,Ventilation/Air Conditioning,Building Ductwork,3932.7,3932.7
KINGSBOROUGH EXTENSION,184,Waste Management,Garbage Chute,6816,6816
KINGSBOROUGH EXTENSION,184,Waste Management,Waste Infrastructure,84940.69,84940.69
LA GUARDIA,1094,Apartments,Apartment 504 Access,2600000,2600000
LA GUARDIA,1094,Apartments,Apartment Bathroom,44657059.44,44657059.44
LA GUARDIA,1094,Apartments,Apartment Entrance Doors,7139575.28,7139575.28
LA GUARDIA,1094,Apartments,Apartment Kitchen,37045085.7,37045085.7
LA GUARDIA,1094,Apartments,Apartment Renovation,76908738.67,83685696.91
LA GUARDIA,1094,Building Exterior/Facade/Window,Brickwork,34510160.49,34510160.49
LA GUARDIA,1094,Building Exterior/Facade/Window,Building Windows,45934435.66,45934435.66
LA GUARDIA,1094,Building Exterior/Facade/Window,Entrances/Exits,655745.9,655745.9
LA GUARDIA,1094,Building Exterior/Facade/Window,Foundations,507779.2,507779.2
LA GUARDIA,1094,Common Areas/Lobbies,Building Common Area Finishes ,4068278.47,4068278.47
LA GUARDIA,1094,Common Areas/Lobbies,Building Common Areas - Bathroom,910535.2,1138169
LA GUARDIA,1094,Common Areas/Lobbies,Interior Building Doors,4316701.85,4316701.85
LA GUARDIA,1094,Common Areas/Lobbies,Interior Building Stairs,,16165854.62
LA GUARDIA,1094,Common Areas/Lobbies,Non Residential Kitchen,1688360.08,1688360.08
LA GUARDIA,1094,Elevators,Elevators,23413019.04,26339646.42
LA GUARDIA,1094,Fire Protection,Fire Alarm,338436.96,338436.96
LA GUARDIA,1094,Fire Protection,Fire Sprinkler,,40039.2
LA GUARDIA,1094,Fire Protection,Standpipe System,,1635584.4
LA GUARDIA,1094,Grounds,Building Exterior Walkways and Retaining Walls,741618.08,741618.08
LA GUARDIA,1094,Grounds,Landscaping,24390,24390
LA GUARDIA,1094,Grounds,Lighting - Exterior Security,698556.18,698556.18
LA GUARDIA,1094,Grounds,Open Spaces,,0
LA GUARDIA,1094,Grounds,Parking Lot,2705152,2705152
LA GUARDIA,1094,Grounds,Paving - Non-Vehicular Area,3749729,3749729
LA GUARDIA,1094,Grounds,Playgrounds,367340.4,367340.4
LA GUARDIA,1094,Grounds,Site Fences,5097888,5097888
LA GUARDIA,1094,Grounds,Stairs / Ramps,845081.65,1595028.65
LA GUARDIA,1094,Grounds,Storm Piping,,1113752
LA GUARDIA,1094,Heating,Decarbonization,112964984.8,112964984.8
LA GUARDIA,1094,Interior Electrical/Lighting,Electrical System,152547.96,754269.78
LA GUARDIA,1094,Interior Electrical/Lighting,Emergency and Exit Lighting and Panels,81816.22,99830.36
LA GUARDIA,1094,Interior Electrical/Lighting,Interior Lighting Fixture,1815423.16,1815423.16
LA GUARDIA,1094,Interior Electrical/Lighting,Telephone/Intercom,,741124.8
LA GUARDIA,1094,Lead Based Paint,Lead Based Paint,7845517.08,7845517.08
LA GUARDIA,1094,Plumbing,Building Drainage,29376.48,3412843.02
LA GUARDIA,1094,Plumbing,Building Sewage System,,6363655.2
LA GUARDIA,1094,Plumbing,Domestic Water System,,31539829
LA GUARDIA,1094,Plumbing,Roof Tank,1220188.23,1220188.23
LA GUARDIA,1094,Plumbing,Underground Hydronic Piping,6695130,6695130
LA GUARDIA,1094,Plumbing,Underground Natural Gas Piping,499111.2,499111.2
LA GUARDIA,1094,Safety And Security,Additional Security,5205975.6,5205975.6
LA GUARDIA,1094,Safety And Security,Intrusion Alarm,107323.29,107323.29
LA GUARDIA,1094,Ventilation/Air Conditioning,Air Conditioning,208317.02,380300.03
LA GUARDIA,1094,Ventilation/Air Conditioning,Building Ductwork,75507.84,75507.84
LA GUARDIA,1094,Ventilation/Air Conditioning,Exhaust Fan,6026.92,6026.92
LA GUARDIA,1094,Waste Management,Garbage Chute,13898.88,13898.88
LA GUARDIA,1094,Waste Management,Waste Infrastructure,2951946.54,2951946.54
LA GUARDIA ADDITION,150,Apartments,Apartment 504 Access,400000,400000
LA GUARDIA ADDITION,150,Apartments,Apartment Bathroom,6934326,6934326
LA GUARDIA ADDITION,150,Apartments,Apartment Entrance Doors,978918,978918
LA GUARDIA ADDITION,150,Apartments,Apartment Kitchen,5752342.5,5752342.5
LA GUARDIA ADDITION,150,Apartments,Apartment Renovation,7533679.38,8435405.2
LA GUARDIA ADDITION,150,Building Exterior/Facade/Window,Brickwork,3833831.83,3833831.83
LA GUARDIA ADDITION,150,Building Exterior/Facade/Window,Building Windows,3736483.12,3736483.12
LA GUARDIA ADDITION,150,Building Exterior/Facade/Window,Entrances/Exits,140719.46,140719.46
LA GUARDIA ADDITION,150,Building Exterior/Facade/Window,Foundations,4030,4030
LA GUARDIA ADDITION,150,Common Areas/Lobbies,Building Common Area Finishes ,791454.35,905380.85
LA GUARDIA ADDITION,150,Common Areas/Lobbies,Building Common Areas - Bathroom,,170725.35
LA GUARDIA ADDITION,150,Common Areas/Lobbies,Interior Building Doors,499806.2,499806.2
LA GUARDIA ADDITION,150,Common Areas/Lobbies,Interior Building Stairs,,2005067.24
LA GUARDIA ADDITION,150,Common Areas/Lobbies,Non Residential Kitchen,422090.02,422090.02
LA GUARDIA ADDITION,150,Elevators,Elevators,2926627.38,2926627.38
LA GUARDIA ADDITION,150,Grounds,Building Exterior Walkways and Retaining Walls,43847.32,46457.72
LA GUARDIA ADDITION,150,Grounds,Landscaping,9756,9756
LA GUARDIA ADDITION,150,Grounds,Lighting - Exterior Security,123274.62,123274.62
LA GUARDIA ADDITION,150,Grounds,Open Spaces,,0
LA GUARDIA ADDITION,150,Grounds,Parking Lot,474237,474237
LA GUARDIA ADDITION,150,Grounds,Paving - Non-Vehicular Area,540144.5,540144.5
LA GUARDIA ADDITION,150,Grounds,Site Fences,522179.5,522179.5
LA GUARDIA ADDITION,150,Grounds,Site Lighting,81427.5,81427.5
LA GUARDIA ADDITION,150,Heating,Decarbonization,15488800.48,15488800.48
LA GUARDIA ADDITION,150,Interior Electrical/Lighting,Electrical System,566408.17,1129993
LA GUARDIA ADDITION,150,Interior Electrical/Lighting,Emergency and Exit Lighting and Panels,20951.75,20951.75
LA GUARDIA ADDITION,150,Interior Electrical/Lighting,Interior Lighting Fixture,548867.32,548867.32
LA GUARDIA ADDITION,150,Interior Electrical/Lighting,Telephone/Intercom,,74112.48
LA GUARDIA ADDITION,150,Lead Based Paint,Lead Based Paint,1228387.8,1228387.8
LA GUARDIA ADDITION,150,Plumbing,Building Drainage,14688.24,14688.24
LA GUARDIA ADDITION,150,Plumbing,Underground Hydronic Piping,357073.6,357073.6
LA GUARDIA ADDITION,150,Plumbing,Underground Natural Gas Piping,110913.6,110913.6
LA GUARDIA ADDITION,150,Roofs,Building Roof/Parapets/Misc,46262.2,46262.2
LA GUARDIA ADDITION,150,Safety And Security,Additional Security,1094326.8,1094326.8
LA GUARDIA ADDITION,150,Safety And Security,Intrusion Alarm,,107323.29
LA GUARDIA ADDITION,150,Ventilation/Air Conditioning,Air Conditioning,71111.34,71111.34
LA GUARDIA ADDITION,150,Ventilation/Air Conditioning,Exhaust Fan,3616.15,3616.15
LA GUARDIA ADDITION,150,Waste Management,Garbage Chute,12161.52,12161.52
LA GUARDIA ADDITION,150,Waste Management,Waste Infrastructure,84940.69,84940.69
LAFAYETTE,882,Apartments,Apartment 504 Access,2000000,2000000
LAFAYETTE,882,Apartments,Apartment Bathroom,43455109.6,43455109.6
LAFAYETTE,882,Apartments,Apartment Entrance Doors,5756037.84,5756037.84
LAFAYETTE,882,Apartments,Apartment Kitchen,33747076,33747076
LAFAYETTE,882,Apartments,Apartment Renovation,91475221.27,91794876.83
LAFAYETTE,882,Building Exterior/Facade/Window,Brickwork,22617613.12,22617613.12
LAFAYETTE,882,Building Exterior/Facade/Window,Building Windows,224986.28,35764222.56
LAFAYETTE,882,Building Exterior/Facade/Window,Entrances/Exits,510493.32,510493.32
LAFAYETTE,882,Building Exterior/Facade/Window,Foundations,40200.15,40200.15
LAFAYETTE,882,Common Areas/Lobbies,Building Common Area Finishes ,3339060.92,3428086.72
LAFAYETTE,882,Common Areas/Lobbies,Building Common Areas - Bathroom,853626.75,1308894.35
LAFAYETTE,882,Common Areas/Lobbies,Interior Building Doors,3470069.05,3477724.1
LAFAYETTE,882,Common Areas/Lobbies,Interior Building Stairs,1318.33,15289956.04
LAFAYETTE,882,Common Areas/Lobbies,Non Residential Kitchen,2536833.44,2536833.44
LAFAYETTE,882,Elevators,Elevators,20486391.66,20486391.66
LAFAYETTE,882,Fire Protection,Fire Alarm,24114.61,24114.61
LAFAYETTE,882,Fire Protection,Standpipe System,151724.58,151724.58
LAFAYETTE,882,Grounds,Building Exterior Walkways and Retaining Walls,216269.78,347833.94
LAFAYETTE,882,Grounds,Fixed Site Equipment,35561.82,35561.82
LAFAYETTE,882,Grounds,Lighting - Exterior Security,892273.44,892273.44
LAFAYETTE,882,Grounds,Open Spaces,,8260685.67
LAFAYETTE,882,Grounds,Parking Lot,1341626.55,1341626.55
LAFAYETTE,882,Grounds,Paving - Non-Vehicular Area,3509687.95,3509687.95
LAFAYETTE,882,Grounds,Playgrounds,873264,873264
LAFAYETTE,882,Grounds,Site Fences,3740221.3,3740221.3
LAFAYETTE,882,Grounds,Site Lighting,470470,470470
LAFAYETTE,882,Grounds,Site Walls (Not Retaining Walls),1167.4,1167.4
LAFAYETTE,882,Grounds,Stairs / Ramps,34706.4,552280.2
LAFAYETTE,882,Grounds,Storm Piping,28053.01,28053.01
LAFAYETTE,882,Heating,Common Spaces Radiator / Convector / Baseboard,17202.98,516089.4
LAFAYETTE,882,Heating,Decarbonization,61936038.51,61936038.51
LAFAYETTE,882,Heating,Heating System,833.07,833.07
LAFAYETTE,882,Interior Electrical/Lighting,Electrical System,2706336.52,7734433.32
LAFAYETTE,882,Interior Electrical/Lighting,Emergency and Exit Lighting and Panels,59366.45,64912.01
LAFAYETTE,882,Interior Electrical/Lighting,Interior Lighting Fixture,2808857.42,2940746.18
LAFAYETTE,882,Interior Electrical/Lighting,Telephone/Intercom,518787.36,741124.8
LAFAYETTE,882,Lead Based Paint,Lead Based Paint,2803632.7,2803632.7
LAFAYETTE,882,Plumbing,Building Drainage,375958.11,375958.11
LAFAYETTE,882,Plumbing,Building Sewage System,3903.84,1030299.84
LAFAYETTE,882,Plumbing,Domestic Water System,7818.5,7818.5
LAFAYETTE,882,Plumbing,Roof Tank,245470.35,245470.35
LAFAYETTE,882,Plumbing,Underground Natural Gas Piping,924280,924280
LAFAYETTE,882,Safety And Security,Additional Security,5224997.4,5224997.4
LAFAYETTE,882,Safety And Security,Intrusion Alarm,214646.58,214646.58
LAFAYETTE,882,Ventilation/Air Conditioning,Air Conditioning,3101.17,3101.17
LAFAYETTE,882,Ventilation/Air Conditioning,Building Ductwork,23982.58,23982.58
LAFAYETTE,882,Ventilation/Air Conditioning,Exhaust Fan,18080.77,18080.77
LAFAYETTE,882,Waste Management,Garbage Chute,3408,3408
LAFAYETTE,882,Waste Management,Waste Infrastructure,2100168.67,2100168.67
LATIMER GARDENS,423,Apartments,Apartment 504 Access,1000000,1000000
LATIMER GARDENS,423,Apartments,Apartment Bathroom,19462341.64,19462341.64
LATIMER GARDENS,423,Apartments,Apartment Entrance Doors,2760548.76,2760548.76
LATIMER GARDENS,423,Apartments,Apartment Kitchen,16144907.95,16144907.95
LATIMER GARDENS,423,Apartments,Apartment Renovation,36430691.33,38000329.47
LATIMER GARDENS,423,Building Exterior/Facade/Window,Brickwork,11182626.89,11182626.89
LATIMER GARDENS,423,Building Exterior/Facade/Window,Building Windows,12437810.68,12437810.68
LATIMER GARDENS,423,Building Exterior/Facade/Window,Entrances/Exits,345967.9,345967.9
LATIMER GARDENS,423,Building Exterior/Facade/Window,Foundations,45610.8,45610.8
LATIMER GARDENS,423,Common Areas/Lobbies,Building Common Area Finishes ,1986661.94,1986661.94
LATIMER GARDENS,423,Common Areas/Lobbies,Building Common Areas - Bathroom,,739809.85
LATIMER GARDENS,423,Common Areas/Lobbies,Building Gymnasium,73814.92,73814.92
LATIMER GARDENS,423,Common Areas/Lobbies,Interior Building Doors,1606862.45,1606862.45
LATIMER GARDENS,423,Common Areas/Lobbies,Interior Building Stairs,,5388618.21
LATIMER GARDENS,423,Common Areas/Lobbies,Non Residential Kitchen,844180.04,844180.04
LATIMER GARDENS,423,Elevators,Elevators,11706509.52,11706509.52
LATIMER GARDENS,423,Fire Protection,Fire Alarm,16573.28,192243.26
LATIMER GARDENS,423,Fire Protection,Standpipe System,24631.4,24631.4
LATIMER GARDENS,423,Grounds,Building Exterior Walkways and Retaining Walls,33401.6,119544.8
LATIMER GARDENS,423,Grounds,Landscaping,8784.3,8784.3
LATIMER GARDENS,423,Grounds,Lighting - Exterior Security,528319.8,528319.8
LATIMER GARDENS,423,Grounds,Open Spaces,,0
LATIMER GARDENS,423,Grounds,Parking Lot,817650,817650
LATIMER GARDENS,423,Grounds,Paving - Non-Vehicular Area,875910,875910
LATIMER GARDENS,423,Grounds,Site Fences,2655150,2655150
LATIMER GARDENS,423,Grounds,Site Lighting,153807.5,153807.5
LATIMER GARDENS,423,Heating,Common Spaces Radiator / Convector / Baseboard,137623.84,430074.5
LATIMER GARDENS,423,Heating,Decarbonization,29771527.6,29771527.6
LATIMER GARDENS,423,Interior Electrical/Lighting,Electrical System,114410.97,114410.97
LATIMER GARDENS,423,Interior Electrical/Lighting,Emergency and Exit Lighting and Panels,59493.97,63055.37
LATIMER GARDENS,423,Interior Electrical/Lighting,Interior Lighting Fixture,1531774.18,1531774.18
LATIMER GARDENS,423,Interior Electrical/Lighting,Telephone/Intercom,,444674.88
LATIMER GARDENS,423,Lead Based Paint,Lead Based Paint,764952.33,764952.33
LATIMER GARDENS,423,Plumbing,Building Drainage,147237.09,147237.09
LATIMER GARDENS,423,Plumbing,Building Sewage System,39366.92,39366.92
LATIMER GARDENS,423,Plumbing,Non Residential Spaces Plumbing Fixtures,4032.53,4032.53
LATIMER GARDENS,423,Plumbing,Roof Tank,1138364.78,1138364.78
LATIMER GARDENS,423,Plumbing,Underground Hydronic Piping,,2231710
LATIMER GARDENS,423,Plumbing,Underground Natural Gas Piping,,346605
LATIMER GARDENS,423,Safety And Security,Additional Security,3072417.6,3072417.6
LATIMER GARDENS,423,Safety And Security,Intrusion Alarm,107323.29,107323.29
LATIMER GARDENS,423,Ventilation/Air Conditioning,Air Conditioning,70834.5,357472.85
LATIMER GARDENS,423,Ventilation/Air Conditioning,Building Ductwork,0,0
LATIMER GARDENS,423,Waste Management,Garbage Chute,6949.44,6949.44
LATIMER GARDENS,423,Waste Management,Waste Infrastructure,2276050.95,2276050.95
LEAVITT STREET-34TH AVENUE,83,Apartments,Apartment 504 Access,200000,200000
LEAVITT STREET-34TH AVENUE,83,Apartments,Apartment Bathroom,3790764.88,3790764.88
LEAVITT STREET-34TH AVENUE,83,Apartments,Apartment Entrance Doors,541667.96,541667.96
LEAVITT STREET-34TH AVENUE,83,Apartments,Apartment Kitchen,3144613.9,3144613.9
LEAVITT STREET-34TH AVENUE,83,Apartments,Apartment Renovation,5419892.69,5446649.24
LEAVITT STREET-34TH AVENUE,83,Building Exterior/Facade/Window,Brickwork,2449598.35,2449598.35
LEAVITT STREET-34TH AVENUE,83,Building Exterior/Facade/Window,Building Windows,1335138.07,1335138.07
LEAVITT STREET-34TH AVENUE,83,Building Exterior/Facade/Window,Entrances/Exits,69659.73,69659.73
LEAVITT STREET-34TH AVENUE,83,Common Areas/Lobbies,Building Common Area Finishes ,478704.11,478704.11
LEAVITT STREET-34TH AVENUE,83,Common Areas/Lobbies,Building Common Areas - Bathroom,227633.8,227633.8
LEAVITT STREET-34TH AVENUE,83,Common Areas/Lobbies,Interior Building Doors,278052.55,278052.55
LEAVITT STREET-34TH AVENUE,83,Common Areas/Lobbies,Interior Building Stairs,2433.84,879650.76
LEAVITT STREET-34TH AVENUE,83,Elevators,Elevators,2926627.38,2926627.38
LEAVITT STREET-34TH AVENUE,83,Fire Protection,Fire Alarm,1673.5,1673.5
LEAVITT STREET-34TH AVENUE,83,Grounds,Building Exterior Walkways and Retaining Walls,22884.2,22884.2
LEAVITT STREET-34TH AVENUE,83,Grounds,Landscaping,135.5,135.5
LEAVITT STREET-34TH AVENUE,83,Grounds,Lighting - Exterior Security,111534.18,111534.18
LEAVITT STREET-34TH AVENUE,83,Grounds,Open Spaces,,0
LEAVITT STREET-34TH AVENUE,83,Grounds,Parking Lot,545100,545100
LEAVITT STREET-34TH AVENUE,83,Grounds,Site Fences,123907,123907
LEAVITT STREET-34TH AVENUE,83,Grounds,Stairs / Ramps,5971.7,57090.1
LEAVITT STREET-34TH AVENUE,83,Heating,Air Source Heat Pump,0,0
LEAVITT STREET-34TH AVENUE,83,Heating,Common Spaces Radiator / Convector / Baseboard,,137623.84
LEAVITT STREET-34TH AVENUE,83,Heating,Decarbonization,3860537.74,3860537.74
LEAVITT STREET-34TH AVENUE,83,Interior Electrical/Lighting,Electrical System,2424.2,1559339.93
LEAVITT STREET-34TH AVENUE,83,Interior Electrical/Lighting,Emergency and Exit Lighting and Panels,41879.25,118259.19
LEAVITT STREET-34TH AVENUE,83,Interior Electrical/Lighting,Interior Lighting Fixture,329933.2,329933.2
LEAVITT STREET-34TH AVENUE,83,Lead Based Paint,Lead Based Paint,597562.86,597562.86
LEAVITT STREET-34TH AVENUE,83,Plumbing,Building Drainage,,14688.24
LEAVITT STREET-34TH AVENUE,83,Plumbing,Building Sewage System,39366.92,39366.92
LEAVITT STREET-34TH AVENUE,83,Plumbing,Domestic Hot Water System,,49261.28
LEAVITT STREET-34TH AVENUE,83,Plumbing,Non Residential Spaces Plumbing Fixtures,0,0
LEAVITT STREET-34TH AVENUE,83,Plumbing,Underground Hydronic Piping,,178536.8
LEAVITT STREET-34TH AVENUE,83,Plumbing,Underground Natural Gas Piping,,73942.4
LEAVITT STREET-34TH AVENUE,83,Roofs,Building Roof/Parapets/Misc,,1208935.68
LEAVITT STREET-34TH AVENUE,83,Safety And Security,Additional Security,745348.8,745348.8
LEAVITT STREET-34TH AVENUE,83,Ventilation/Air Conditioning,Air Conditioning,12196.45,12196.45
LEAVITT STREET-34TH AVENUE,83,Ventilation/Air Conditioning,Exhaust Fan,2890.8,2890.8
LEAVITT STREET-34TH AVENUE,83,Waste Management,Garbage Chute,1737.36,1737.36
LEAVITT STREET-34TH AVENUE,83,Waste Management,Waste Infrastructure,84940.69,84940.69
LEHMAN VILLAGE,622,Apartments,Apartment 504 Access,1400000,1400000
LEHMAN VILLAGE,622,Apartments,Apartment Bathroom,32406416.84,32406416.84
LEHMAN VILLAGE,622,Apartments,Apartment Entrance Doors,4059246.64,4059246.64
LEHMAN VILLAGE,622,Apartments,Apartment Kitchen,23814697.95,23814697.95
LEHMAN VILLAGE,622,Apartments,Apartment Renovation,60472629.84,61792825.78
LEHMAN VILLAGE,622,Building Exterior/Facade/Window,Brickwork,15435327.33,15435327.33
LEHMAN VILLAGE,622,Building Exterior/Facade/Window,Building Windows,24273202.07,24273202.07
LEHMAN VILLAGE,622,Building Exterior/Facade/Window,Entrances/Exits,402813.27,402813.27
LEHMAN VILLAGE,622,Building Exterior/Facade/Window,Foundations,45691,45691
LEHMAN VILLAGE,622,Common Areas/Lobbies,Building Common Area Finishes ,3274911.43,3274911.43
LEHMAN VILLAGE,622,Common Areas/Lobbies,Building Common Areas - Bathroom,,910535.2
LEHMAN VILLAGE,622,Common Areas/Lobbies,Interior Building Doors,2271607.45,2271607.45
LEHMAN VILLAGE,622,Common Areas/Lobbies,Interior Building Stairs,4422.49,9403175.17
LEHMAN VILLAGE,622,Common Areas/Lobbies,Non Residential Kitchen,1271058.98,1693149
LEHMAN VILLAGE,622,Elevators,Elevators,5772.27,11865377.67
LEHMAN VILLAGE,622,Fire Protection,Fire Alarm,,351339.96
LEHMAN VILLAGE,622,Fire Protection,Standpipe System,141489.12,141489.12
LEHMAN VILLAGE,622,Grounds,Building Exterior Walkways and Retaining Walls,286752.4,297194
LEHMAN VILLAGE,622,Grounds,Landscaping,2168,2168
LEHMAN VILLAGE,622,Grounds,Lighting - Exterior Security,252419.46,252419.46
LEHMAN VILLAGE,622,Grounds,Open Spaces,,7135209.55
LEHMAN VILLAGE,622,Grounds,Parking Lot,1324338.5,1324338.5
LEHMAN VILLAGE,622,Grounds,Paving - Non-Vehicular Area,1293010,1293010
LEHMAN VILLAGE,622,Grounds,Playgrounds,411003.6,411003.6
LEHMAN VILLAGE,622,Grounds,Site Fences,4871315.2,4871315.2
LEHMAN VILLAGE,622,Grounds,Site Lighting,162855,162855
LEHMAN VILLAGE,622,Grounds,Stairs / Ramps,45837.7,867671.55
LEHMAN VILLAGE,622,Heating,Building Steam Piping,361461.88,30785448.66
LEHMAN VILLAGE,622,Heating,Common Spaces Radiator / Convector / Baseboard,103217.88,309653.64
LEHMAN VILLAGE,622,Heating,Decarbonization,0,0
LEHMAN VILLAGE,622,Heating,Heating System,13791170.01,14069107.43
LEHMAN VILLAGE,622,Heating,Underground Steam and Condensate Return Piping,4446837,4446837
LEHMAN VILLAGE,622,Interior Electrical/Lighting,Electrical System,1168129.99,2709159.86
LEHMAN VILLAGE,622,Interior Electrical/Lighting,Emergency and Exit Lighting and Panels,22838.96,127399.96
LEHMAN VILLAGE,622,Interior Electrical/Lighting,Interior Lighting Fixture,1231408.6,1599964.93
LEHMAN VILLAGE,622,Interior Electrical/Lighting,Telephone/Intercom,,592899.84
LEHMAN VILLAGE,622,Lead Based Paint,Lead Based Paint,1673914.59,1673914.59
LEHMAN VILLAGE,622,Plumbing,Building Drainage,58752.96,58752.96
LEHMAN VILLAGE,622,Plumbing,Building Sewage System,36657,36657
LEHMAN VILLAGE,622,Plumbing,Domestic Hot Water System,213762.9,213762.9
LEHMAN VILLAGE,622,Plumbing,Domestic Water System,78185,78185
LEHMAN VILLAGE,622,Plumbing,Non Residential Spaces Plumbing Fixtures,4032.53,4032.53
LEHMAN VILLAGE,622,Plumbing,Roof Tank,2113082.66,2113082.66
LEHMAN VILLAGE,622,Plumbing,Underground Hydronic Piping,2544149.4,2544149.4
LEHMAN VILLAGE,622,Plumbing,Underground Natural Gas Piping,332740.8,332740.8
LEHMAN VILLAGE,622,Roofs,Building Roof/Parapets/Misc,4635420.26,4635420.26
LEHMAN VILLAGE,622,Safety And Security,Additional Security,3628930.2,3628930.2
LEHMAN VILLAGE,622,Safety And Security,CCTV,,1122247.84
LEHMAN VILLAGE,622,Ventilation/Air Conditioning,Air Conditioning,215931.75,672010.93
LEHMAN VILLAGE,622,Ventilation/Air Conditioning,Building Ductwork,2866.39,2866.39
LEHMAN VILLAGE,622,Ventilation/Air Conditioning,Exhaust Fan,1205.38,1205.38
LEHMAN VILLAGE,622,Waste Management,Garbage Chute,8686.8,8686.8
LEHMAN VILLAGE,622,Waste Management,Waste Infrastructure,1833773.41,1833773.41
LENOX ROAD-ROCKAWAY PARKWAY,74,Apartments,Apartment 504 Access,200000,200000
LENOX ROAD-ROCKAWAY PARKWAY,74,Apartments,Apartment Bathroom,4160595.6,4160595.6
LENOX ROAD-ROCKAWAY PARKWAY,74,Apartments,Apartment Entrance Doors,482932.88,482932.88
LENOX ROAD-ROCKAWAY PARKWAY,74,Apartments,Apartment Kitchen,2837822.3,2837822.3
LENOX ROAD-ROCKAWAY PARKWAY,74,Apartments,Apartment Renovation,7689284.86,7840275.08
LENOX ROAD-ROCKAWAY PARKWAY,74,Building Exterior/Facade/Window,Building Windows,3815725.7,3815725.7
LENOX ROAD-ROCKAWAY PARKWAY,74,Building Exterior/Facade/Window,Entrances/Exits,194989.09,194989.09
LENOX ROAD-ROCKAWAY PARKWAY,74,Building Exterior/Facade/Window,Foundations,41296.9,41296.9
LENOX ROAD-ROCKAWAY PARKWAY,74,Common Areas/Lobbies,Building Common Area Finishes ,576906.16,576906.16
LENOX ROAD-ROCKAWAY PARKWAY,74,Common Areas/Lobbies,Building Common Areas - Bathroom,,56908.45
LENOX ROAD-ROCKAWAY PARKWAY,74,Common Areas/Lobbies,Interior Building Doors,219252.55,219252.55
LENOX ROAD-ROCKAWAY PARKWAY,74,Common Areas/Lobbies,Interior Building Stairs,,1942408.89
LENOX ROAD-ROCKAWAY PARKWAY,74,Fire Protection,Fire Sprinkler,0,0
LENOX ROAD-ROCKAWAY PARKWAY,74,Grounds,Lighting - Exterior Security,227774.75,227774.75
LENOX ROAD-ROCKAWAY PARKWAY,74,Grounds,Open Spaces,,444559.05
LENOX ROAD-ROCKAWAY PARKWAY,74,Grounds,Paving - Non-Vehicular Area,253388.25,253388.25
LENOX ROAD-ROCKAWAY PARKWAY,74,Grounds,Site Fences,191170.8,191170.8
LENOX ROAD-ROCKAWAY PARKWAY,74,Grounds,Stairs / Ramps,9802.2,25776.7
LENOX ROAD-ROCKAWAY PARKWAY,74,Heating,Common Spaces Radiator / Convector / Baseboard,111819.37,258044.7
LENOX ROAD-ROCKAWAY PARKWAY,74,Heating,Decarbonization,2251032.59,2251032.59
LENOX ROAD-ROCKAWAY PARKWAY,74,Heating,Heating System,,3781258.26
LENOX ROAD-ROCKAWAY PARKWAY,74,Interior Electrical/Lighting,Electrical System,0,2254339.32
LENOX ROAD-ROCKAWAY PARKWAY,74,Interior Electrical/Lighting,Emergency and Exit Lighting and Panels,3350.34,9322.68
LENOX ROAD-ROCKAWAY PARKWAY,74,Interior Electrical/Lighting,Interior Lighting Fixture,383217.64,383217.64
LENOX ROAD-ROCKAWAY PARKWAY,74,Lead Based Paint,Lead Based Paint,0,0
LENOX ROAD-ROCKAWAY PARKWAY,74,Plumbing,Building Drainage,2622.53,2622.53
LENOX ROAD-ROCKAWAY PARKWAY,74,Plumbing,Building Sewage System,,236201.52
LENOX ROAD-ROCKAWAY PARKWAY,74,Plumbing,Domestic Water System,218728,218728
LENOX ROAD-ROCKAWAY PARKWAY,74,Roofs,Building Roof/Parapets/Misc,1888841.06,1903435.87
LENOX ROAD-ROCKAWAY PARKWAY,74,Safety And Security,Additional Security,1464708,1464708
LENOX ROAD-ROCKAWAY PARKWAY,74,Waste Management,Garbage Chute,1704,1704
LENOX ROAD-ROCKAWAY PARKWAY,74,Waste Management,Waste Infrastructure,2156390.7,2156390.7
LEXINGTON,448,Apartments,Apartment 504 Access,1000000,1000000
LEXINGTON,448,Apartments,Apartment Bathroom,20710520.32,20710520.32
LEXINGTON,448,Apartments,Apartment Entrance Doors,2923701.76,2923701.76
LEXINGTON,448,Apartments,Apartment Kitchen,17180329.6,17180329.6
LEXINGTON,448,Apartments,Apartment Renovation,28099962.01,30511467.61
LEXINGTON,448,Building Exterior/Facade/Window,Brickwork,2512,1602512
LEXINGTON,448,Building Exterior/Facade/Window,Building Windows,17261299.35,17261299.35
LEXINGTON,448,Building Exterior/Facade/Window,Entrances/Exits,313339.11,337567.83
LEXINGTON,448,Building Exterior/Facade/Window,Foundations,102510,102510
LEXINGTON,448,Common Areas/Lobbies,Building Common Area Finishes ,1510919.24,1890018.46
LEXINGTON,448,Common Areas/Lobbies,Building Common Areas - Bathroom,,341450.7
LEXINGTON,448,Common Areas/Lobbies,Building Locker Room and Shower,,4196
LEXINGTON,448,Common Areas/Lobbies,Interior Building Doors,1244694.97,1645167.62
LEXINGTON,448,Common Areas/Lobbies,Interior Building Stairs,877216.9,6140518.3
LEXINGTON,448,Common Areas/Lobbies,Non Residential Kitchen,,422090.02
LEXINGTON,448,Elevators,Elevators,11706509.52,11706509.52
LEXINGTON,448,Fire Protection,Fire Sprinkler,4448.8,4448.8
LEXINGTON,448,Fire Protection,Standpipe System,518290.98,692343.78
LEXINGTON,448,Grounds,Building Exterior Walkways and Retaining Walls,1683367.42,1706861.02
LEXINGTON,448,Grounds,Landscaping,8130,8130
LEXINGTON,448,Grounds,Lighting - Exterior Security,132201.64,132201.64
LEXINGTON,448,Grounds,Open Spaces,,893853.8
LEXINGTON,448,Grounds,Parking Lot,1137405,1137405
LEXINGTON,448,Grounds,Paving - Non-Vehicular Area,58394,58394
LEXINGTON,448,Grounds,Site Fences,2655150,2655150
LEXINGTON,448,Grounds,Stairs / Ramps,206352,248641.7
LEXINGTON,448,Grounds,Storm Piping,,556876
LEXINGTON,448,Heating,Building Steam Piping,22602685,22602685
LEXINGTON,448,Heating,Common Spaces Radiator / Convector / Baseboard,77413.41,567698.34
LEXINGTON,448,Heating,Decarbonization,10693472.84,10693472.84
LEXINGTON,448,Heating,Heating System,,10399695.78
LEXINGTON,448,Heating,Through Wall/Window Heat Pump,5493.49,25440.13
LEXINGTON,448,Heating,Underground Steam and Condensate Return Piping,2569283.6,2569283.6
LEXINGTON,448,Interior Electrical/Lighting,Electrical System,4603955.21,4659496.03
LEXINGTON,448,Interior Electrical/Lighting,Emergency and Exit Lighting and Panels,7331.9,41905.46
LEXINGTON,448,Interior Electrical/Lighting,Interior Lighting Fixture,1132161.55,1132161.55
LEXINGTON,448,Interior Electrical/Lighting,Telephone/Intercom,370562.4,370562.4
LEXINGTON,448,Lead Based Paint,Lead Based Paint,2232511.85,2232511.85
LEXINGTON,448,Plumbing,Building Drainage,354.69,513679.89
LEXINGTON,448,Plumbing,Building Sewage System,14662.8,2324053.8
LEXINGTON,448,Plumbing,Domestic Water System,38598.98,16066523.98
LEXINGTON,448,Plumbing,Gas Risers,,3104403.6
LEXINGTON,448,Plumbing,Underground Natural Gas Piping,92428,92428
LEXINGTON,448,Roofs,Building Roof/Parapets/Misc,6279638.79,6353897.79
LEXINGTON,448,Safety And Security,Additional Security,2897928.6,2897928.6
LEXINGTON,448,Safety And Security,CCTV,,1683371.76
LEXINGTON,448,Ventilation/Air Conditioning,Air Conditioning,2439.29,63516.63
LEXINGTON,448,Ventilation/Air Conditioning,Building Ductwork,3006.08,3006.08
LEXINGTON,448,Ventilation/Air Conditioning,Exhaust Fan,4821.52,4821.52
LEXINGTON,448,Waste Management,Waste Infrastructure,2276050.95,2276050.95
LINCOLN,1286,Apartments,Apartment 504 Access,3000000,3000000
LINCOLN,1286,Apartments,Apartment Bathroom,60282407.36,60282407.36
LINCOLN,1286,Apartments,Apartment Entrance Doors,8392590.32,8392590.32
LINCOLN,1286,Apartments,Apartment Kitchen,49125004.95,49125004.95
LINCOLN,1286,Apartments,Apartment Renovation,113149357.5,126997355.7
LINCOLN,1286,Building Exterior/Facade/Window,Brickwork,4602869.87,9402869.87
LINCOLN,1286,Building Exterior/Facade/Window,Building Windows,58029073.26,58029073.26
LINCOLN,1286,Building Exterior/Facade/Window,Entrances/Exits,1222269.12,1222269.12
LINCOLN,1286,Building Exterior/Facade/Window,Foundations,164433.1,164433.1
LINCOLN,1286,Common Areas/Lobbies,Building Common Area Finishes ,4664162.52,4861635.12
LINCOLN,1286,Common Areas/Lobbies,Building Common Areas - Bathroom,739809.85,1650345.05
LINCOLN,1286,Common Areas/Lobbies,Interior Building Doors,3521972.75,3521972.75
LINCOLN,1286,Common Areas/Lobbies,Interior Building Stairs,5602.9,19492350.14
LINCOLN,1286,Common Areas/Lobbies,Non Residential Kitchen,2119394.46,2541484.48
LINCOLN,1286,Elevators,Elevators,39509469.63,39509469.63
LINCOLN,1286,Fire Protection,Fire Alarm,169218.48,169218.48
LINCOLN,1286,Fire Protection,Fire Sprinkler,0,0
LINCOLN,1286,Fire Protection,Standpipe System,,1761004.8
LINCOLN,1286,Grounds,Building Exterior Walkways and Retaining Walls,88225.52,123726.96
LINCOLN,1286,Grounds,Lighting - Exterior Security,81214.45,81214.45
LINCOLN,1286,Grounds,Open Spaces,,8016608.1
LINCOLN,1286,Grounds,Parking Lot,637681.65,637681.65
LINCOLN,1286,Grounds,Paving - Non-Vehicular Area,2257345.2,2257345.2
LINCOLN,1286,Grounds,Playgrounds,784513.8,784513.8
LINCOLN,1286,Grounds,Site Fences,4496054,4496054
LINCOLN,1286,Grounds,Site Lighting,3103.83,3103.83
LINCOLN,1286,Grounds,Stairs / Ramps,37506.6,1523175.93
LINCOLN,1286,Grounds,Storm Piping,,2436332.5
LINCOLN,1286,Heating,Building Steam Piping,67951056.8,68362260.12
LINCOLN,1286,Heating,Common Spaces Radiator / Convector / Baseboard,361262.58,808540.06
LINCOLN,1286,Heating,Decarbonization,0,0
LINCOLN,1286,Heating,Heating System,417753.29,17563607.67
LINCOLN,1286,Heating,Underground Steam and Condensate Return Piping,13044055.2,13044055.2
LINCOLN,1286,Interior Electrical/Lighting,Electrical System,876736.48,3779655.82
LINCOLN,1286,Interior Electrical/Lighting,Emergency and Exit Lighting and Panels,936.42,79407.2
LINCOLN,1286,Interior Electrical/Lighting,Interior Lighting Fixture,2568176.76,2688401.15
LINCOLN,1286,Interior Electrical/Lighting,Telephone/Intercom,889349.76,1037574.72
LINCOLN,1286,Interior Electrical/Lighting,Transformer,,159448.63
LINCOLN,1286,Lead Based Paint,Lead Based Paint,5217032.97,5217032.97
LINCOLN,1286,Plumbing,Building Drainage,228191.19,2405250.42
LINCOLN,1286,Plumbing,Building Sewage System,8813.7,7281562.5
LINCOLN,1286,Plumbing,Domestic Hot Water System,969984.9,969984.9
LINCOLN,1286,Plumbing,Domestic Water System,,50554421
LINCOLN,1286,Plumbing,Non Residential Spaces Plumbing Fixtures,7433.59,7433.59
LINCOLN,1286,Plumbing,Roof Tank,27474.78,354768.58
LINCOLN,1286,Plumbing,Underground Hydronic Piping,6360373.5,6360373.5
LINCOLN,1286,Plumbing,Underground Natural Gas Piping,1562033.2,1562033.2
LINCOLN,1286,Roofs,Building Roof/Parapets/Misc,12540172.68,12540172.68
LINCOLN,1286,Safety And Security,Additional Security,7863000.6,7863000.6
LINCOLN,1286,Safety And Security,CCTV,,4488991.36
LINCOLN,1286,Safety And Security,Intrusion Alarm,,107323.29
LINCOLN,1286,Ventilation/Air Conditioning,Air Conditioning,3997.46,3997.46
LINCOLN,1286,Waste Management,Garbage Chute,10424.16,10424.16
LINCOLN,1286,Waste Management,Waste Infrastructure,3741629.27,3741629.27
LONG ISLAND BAPTIST HOUSES,232,Apartments,Apartment 504 Access,600000,600000
LONG ISLAND BAPTIST HOUSES,232,Apartments,Apartment Bathroom,10863777.4,10863777.4
LONG ISLAND BAPTIST HOUSES,232,Apartments,Apartment Entrance Doors,1514059.84,1514059.84
LONG ISLAND BAPTIST HOUSES,232,Apartments,Apartment Kitchen,8820258.5,8820258.5
LONG ISLAND BAPTIST HOUSES,232,Apartments,Apartment Renovation,18723796.17,19347936.24
LONG ISLAND BAPTIST HOUSES,232,Building Exterior/Facade/Window,Brickwork,,1600000
LONG ISLAND BAPTIST HOUSES,232,Building Exterior/Facade/Window,Building Windows,6911207.29,6911207.29
LONG ISLAND BAPTIST HOUSES,232,Building Exterior/Facade/Window,Entrances/Exits,325312.89,325312.89
LONG ISLAND BAPTIST HOUSES,232,Building Exterior/Facade/Window,Foundations,428909.19,428909.19
LONG ISLAND BAPTIST HOUSES,232,Common Areas/Lobbies,Building Common Area Finishes ,2281891.83,2281891.83
LONG ISLAND BAPTIST HOUSES,232,Common Areas/Lobbies,Building Common Areas - Bathroom,113816.9,910535.2
LONG ISLAND BAPTIST HOUSES,232,Common Areas/Lobbies,Interior Building Doors,1279953.6,1279953.6
LONG ISLAND BAPTIST HOUSES,232,Common Areas/Lobbies,Interior Building Stairs,,2944942.51
LONG ISLAND BAPTIST HOUSES,232,Common Areas/Lobbies,Non Residential Kitchen,844180.04,844180.04
LONG ISLAND BAPTIST HOUSES,232,Elevators,Elevators,8779882.14,8779882.14
LONG ISLAND BAPTIST HOUSES,232,Grounds,Building Exterior Walkways and Retaining Walls,2610.4,2610.4
LONG ISLAND BAPTIST HOUSES,232,Grounds,Lighting - Exterior Security,493098.48,493098.48
LONG ISLAND BAPTIST HOUSES,232,Grounds,Open Spaces,,2781498.5
LONG ISLAND BAPTIST HOUSES,232,Grounds,Parking Lot,615963,615963
LONG ISLAND BAPTIST HOUSES,232,Grounds,Paving - Non-Vehicular Area,1403541.5,1403541.5
LONG ISLAND BAPTIST HOUSES,232,Grounds,Playgrounds,416698.8,416698.8
LONG ISLAND BAPTIST HOUSES,232,Grounds,Site Fences,793004.8,793004.8
LONG ISLAND BAPTIST HOUSES,232,Grounds,Site Lighting,108570,108570
LONG ISLAND BAPTIST HOUSES,232,Grounds,Site Walls (Not Retaining Walls),17810.4,17810.4
LONG ISLAND BAPTIST HOUSES,232,Grounds,Stairs / Ramps,202316.6,601679.1
LONG ISLAND BAPTIST HOUSES,232,Heating,Building Steam Piping,,217373.24
LONG ISLAND BAPTIST HOUSES,232,Heating,Common Spaces Radiator / Convector / Baseboard,,249443.21
LONG ISLAND BAPTIST HOUSES,232,Heating,Decarbonization,0,0
LONG ISLAND BAPTIST HOUSES,232,Heating,Underground Steam and Condensate Return Piping,,494093
LONG ISLAND BAPTIST HOUSES,232,Interior Electrical/Lighting,Electrical System,5540146.53,6494328.46
LONG ISLAND BAPTIST HOUSES,232,Interior Electrical/Lighting,Emergency and Exit Lighting and Panels,34565.15,34565.15
LONG ISLAND BAPTIST HOUSES,232,Interior Electrical/Lighting,Interior Lighting Fixture,1498237.22,1502395.06
LONG ISLAND BAPTIST HOUSES,232,Lead Based Paint,Lead Based Paint,826257.9,826257.9
LONG ISLAND BAPTIST HOUSES,232,Plumbing,Building Drainage,63998.02,63998.02
LONG ISLAND BAPTIST HOUSES,232,Plumbing,Building Sewage System,78733.84,78733.84
LONG ISLAND BAPTIST HOUSES,232,Plumbing,Domestic Hot Water System,77058.02,308779.42
LONG ISLAND BAPTIST HOUSES,232,Plumbing,Domestic Water System,,328092
LONG ISLAND BAPTIST HOUSES,232,Plumbing,Underground Hydronic Piping,,223171
LONG ISLAND BAPTIST HOUSES,232,Plumbing,Underground Natural Gas Piping,,92428
LONG ISLAND BAPTIST HOUSES,232,Roofs,Building Roof/Parapets/Misc,6134538.93,6134538.93
LONG ISLAND BAPTIST HOUSES,232,Safety And Security,Additional Security,3050073.6,3050073.6
LONG ISLAND BAPTIST HOUSES,232,Ventilation/Air Conditioning,Air Conditioning,114655.34,114655.34
LONG ISLAND BAPTIST HOUSES,232,Ventilation/Air Conditioning,Building Ductwork,1573.08,1573.08
LONG ISLAND BAPTIST HOUSES,232,Ventilation/Air Conditioning,Exhaust Fan,1205.38,1205.38
LONG ISLAND BAPTIST HOUSES,232,Waste Management,Garbage Chute,852,852
LONG ISLAND BAPTIST HOUSES,232,Waste Management,Waste Infrastructure,2258691.17,2258691.17
LONGFELLOW AVENUE REHAB,75,Apartments,Apartment 504 Access,200000,200000
LONGFELLOW AVENUE REHAB,75,Apartments,Apartment Bathroom,5085172.4,5085172.4
LONGFELLOW AVENUE REHAB,75,Apartments,Apartment Entrance Doors,489459,489459
LONGFELLOW AVENUE REHAB,75,Apartments,Apartment Kitchen,2837822.3,2837822.3
LONGFELLOW AVENUE REHAB,75,Apartments,Apartment Renovation,8538227.82,10130952.58
LONGFELLOW AVENUE REHAB,75,Building Exterior/Facade/Window,Brickwork,6105,4905301.7
LONGFELLOW AVENUE REHAB,75,Building Exterior/Facade/Window,Building Windows,5346559.69,5346559.69
LONGFELLOW AVENUE REHAB,75,Building Exterior/Facade/Window,Entrances/Exits,222859.76,222859.76
LONGFELLOW AVENUE REHAB,75,Building Exterior/Facade/Window,Foundations,5074.3,5074.3
LONGFELLOW AVENUE REHAB,75,Common Areas/Lobbies,Building Common Area Finishes ,1046183.11,1046183.11
LONGFELLOW AVENUE REHAB,75,Common Areas/Lobbies,Building Common Areas - Bathroom,,170725.35
LONGFELLOW AVENUE REHAB,75,Common Areas/Lobbies,Interior Building Doors,170851.5,170851.5
LONGFELLOW AVENUE REHAB,75,Common Areas/Lobbies,Interior Building Stairs,,1691775.48
LONGFELLOW AVENUE REHAB,75,Common Areas/Lobbies,Non Residential Kitchen,422090.02,422090.02
LONGFELLOW AVENUE REHAB,75,Fire Protection,Fire Sprinkler,0,0
LONGFELLOW AVENUE REHAB,75,Grounds,Lighting - Exterior Security,299381.22,299381.22
LONGFELLOW AVENUE REHAB,75,Grounds,Open Spaces,,0
LONGFELLOW AVENUE REHAB,75,Grounds,Paving - Non-Vehicular Area,87591,87591
LONGFELLOW AVENUE REHAB,75,Grounds,Site Fences,28321.6,28321.6
LONGFELLOW AVENUE REHAB,75,Grounds,Stairs / Ramps,50622.7,53817.6
LONGFELLOW AVENUE REHAB,75,Heating,Common Spaces Radiator / Convector / Baseboard,,378465.56
LONGFELLOW AVENUE REHAB,75,Heating,Decarbonization,3488437.72,3488437.72
LONGFELLOW AVENUE REHAB,75,Interior Electrical/Lighting,Electrical System,,1583801.56
LONGFELLOW AVENUE REHAB,75,Interior Electrical/Lighting,Emergency and Exit Lighting and Panels,60720.64,60720.64
LONGFELLOW AVENUE REHAB,75,Interior Electrical/Lighting,Interior Lighting Fixture,414570.5,414570.5
LONGFELLOW AVENUE REHAB,75,Lead Based Paint,Lead Based Paint,0,0
LONGFELLOW AVENUE REHAB,75,Plumbing,Domestic Hot Water System,14884.12,253458.52
LONGFELLOW AVENUE REHAB,75,Roofs,Building Roof/Parapets/Misc,2511793.81,2584767.86
LONGFELLOW AVENUE REHAB,75,Safety And Security,Additional Security,1082684.4,1082684.4
LONGFELLOW AVENUE REHAB,75,Safety And Security,CCTV,,280561.96
LONGFELLOW AVENUE REHAB,75,Waste Management,Garbage Chute,852,852
LONGFELLOW AVENUE REHAB,75,Waste Management,Interior Compactor,319133.45,319133.45
LONGFELLOW AVENUE REHAB,75,Waste Management,Waste Infrastructure,1971007.76,1971007.76
LOW HOUSES,536,Apartments,Apartment 504 Access,1200000,1200000
LOW HOUSES,536,Apartments,Apartment Bathroom,27182557.92,27182557.92
LOW HOUSES,536,Apartments,Apartment Entrance Doors,3498000.32,3498000.32
LOW HOUSES,536,Apartments,Apartment Kitchen,20478339.3,20478339.3
LOW HOUSES,536,Apartments,Apartment Renovation,52927672.33,55711998.24
LOW HOUSES,536,Building Exterior/Facade/Window,Brickwork,15335327.33,15335327.33
LOW HOUSES,536,Building Exterior/Facade/Window,Building Windows,16567171.92,16567171.92
LOW HOUSES,536,Building Exterior/Facade/Window,Entrances/Exits,364951.57,364951.57
LOW HOUSES,536,Building Exterior/Facade/Window,Foundations,17577.8,17577.8
LOW HOUSES,536,Common Areas/Lobbies,Building Common Area Finishes ,3608221.4,3608221.4
LOW HOUSES,536,Common Areas/Lobbies,Building Common Areas - Bathroom,569084.5,1308894.35
LOW HOUSES,536,Common Areas/Lobbies,Building Gymnasium,254555.73,254555.73
LOW HOUSES,536,Common Areas/Lobbies,Interior Building Doors,2366289.29,2366289.29
LOW HOUSES,536,Common Areas/Lobbies,Interior Building Stairs,1254.85,9212032.48
LOW HOUSES,536,Common Areas/Lobbies,Non Residential Kitchen,2134442.83,2134442.83
LOW HOUSES,536,Elevators,Elevators,,11859605.4
LOW HOUSES,536,Fire Protection,Fire Alarm,349326.13,524996.11
LOW HOUSES,536,Fire Protection,Fire Sprinkler,15852.95,15852.95
LOW HOUSES,536,Fire Protection,Standpipe System,13482.41,13482.41
LOW HOUSES,536,Grounds,Building Exterior Walkways and Retaining Walls,155843.24,165240.68
LOW HOUSES,536,Grounds,Fixed Site Equipment,11075.54,11075.54
LOW HOUSES,536,Grounds,Landscaping,1788.6,1788.6
LOW HOUSES,536,Grounds,Lighting - Exterior Security,416785.62,416785.62
LOW HOUSES,536,Grounds,Open Spaces,,6124730.44
LOW HOUSES,536,Grounds,Parking Lot,3145227,3145227
LOW HOUSES,536,Grounds,Paving - Non-Vehicular Area,2800826.5,2800826.5
LOW HOUSES,536,Grounds,Playgrounds,826753.2,826753.2
LOW HOUSES,536,Grounds,Site Fences,2460439,2460439
LOW HOUSES,536,Grounds,Site Lighting,200240.08,200240.08
LOW HOUSES,536,Grounds,Site Walls (Not Retaining Walls),481.6,481.6
LOW HOUSES,536,Grounds,Stairs / Ramps,12796.5,211182.7
LOW HOUSES,536,Heating,Building Steam Piping,,18412919
LOW HOUSES,536,Heating,Common Spaces Radiator / Convector / Baseboard,378465.56,808540.06
LOW HOUSES,536,Heating,Decarbonization,12746237.71,12746237.71
LOW HOUSES,536,Heating,Heating System,276067.13,10703478.59
LOW HOUSES,536,Interior Electrical/Lighting,Electrical System,2557917.27,3385131.7
LOW HOUSES,536,Interior Electrical/Lighting,Emergency and Exit Lighting and Panels,167421.49,170771.83
LOW HOUSES,536,Interior Electrical/Lighting,Interior Lighting Fixture,1805912.71,2036749.98
LOW HOUSES,536,Interior Electrical/Lighting,Public Address System,21667.7,21667.7
LOW HOUSES,536,Interior Electrical/Lighting,Telephone/Intercom,296449.92,444674.88
LOW HOUSES,536,Interior Electrical/Lighting,Transformer,,159448.63
LOW HOUSES,536,Lead Based Paint,Lead Based Paint,2906938.37,2906938.37
LOW HOUSES,536,Plumbing,Building Drainage,79977.82,94666.06
LOW HOUSES,536,Plumbing,Building Sewage System,,236201.52
LOW HOUSES,536,Plumbing,Non Residential Spaces Plumbing Fixtures,3401.06,3401.06
LOW HOUSES,536,Plumbing,Roof Tank,2113082.66,2113082.66
LOW HOUSES,536,Plumbing,Underground Hydronic Piping,,1160489.2
LOW HOUSES,536,Plumbing,Underground Natural Gas Piping,,369712
LOW HOUSES,536,Roofs,Building Roof/Parapets/Misc,6909426.04,6909426.04
LOW HOUSES,536,Safety And Security,Additional Security,3770373.6,3770373.6
LOW HOUSES,536,Safety And Security,CCTV,,280561.96
LOW HOUSES,536,Safety And Security,Intrusion Alarm,429293.16,429293.16
LOW HOUSES,536,Ventilation/Air Conditioning,Air Conditioning,44970.34,102298.01
LOW HOUSES,536,Ventilation/Air Conditioning,Building Ductwork,2359.62,2359.62
LOW HOUSES,536,Ventilation/Air Conditioning,Exhaust Fan,9883.09,9883.09
LOW HOUSES,536,Waste Management,Garbage Chute,8686.8,8686.8
LOW HOUSES,536,Waste Management,Waste Infrastructure,2299197.33,2299197.33
LOWER EAST SIDE I INFILL,189,Apartments,Apartment 504 Access,400000,400000
LOWER EAST SIDE I INFILL,189,Apartments,Apartment Bathroom,9430683.36,9430683.36
LOWER EAST SIDE I INFILL,189,Apartments,Apartment Entrance Doors,1233436.68,1233436.68
LOWER EAST SIDE I INFILL,189,Apartments,Apartment Kitchen,7247951.55,7247951.55
LOWER EAST SIDE I INFILL,189,Apartments,Apartment Renovation,14182745.88,15890051.48
LOWER EAST SIDE I INFILL,189,Building Exterior/Facade/Window,Brickwork,2795656.72,12594050.13
LOWER EAST SIDE I INFILL,189,Building Exterior/Facade/Window,Building Windows,5273901.85,5273901.85
LOWER EAST SIDE I INFILL,189,Building Exterior/Facade/Window,Entrances/Exits,729364.74,729364.74
LOWER EAST SIDE I INFILL,189,Building Exterior/Facade/Window,Foundations,659.2,659.2
LOWER EAST SIDE I INFILL,189,Common Areas/Lobbies,Building Common Area Finishes ,1363685.4,1363685.4
LOWER EAST SIDE I INFILL,189,Common Areas/Lobbies,Building Common Areas - Bathroom,512176.05,512176.05
LOWER EAST SIDE I INFILL,189,Common Areas/Lobbies,Interior Building Doors,507066.7,507066.7
LOWER EAST SIDE I INFILL,189,Common Areas/Lobbies,Interior Building Stairs,21207.01,5347166.87
LOWER EAST SIDE I INFILL,189,Common Areas/Lobbies,Non Residential Kitchen,844180.04,844180.04
LOWER EAST SIDE I INFILL,189,Elevators,Elevators,2926627.38,2926627.38
LOWER EAST SIDE I INFILL,189,Grounds,Building Exterior Walkways and Retaining Walls,95094.98,112062.58
LOWER EAST SIDE I INFILL,189,Grounds,Fixed Site Equipment,2330.46,2330.46
LOWER EAST SIDE I INFILL,189,Grounds,Landscaping,5284.5,5284.5
LOWER EAST SIDE I INFILL,189,Grounds,Open Spaces,,0
LOWER EAST SIDE I INFILL,189,Grounds,Paving - Non-Vehicular Area,366839.45,366839.45
LOWER EAST SIDE I INFILL,189,Grounds,Playgrounds,132888,132888
LOWER EAST SIDE I INFILL,189,Grounds,Site Fences,787694.5,787694.5
LOWER EAST SIDE I INFILL,189,Grounds,Site Lighting,18095,18095
LOWER EAST SIDE I INFILL,189,Grounds,Site Walls (Not Retaining Walls),1204,1204
LOWER EAST SIDE I INFILL,189,Grounds,Stairs / Ramps,844.8,23738.3
LOWER EAST SIDE I INFILL,189,Heating,Common Spaces Radiator / Convector / Baseboard,,705322.18
LOWER EAST SIDE I INFILL,189,Heating,Decarbonization,8790863.05,8790863.05
LOWER EAST SIDE I INFILL,189,Heating,Hot Water Heat Exchanger,,184531.01
LOWER EAST SIDE I INFILL,189,Heating,Hot Water System,14781.16,14781.16
LOWER EAST SIDE I INFILL,189,Interior Electrical/Lighting,Electrical System,0,3055216.11
LOWER EAST SIDE I INFILL,189,Interior Electrical/Lighting,Emergency and Exit Lighting and Panels,146293.38,146293.38
LOWER EAST SIDE I INFILL,189,Lead Based Paint,Lead Based Paint,0,0
LOWER EAST SIDE I INFILL,189,Plumbing,Building Drainage,162617.58,162617.58
LOWER EAST SIDE I INFILL,189,Plumbing,Building Sewage System,243.99,243.99
LOWER EAST SIDE I INFILL,189,Plumbing,Domestic Hot Water System,587030.9,587030.9
LOWER EAST SIDE I INFILL,189,Plumbing,Domestic Water System,218728,218728
LOWER EAST SIDE I INFILL,189,Plumbing,Roof Tank,245470.35,1220188.23
LOWER EAST SIDE I INFILL,189,Plumbing,Underground Hydronic Piping,401707.8,401707.8
LOWER EAST SIDE I INFILL,189,Plumbing,Underground Natural Gas Piping,184856,184856
LOWER EAST SIDE I INFILL,189,Roofs,Building Roof/Parapets/Misc,5213654.55,5213654.55
LOWER EAST SIDE I INFILL,189,Safety And Security,Additional Security,4192822.2,4192822.2
LOWER EAST SIDE I INFILL,189,Safety And Security,CCTV,,280561.96
LOWER EAST SIDE I INFILL,189,Ventilation/Air Conditioning,Air Conditioning,30538.67,30538.67
LOWER EAST SIDE I INFILL,189,Ventilation/Air Conditioning,Exhaust Fan,9157.72,9157.72
LOWER EAST SIDE I INFILL,189,Waste Management,Waste Infrastructure,2038588.67,2038588.67
LOWER EAST SIDE II,188,Apartments,Apartment 504 Access,400000,400000
LOWER EAST SIDE II,188,Apartments,Apartment Bathroom,10725090.88,10725090.88
LOWER EAST SIDE II,188,Apartments,Apartment Entrance Doors,1226910.56,1226910.56
LOWER EAST SIDE II,188,Apartments,Apartment Kitchen,7209602.6,7209602.6
LOWER EAST SIDE II,188,Apartments,Apartment Renovation,16381859.74,19155274.32
LOWER EAST SIDE II,188,Building Exterior/Facade/Window,Brickwork,4588.8,4588.8
LOWER EAST SIDE II,188,Building Exterior/Facade/Window,Entrances/Exits,1552800.08,1552800.08
LOWER EAST SIDE II,188,Building Exterior/Facade/Window,Foundations,110329.5,110329.5
LOWER EAST SIDE II,188,Common Areas/Lobbies,Building Common Area Finishes ,1225158.66,1225158.66
LOWER EAST SIDE II,188,Common Areas/Lobbies,Building Common Areas - Bathroom,,56908.45
LOWER EAST SIDE II,188,Common Areas/Lobbies,Interior Building Doors,463546.45,463546.45
LOWER EAST SIDE II,188,Common Areas/Lobbies,Interior Building Stairs,,4198109.53
LOWER EAST SIDE II,188,Common Areas/Lobbies,Non Residential Kitchen,422090.02,422090.02
LOWER EAST SIDE II,188,Grounds,Building Exterior Walkways and Retaining Walls,3564,3564
LOWER EAST SIDE II,188,Grounds,Landscaping,14092,14092
LOWER EAST SIDE II,188,Grounds,Lighting - Exterior Security,833571.24,833571.24
LOWER EAST SIDE II,188,Grounds,Open Spaces,,2812666.1
LOWER EAST SIDE II,188,Grounds,Parking Lot,432459.35,432459.35
LOWER EAST SIDE II,188,Grounds,Paving - Non-Vehicular Area,1353489.5,1353489.5
LOWER EAST SIDE II,188,Grounds,Playgrounds,276691.8,276691.8
LOWER EAST SIDE II,188,Grounds,Site Fences,1162955.7,1162955.7
LOWER EAST SIDE II,188,Grounds,Site Lighting,45237.5,45237.5
LOWER EAST SIDE II,188,Grounds,Site Walls (Not Retaining Walls),3325.1,3325.1
LOWER EAST SIDE II,188,Grounds,Stairs / Ramps,49480.7,164497.1
LOWER EAST SIDE II,188,Heating,Common Spaces Radiator / Convector / Baseboard,56148.53,1277560.11
LOWER EAST SIDE II,188,Heating,Decarbonization,18065316.77,18065316.77
LOWER EAST SIDE II,188,Interior Electrical/Lighting,Electrical System,1184.66,3473084.32
LOWER EAST SIDE II,188,Interior Electrical/Lighting,Emergency and Exit Lighting and Panels,3455.87,3455.87
LOWER EAST SIDE II,188,Interior Electrical/Lighting,Interior Lighting Fixture,1034441.02,1034441.02
LOWER EAST SIDE II,188,Lead Based Paint,Lead Based Paint,0,0
LOWER EAST SIDE II,188,Plumbing,Building Drainage,58752.96,58752.96
LOWER EAST SIDE II,188,Plumbing,Underground Hydronic Piping,1026586.6,1026586.6
LOWER EAST SIDE II,188,Plumbing,Underground Natural Gas Piping,207963,207963
LOWER EAST SIDE II,188,Roofs,Building Roof/Parapets/Misc,9062092.64,9201317.6
LOWER EAST SIDE II,188,Safety And Security,Additional Security,500000,500000
LOWER EAST SIDE II,188,Waste Management,Waste Infrastructure,2038588.67,2038588.67
LOWER EAST SIDE III,56,Apartments,Apartment 504 Access,200000,200000
LOWER EAST SIDE III,56,Apartments,Apartment Bathroom,4068137.92,4068137.92
LOWER EAST SIDE III,56,Apartments,Apartment Kitchen,2147541.2,2147541.2
LOWER EAST SIDE III,56,Apartments,Apartment Renovation,4866763.18,5977379.52
LOWER EAST SIDE III,56,Building Exterior/Facade/Window,Brickwork,100000,4999196.7
LOWER EAST SIDE III,56,Building Exterior/Facade/Window,Building Windows,2561432.54,2561432.54
LOWER EAST SIDE III,56,Building Exterior/Facade/Window,Entrances/Exits,2271685.94,2271685.94
LOWER EAST SIDE III,56,Common Areas/Lobbies,Building Common Area Finishes ,178062,178062
LOWER EAST SIDE III,56,Common Areas/Lobbies,Building Common Areas - Bathroom,227633.8,227633.8
LOWER EAST SIDE III,56,Common Areas/Lobbies,Interior Building Doors,73867.3,73867.3
LOWER EAST SIDE III,56,Common Areas/Lobbies,Non Residential Kitchen,422090.02,422090.02
LOWER EAST SIDE III,56,Grounds,Building Exterior Walkways and Retaining Walls,4625.1,4625.1
LOWER EAST SIDE III,56,Grounds,Landscaping,2350.74,2350.74
LOWER EAST SIDE III,56,Grounds,Lighting - Exterior Security,405045.18,405045.18
LOWER EAST SIDE III,56,Grounds,Open Spaces,,0
LOWER EAST SIDE III,56,Grounds,Paving - Non-Vehicular Area,275703.1,275703.1
LOWER EAST SIDE III,56,Grounds,Playgrounds,51256.8,51256.8
LOWER EAST SIDE III,56,Grounds,Site Fences,33631.9,33631.9
LOWER EAST SIDE III,56,Grounds,Site Lighting,18095,18095
LOWER EAST SIDE III,56,Grounds,Site Walls (Not Retaining Walls),6777.96,6777.96
LOWER EAST SIDE III,56,Grounds,Stairs / Ramps,47992,489493
LOWER EAST SIDE III,56,Heating,Common Spaces Radiator / Convector / Baseboard,,111819.37
LOWER EAST SIDE III,56,Heating,Decarbonization,2604700.16,2604700.16
LOWER EAST SIDE III,56,Heating,Heating System,0,0
LOWER EAST SIDE III,56,Interior Electrical/Lighting,Electrical System,0,0
LOWER EAST SIDE III,56,Interior Electrical/Lighting,Emergency and Exit Lighting and Panels,5972.34,5972.34
LOWER EAST SIDE III,56,Interior Electrical/Lighting,Interior Lighting Fixture,135129.8,135129.8
LOWER EAST SIDE III,56,Lead Based Paint,Lead Based Paint,0,0
LOWER EAST SIDE III,56,Plumbing,Domestic Hot Water System,14884.12,203701.96
LOWER EAST SIDE III,56,Plumbing,Domestic Water System,,37555.51
LOWER EAST SIDE III,56,Roofs,Building Roof/Parapets/Misc,2883767.72,2883767.72
LOWER EAST SIDE III,56,Safety And Security,Additional Security,1813686,1813686
LOWER EAST SIDE III,56,Safety And Security,CCTV,280561.96,280561.96
LOWER EAST SIDE III,56,Safety And Security,Intrusion Alarm,214646.58,214646.58
LOWER EAST SIDE III,56,Waste Management,Waste Infrastructure,1953647.98,1953647.98
LOWER EAST SIDE REHAB (GROUP 5),55,Apartments,Apartment 504 Access,200000,200000
LOWER EAST SIDE REHAB (GROUP 5),55,Apartments,Apartment Bathroom,2542586.2,2542586.2
LOWER EAST SIDE REHAB (GROUP 5),55,Apartments,Apartment Entrance Doors,358936.6,358936.6
LOWER EAST SIDE REHAB (GROUP 5),55,Apartments,Apartment Kitchen,2109192.25,2109192.25
LOWER EAST SIDE REHAB (GROUP 5),55,Apartments,Apartment Renovation,5549421.38,5823807.8
LOWER EAST SIDE REHAB (GROUP 5),55,Building Exterior/Facade/Window,Brickwork,1256,801256
LOWER EAST SIDE REHAB (GROUP 5),55,Building Exterior/Facade/Window,Building Windows,3121049.99,3121049.99
LOWER EAST SIDE REHAB (GROUP 5),55,Building Exterior/Facade/Window,Entrances/Exits,151433.82,151433.82
LOWER EAST SIDE REHAB (GROUP 5),55,Building Exterior/Facade/Window,Foundations,22236,22236
LOWER EAST SIDE REHAB (GROUP 5),55,Common Areas/Lobbies,Building Common Area Finishes ,652201.07,652201.07
LOWER EAST SIDE REHAB (GROUP 5),55,Common Areas/Lobbies,Building Common Areas - Bathroom,,227633.8
LOWER EAST SIDE REHAB (GROUP 5),55,Common Areas/Lobbies,Interior Building Doors,209066.05,209066.05
LOWER EAST SIDE REHAB (GROUP 5),55,Common Areas/Lobbies,Interior Building Stairs,1254.85,878471.77
LOWER EAST SIDE REHAB (GROUP 5),55,Elevators,Elevators,2427840.5,2427840.5
LOWER EAST SIDE REHAB (GROUP 5),55,Grounds,Landscaping,975.6,975.6
LOWER EAST SIDE REHAB (GROUP 5),55,Grounds,Lighting - Exterior Security,,205457.7
LOWER EAST SIDE REHAB (GROUP 5),55,Grounds,Open Spaces,,0
LOWER EAST SIDE REHAB (GROUP 5),55,Grounds,Paving - Non-Vehicular Area,154327,154327
LOWER EAST SIDE REHAB (GROUP 5),55,Grounds,Playgrounds,180348,180348
LOWER EAST SIDE REHAB (GROUP 5),55,Grounds,Site Fences,56643.2,56643.2
LOWER EAST SIDE REHAB (GROUP 5),55,Grounds,Site Lighting,,18095
LOWER EAST SIDE REHAB (GROUP 5),55,Grounds,Site Walls (Not Retaining Walls),685.8,685.8
LOWER EAST SIDE REHAB (GROUP 5),55,Grounds,Stairs / Ramps,,16352.5
LOWER EAST SIDE REHAB (GROUP 5),55,Heating,Common Spaces Radiator / Convector / Baseboard,51608.94,352661.09
LOWER EAST SIDE REHAB (GROUP 5),55,Heating,Decarbonization,1288945.39,1288945.39
LOWER EAST SIDE REHAB (GROUP 5),55,Interior Electrical/Lighting,Electrical System,0,55540.82
LOWER EAST SIDE REHAB (GROUP 5),55,Interior Electrical/Lighting,Emergency and Exit Lighting and Panels,1675.17,11726.19
LOWER EAST SIDE REHAB (GROUP 5),55,Interior Electrical/Lighting,Interior Lighting Fixture,144457.97,163168.25
LOWER EAST SIDE REHAB (GROUP 5),55,Interior Electrical/Lighting,Telephone/Intercom,,148224.96
LOWER EAST SIDE REHAB (GROUP 5),55,Lead Based Paint,Lead Based Paint,0,0
LOWER EAST SIDE REHAB (GROUP 5),55,Plumbing,Building Drainage,,73441.2
LOWER EAST SIDE REHAB (GROUP 5),55,Plumbing,Building Sewage System,3665.7,3665.7
LOWER EAST SIDE REHAB (GROUP 5),55,Plumbing,Domestic Water System,7818.5,7818.5
LOWER EAST SIDE REHAB (GROUP 5),55,Plumbing,Underground Hydronic Piping,178536.8,178536.8
LOWER EAST SIDE REHAB (GROUP 5),55,Plumbing,Underground Natural Gas Piping,92428,92428
LOWER EAST SIDE REHAB (GROUP 5),55,Roofs,Building Roof/Parapets/Misc,1411791.77,1411791.77
LOWER EAST SIDE REHAB (GROUP 5),55,Safety And Security,Additional Security,1999817.4,1999817.4
LOWER EAST SIDE REHAB (GROUP 5),55,Ventilation/Air Conditioning,Air Conditioning,,35555.67
LOWER EAST SIDE REHAB (GROUP 5),55,Waste Management,Waste Infrastructure,2156390.7,2156390.7
MANHATTANVILLE,1272,Apartments,Apartment 504 Access,3000000,3000000
MANHATTANVILLE,1272,Apartments,Apartment Bathroom,60282407.36,60282407.36
MANHATTANVILLE,1272,Apartments,Apartment Entrance Doors,8301224.64,8301224.64
MANHATTANVILLE,1272,Apartments,Apartment Kitchen,48741515.45,48741515.45
MANHATTANVILLE,1272,Apartments,Apartment Renovation,105381214.9,119154740
MANHATTANVILLE,1272,Building Exterior/Facade/Window,Brickwork,201947.29,2601947.29
MANHATTANVILLE,1272,Building Exterior/Facade/Window,Building Windows,50217574.85,50217574.85
MANHATTANVILLE,1272,Building Exterior/Facade/Window,Entrances/Exits,556044.24,556044.24
MANHATTANVILLE,1272,Building Exterior/Facade/Window,Foundations,74396.3,74396.3
MANHATTANVILLE,1272,Common Areas/Lobbies,Building Common Area Finishes ,8150511.46,8150511.46
MANHATTANVILLE,1272,Common Areas/Lobbies,Building Common Areas - Bathroom,2162521.1,2845422.5
MANHATTANVILLE,1272,Common Areas/Lobbies,Building Gymnasium,552066.36,552066.36
MANHATTANVILLE,1272,Common Areas/Lobbies,Building Locker Room and Shower,26434.8,26434.8
MANHATTANVILLE,1272,Common Areas/Lobbies,Interior Building Doors,4434666.05,4434666.05
MANHATTANVILLE,1272,Common Areas/Lobbies,Interior Building Stairs,659.17,23309565.83
MANHATTANVILLE,1272,Common Areas/Lobbies,Non Residential Kitchen,3382778.24,3382778.24
MANHATTANVILLE,1272,Elevators,Elevators,,19023077.97
MANHATTANVILLE,1272,Fire Protection,Fire Alarm,190543.79,1068893.69
MANHATTANVILLE,1272,Fire Protection,Fire Sprinkler,0,0
MANHATTANVILLE,1272,Fire Protection,Standpipe System,177937.2,177937.2
MANHATTANVILLE,1272,Grounds,Building Exterior Walkways and Retaining Walls,203519.71,231712.03
MANHATTANVILLE,1272,Grounds,Lighting - Exterior Security,1511408.76,1575981.18
MANHATTANVILLE,1272,Grounds,Open Spaces,,9783989.41
MANHATTANVILLE,1272,Grounds,Parking Lot,1834349.5,1834349.5
MANHATTANVILLE,1272,Grounds,Paving - Non-Vehicular Area,3637112,3637112
MANHATTANVILLE,1272,Grounds,Playgrounds,409295.04,409295.04
MANHATTANVILLE,1272,Grounds,Site Fences,5349596.22,5349596.22
MANHATTANVILLE,1272,Grounds,Site Lighting,325710,325710
MANHATTANVILLE,1272,Grounds,Stairs / Ramps,,656722.26
MANHATTANVILLE,1272,Grounds,Storm Piping,28053.01,28053.01
MANHATTANVILLE,1272,Heating,Decarbonization,131768721.7,131768721.7
MANHATTANVILLE,1272,Interior Electrical/Lighting,Electrical System,3539703.62,3539703.62
MANHATTANVILLE,1272,Interior Electrical/Lighting,Emergency and Exit Lighting and Panels,24199.5,138494.36
MANHATTANVILLE,1272,Interior Electrical/Lighting,Interior Lighting Fixture,4934403.86,5109973.04
MANHATTANVILLE,1272,Interior Electrical/Lighting,Telephone/Intercom,,444674.88
MANHATTANVILLE,1272,Lead Based Paint,Lead Based Paint,11453250.24,11453250.24
MANHATTANVILLE,1272,Plumbing,Building Drainage,98083.37,98083.37
MANHATTANVILLE,1272,Plumbing,Building Sewage System,7331.4,7331.4
MANHATTANVILLE,1272,Plumbing,Domestic Water System,39092.5,39092.5
MANHATTANVILLE,1272,Plumbing,Non Residential Spaces Plumbing Fixtures,4032.53,4032.53
MANHATTANVILLE,1272,Plumbing,Roof Tank,,245470.35
MANHATTANVILLE,1272,Plumbing,Underground Hydronic Piping,2678052,2678052
MANHATTANVILLE,1272,Plumbing,Underground Natural Gas Piping,462140,462140
MANHATTANVILLE,1272,Roofs,Building Roof/Parapets/Misc,11491432.17,11491432.17
MANHATTANVILLE,1272,Safety And Security,Additional Security,3796039.8,3796039.8
MANHATTANVILLE,1272,Safety And Security,Intrusion Alarm,214646.58,321969.87
MANHATTANVILLE,1272,Ventilation/Air Conditioning,Air Conditioning,30538.67,134093.82
MANHATTANVILLE,1272,Ventilation/Air Conditioning,Building Ductwork,2671.48,2671.48
MANHATTANVILLE,1272,Ventilation/Air Conditioning,Exhaust Fan,4821.54,4821.54
MANHATTANVILLE,1272,Waste Management,Garbage Chute,2556,2556
MANHATTANVILLE,1272,Waste Management,Waste Infrastructure,3107511.85,3107511.85
MARBLE HILL,1682,Apartments,Apartment 504 Access,4000000,4000000
MARBLE HILL,1682,Apartments,Apartment Bathroom,77756908.88,77756908.88
MARBLE HILL,1682,Apartments,Apartment Entrance Doors,10024120.32,11029142.8
MARBLE HILL,1682,Apartments,Apartment Kitchen,52967474.77,64778951.37
MARBLE HILL,1682,Apartments,Apartment Renovation,103579600.1,120441999.4
MARBLE HILL,1682,Building Exterior/Facade/Window,Brickwork,24323730.8,25123730.8
MARBLE HILL,1682,Building Exterior/Facade/Window,Building Windows,46764394.12,64041403.32
MARBLE HILL,1682,Building Exterior/Facade/Window,Entrances/Exits,881280.77,1103525.01
MARBLE HILL,1682,Building Exterior/Facade/Window,Foundations,119096.3,119096.3
MARBLE HILL,1682,Common Areas/Lobbies,Building Common Area Finishes ,6038567.96,7366221.2
MARBLE HILL,1682,Common Areas/Lobbies,Building Common Areas - Bathroom,1479619.7,1536528.15
MARBLE HILL,1682,Common Areas/Lobbies,Building Locker Room and Shower,8542.36,8542.36
MARBLE HILL,1682,Common Areas/Lobbies,Interior Building Doors,3260275.87,3635069.82
MARBLE HILL,1682,Common Areas/Lobbies,Interior Building Stairs,23434222.9,25313973.4
MARBLE HILL,1682,Common Areas/Lobbies,Non Residential Kitchen,426245.46,3587769.24
MARBLE HILL,1682,Elevators,Elevators,17559764.28,32192901.18
MARBLE HILL,1682,Fire Protection,Fire Alarm,173573.32,524913.28
MARBLE HILL,1682,Fire Protection,Fire Sprinkler,,320313.6
MARBLE HILL,1682,Fire Protection,Standpipe System,0,2093752.8
MARBLE HILL,1682,Grounds,Building Exterior Walkways and Retaining Walls,2323085.12,2323085.12
MARBLE HILL,1682,Grounds,Fixed Site Equipment,8715.08,8715.08
MARBLE HILL,1682,Grounds,Landscaping,68800,68800
MARBLE HILL,1682,Grounds,Lighting - Exterior Security,158248.71,181729.59
MARBLE HILL,1682,Grounds,Open Spaces,,1368428.99
MARBLE HILL,1682,Grounds,Parking Lot,3803120,3803120
MARBLE HILL,1682,Grounds,Paving - Non-Vehicular Area,2189775,2189775
MARBLE HILL,1682,Grounds,Playgrounds,1063104,1063104
MARBLE HILL,1682,Grounds,Site Fences,1681595,1681595
MARBLE HILL,1682,Grounds,Site Lighting,54285,54285
MARBLE HILL,1682,Grounds,Site Walls (Not Retaining Walls),3187.25,3187.25
MARBLE HILL,1682,Grounds,Stairs / Ramps,535897.15,648852.65
MARBLE HILL,1682,Grounds,Storm Piping,,348047.5
MARBLE HILL,1682,Heating,Building Steam Piping,66002110.27,66195391.87
MARBLE HILL,1682,Heating,Common Spaces Radiator / Convector / Baseboard,60210.43,619307.28
MARBLE HILL,1682,Heating,Decarbonization,0,0
MARBLE HILL,1682,Heating,Heating System,2438.05,2438.05
MARBLE HILL,1682,Heating,Through Wall/Window Heat Pump,,14959.98
MARBLE HILL,1682,Heating,Underground Steam and Condensate Return Piping,7954897.3,7954897.3
MARBLE HILL,1682,Interior Electrical/Lighting,Electrical System,12847908.31,13236694.05
MARBLE HILL,1682,Interior Electrical/Lighting,Emergency and Exit Lighting and Panels,20417.65,65575.35
MARBLE HILL,1682,Interior Electrical/Lighting,Interior Lighting Fixture,2832842.67,2832842.67
MARBLE HILL,1682,Interior Electrical/Lighting,Public Address System,21667.7,21667.7
MARBLE HILL,1682,Interior Electrical/Lighting,Telephone/Intercom,318551.38,318551.38
MARBLE HILL,1682,Lead Based Paint,Lead Based Paint,9642601.53,9642601.53
MARBLE HILL,1682,Plumbing,Building Drainage,29376.48,3126994.74
MARBLE HILL,1682,Plumbing,Building Sewage System,17857.2,7536207.9
MARBLE HILL,1682,Plumbing,Domestic Hot Water System,67693.97,294311.17
MARBLE HILL,1682,Plumbing,Domestic Water System,104315.06,18563793.56
MARBLE HILL,1682,Plumbing,Gas Risers,3236.53,14301672.03
MARBLE HILL,1682,Plumbing,Roof Tank,,163646.9
MARBLE HILL,1682,Plumbing,Underground Natural Gas Piping,610024.8,610024.8
MARBLE HILL,1682,Roofs,Building Roof/Parapets/Misc,14971896.33,16655178.33
MARBLE HILL,1682,Safety And Security,Additional Security,6615911.4,6615911.4
MARBLE HILL,1682,Safety And Security,CCTV,3588877.03,29961701.27
MARBLE HILL,1682,Ventilation/Air Conditioning,Air Conditioning,33639.84,53154.16
MARBLE HILL,1682,Ventilation/Air Conditioning,Building Ductwork,786.54,786.54
MARBLE HILL,1682,Waste Management,Garbage Chute,27264,27264
MARBLE HILL,1682,Waste Management,Waste Infrastructure,3491709.13,3491709.13
MARCY,1717,Apartments,Apartment 504 Access,4000000,4000000
MARCY,1717,Apartments,Apartment Bathroom,65359227.04,76454148.64
MARCY,1717,Apartments,Apartment Entrance Doors,5586358.72,11192295.8
MARCY,1717,Apartments,Apartment Kitchen,25061378.33,63525375.18
MARCY,1717,Apartments,Apartment Renovation,46195947.36,109245108.1
MARCY,1717,Building Exterior/Facade/Window,Brickwork,5338,10805338
MARCY,1717,Building Exterior/Facade/Window,Building Windows,56000124.89,86149219.87
MARCY,1717,Building Exterior/Facade/Window,Entrances/Exits,1673782.29,3746788.33
MARCY,1717,Building Exterior/Facade/Window,Foundations,332117.65,332117.65
MARCY,1717,Common Areas/Lobbies,Building Common Area Finishes ,5798360.41,7496784.18
MARCY,1717,Common Areas/Lobbies,Building Common Areas - Bathroom,967443.65,1365802.8
MARCY,1717,Common Areas/Lobbies,Building Locker Room and Shower,,25176
MARCY,1717,Common Areas/Lobbies,Interior Building Doors,1884072.26,3375228.81
MARCY,1717,Common Areas/Lobbies,Interior Building Stairs,26316507,26379165.35
MARCY,1717,Common Areas/Lobbies,Non Residential Kitchen,2374.59,2131281.86
MARCY,1717,Elevators,Elevators,96578703.54,102431958.3
MARCY,1717,Fire Protection,Fire Alarm,,351339.96
MARCY,1717,Fire Protection,Fire Sprinkler,2581.05,2581.05
MARCY,1717,Grounds,Building Exterior Walkways and Retaining Walls,4926786.65,4952238.05
MARCY,1717,Grounds,Fixed Site Equipment,40909.98,40909.98
MARCY,1717,Grounds,Landscaping,15718,15718
MARCY,1717,Grounds,Lighting - Exterior Security,2039935.4,2039935.4
MARCY,1717,Grounds,Open Spaces,,24976090.33
MARCY,1717,Grounds,Parking Lot,5257643.4,5257643.4
MARCY,1717,Grounds,Paving - Non-Vehicular Area,7863169.2,7863169.2
MARCY,1717,Grounds,Playgrounds,1079715,1079715
MARCY,1717,Grounds,Site Fences,11071975.5,11071975.5
MARCY,1717,Grounds,Site Lighting,805227.5,805227.5
MARCY,1717,Grounds,Site Walls (Not Retaining Walls),26772.9,26772.9
MARCY,1717,Grounds,Stairs / Ramps,1048708.31,2745200.21
MARCY,1717,Grounds,Storm Piping,,10441425
MARCY,1717,Heating,Building Steam Piping,101754046.1,101794381.7
MARCY,1717,Heating,Common Spaces Radiator / Convector / Baseboard,51608.94,946163.9
MARCY,1717,Heating,Decarbonization,0,0
MARCY,1717,Heating,Heating System,24045074.98,24613542.67
MARCY,1717,Heating,Through Wall/Window Heat Pump,,4986.66
MARCY,1717,Heating,Underground Steam and Condensate Return Piping,61761625,61761625
MARCY,1717,Interior Electrical/Lighting,Electrical System,34878572.82,42524133.43
MARCY,1717,Interior Electrical/Lighting,Emergency and Exit Lighting and Panels,171359.06,223008.34
MARCY,1717,Interior Electrical/Lighting,Emergency Generator Set,323988.91,323988.91
MARCY,1717,Interior Electrical/Lighting,Interior Lighting Fixture,1290853.27,1290853.27
MARCY,1717,Interior Electrical/Lighting,Telephone/Intercom,889349.76,889349.76
MARCY,1717,Interior Electrical/Lighting,Transformer,478345.89,478345.89
MARCY,1717,Lead Based Paint,Lead Based Paint,10218703.67,10218703.67
MARCY,1717,Plumbing,Building Drainage,189141.5,18987995.9
MARCY,1717,Plumbing,Building Sewage System,67774.8,33070071.9
MARCY,1717,Plumbing,Domestic Hot Water System,75553.32,291373.06
MARCY,1717,Plumbing,Domestic Water System,390761.3,96190841.8
MARCY,1717,Plumbing,Gas Risers,3236.53,34536230.63
MARCY,1717,Plumbing,Underground Natural Gas Piping,9242800,9242800
MARCY,1717,Roofs,Building Roof/Parapets/Misc,12587340.79,17367748.79
MARCY,1717,Safety And Security,Additional Security,21827295,21827295
MARCY,1717,Safety And Security,CCTV,1122247.84,8136296.84
MARCY,1717,Ventilation/Air Conditioning,Air Conditioning,340.67,30879.34
MARCY,1717,Ventilation/Air Conditioning,Building Ductwork,11356.55,11356.55
MARCY,1717,Ventilation/Air Conditioning,Exhaust Fan,10848.42,286599.08
MARCY,1717,Waste Management,Garbage Chute,5112,5112
MARCY,1717,Waste Management,Waste Infrastructure,6502430.66,6502430.66
MARINER'S HARBOR,607,Apartments,Apartment 504 Access,1400000,1400000
MARINER'S HARBOR,607,Apartments,Apartment Bathroom,28060905.88,28060905.88
MARINER'S HARBOR,607,Apartments,Apartment Entrance Doors,3961354.84,3961354.84
MARINER'S HARBOR,607,Apartments,Apartment Kitchen,23277812.65,23277812.65
MARINER'S HARBOR,607,Apartments,Apartment Renovation,52923305.25,62725024.12
MARINER'S HARBOR,607,Building Exterior/Facade/Window,Brickwork,857744.9,5657744.9
MARINER'S HARBOR,607,Building Exterior/Facade/Window,Building Windows,29346883.68,29346883.68
MARINER'S HARBOR,607,Building Exterior/Facade/Window,Entrances/Exits,1748325.83,1748325.83
MARINER'S HARBOR,607,Building Exterior/Facade/Window,Foundations,77769.5,77769.5
MARINER'S HARBOR,607,Common Areas/Lobbies,Building Common Area Finishes ,2945105.55,3069044.15
MARINER'S HARBOR,607,Common Areas/Lobbies,Building Common Areas - Bathroom,796718.3,796718.3
MARINER'S HARBOR,607,Common Areas/Lobbies,Interior Building Doors,1860887.6,1883852.75
MARINER'S HARBOR,607,Common Areas/Lobbies,Interior Building Stairs,8257.99,9219035.63
MARINER'S HARBOR,607,Common Areas/Lobbies,Non Residential Kitchen,1266270.06,2110450.1
MARINER'S HARBOR,607,Elevators,Elevators,17559764.28,17559764.28
MARINER'S HARBOR,607,Fire Protection,Fire Alarm,71292.42,183162.42
MARINER'S HARBOR,607,Fire Protection,Fire Sprinkler,26272.7,26272.7
MARINER'S HARBOR,607,Grounds,Building Exterior Walkways and Retaining Walls,480478.52,480478.52
MARINER'S HARBOR,607,Grounds,Fixed Site Equipment,26256.3,26256.3
MARINER'S HARBOR,607,Grounds,Landscaping,16272.8,16272.8
MARINER'S HARBOR,607,Grounds,Lighting - Exterior Security,1731714.9,1731714.9
MARINER'S HARBOR,607,Grounds,Open Spaces,,6477001.09
MARINER'S HARBOR,607,Grounds,Parking Lot,3271603.7,3271603.7
MARINER'S HARBOR,607,Grounds,Playgrounds,814888.2,814888.2
MARINER'S HARBOR,607,Grounds,Site Fences,8921304,8921304
MARINER'S HARBOR,607,Grounds,Site Lighting,452375,452375
MARINER'S HARBOR,607,Grounds,Stairs / Ramps,144389.63,931932.48
MARINER'S HARBOR,607,Grounds,Storm Piping,,12251272
MARINER'S HARBOR,607,Heating,Building Steam Piping,34180796.19,34180796.19
MARINER'S HARBOR,607,Heating,Common Spaces Radiator / Convector / Baseboard,94616.39,774134.1
MARINER'S HARBOR,607,Heating,Decarbonization,18434131.79,18434131.79
MARINER'S HARBOR,607,Heating,Heating System,208227.9,14167918.64
MARINER'S HARBOR,607,Heating,Through Wall/Window Heat Pump,5493.49,5493.49
MARINER'S HARBOR,607,Heating,Underground Steam and Condensate Return Piping,24025846.5,24025846.5
MARINER'S HARBOR,607,Interior Electrical/Lighting,Electrical System,4209229.4,21193800.25
MARINER'S HARBOR,607,Interior Electrical/Lighting,Emergency and Exit Lighting and Panels,103304.03,103304.03
MARINER'S HARBOR,607,Interior Electrical/Lighting,Interior Lighting Fixture,912910.04,1539020.48
MARINER'S HARBOR,607,Interior Electrical/Lighting,Telephone/Intercom,,1556362.08
MARINER'S HARBOR,607,Lead Based Paint,Lead Based Paint,4277926.14,4277926.14
MARINER'S HARBOR,607,Plumbing,Building Drainage,88484.13,8809468.89
MARINER'S HARBOR,607,Plumbing,Building Sewage System,2937.9,8332508.01
MARINER'S HARBOR,607,Plumbing,Domestic Water System,15235.69,15235.69
MARINER'S HARBOR,607,Plumbing,Gas Risers,23317.92,23317.92
MARINER'S HARBOR,607,Plumbing,Underground Hydronic Piping,3191345.3,3191345.3
MARINER'S HARBOR,607,Plumbing,Underground Natural Gas Piping,2056523,2056523
MARINER'S HARBOR,607,Roofs,Building Roof/Parapets/Misc,2248.3,2248.3
MARINER'S HARBOR,607,Safety And Security,Additional Security,11783108.4,11783108.4
MARINER'S HARBOR,607,Safety And Security,Intrusion Alarm,214646.58,214646.58
MARINER'S HARBOR,607,Ventilation/Air Conditioning,Air Conditioning,2439.29,54854.49
MARINER'S HARBOR,607,Ventilation/Air Conditioning,Building Ductwork,2154.25,2154.25
MARINER'S HARBOR,607,Ventilation/Air Conditioning,Exhaust Fan,15419.33,15419.33
MARINER'S HARBOR,607,Waste Management,Garbage Chute,1704,1704
MARINER'S HARBOR,607,Waste Management,Waste Infrastructure,3743398.59,3743398.59
MARLBORO,1765,Apartments,Apartment 504 Access,4200000,4200000
MARLBORO,1765,Apartments,Apartment Bathroom,81963733.32,81963733.32
MARLBORO,1765,Apartments,Apartment Entrance Doors,11518601.8,11518601.8
MARLBORO,1765,Apartments,Apartment Kitchen,67570849.9,67570849.9
MARLBORO,1765,Apartments,Apartment Renovation,146202970.4,167417251.3
MARLBORO,1765,Building Exterior/Facade/Window,Brickwork,82055806.73,82055806.73
MARLBORO,1765,Building Exterior/Facade/Window,Entrances/Exits,2699644.43,2699644.43
MARLBORO,1765,Building Exterior/Facade/Window,Foundations,652226.45,652226.45
MARLBORO,1765,Common Areas/Lobbies,Building Common Area Finishes ,10787262.98,10787262.98
MARLBORO,1765,Common Areas/Lobbies,Building Common Areas - Bathroom,853626.75,1764161.95
MARLBORO,1765,Common Areas/Lobbies,Interior Building Doors,6274634.35,6274634.35
MARLBORO,1765,Common Areas/Lobbies,Interior Building Stairs,1254.85,28134854.56
MARLBORO,1765,Common Areas/Lobbies,Non Residential Kitchen,1267574.64,1689664.66
MARLBORO,1765,Elevators,Elevators,46365525.17,46365525.17
MARLBORO,1765,Fire Protection,Fire Alarm,1814.51,177484.49
MARLBORO,1765,Fire Protection,Fire Sprinkler,5162.2,58547.8
MARLBORO,1765,Fire Protection,Standpipe System,15346.8,629650.8
MARLBORO,1765,Grounds,Building Exterior Walkways and Retaining Walls,558755.71,616837.11
MARLBORO,1765,Grounds,Fixed Site Equipment,92231.55,92231.55
MARLBORO,1765,Grounds,Landscaping,4128,4128
MARLBORO,1765,Grounds,Lighting - Exterior Security,1780446.11,1897850.51
MARLBORO,1765,Grounds,Open Spaces,,20616987.65
MARLBORO,1765,Grounds,Parking Lot,6798400.4,6798400.4
MARLBORO,1765,Grounds,Paving - Non-Vehicular Area,10844600,10844600
MARLBORO,1765,Grounds,Playgrounds,607488,607488
MARLBORO,1765,Grounds,Site Fences,8861120.6,8861120.6
MARLBORO,1765,Grounds,Site Lighting,823322.5,823322.5
MARLBORO,1765,Grounds,Stairs / Ramps,755378.93,1506785.23
MARLBORO,1765,Heating,Building Steam Piping,137038707.4,137375990.4
MARLBORO,1765,Heating,Common Spaces Radiator / Convector / Baseboard,215037.25,593502.81
MARLBORO,1765,Heating,Decarbonization,0,0
MARLBORO,1765,Heating,Heating System,21820395.19,21820395.19
MARLBORO,1765,Interior Electrical/Lighting,Electrical System,1834662.03,12363404.76
MARLBORO,1765,Interior Electrical/Lighting,Emergency and Exit Lighting and Panels,26294.83,105004.86
MARLBORO,1765,Interior Electrical/Lighting,Interior Lighting Fixture,5974429.73,6074695.64
MARLBORO,1765,Interior Electrical/Lighting,PA System,,21667.7
MARLBORO,1765,Interior Electrical/Lighting,Public Address System,,21667.7
MARLBORO,1765,Interior Electrical/Lighting,Telephone/Intercom,1282013.62,1282013.62
MARLBORO,1765,Lead Based Paint,Lead Based Paint,4936943.99,4936943.99
MARLBORO,1765,Plumbing,Building Drainage,446107.25,5654333.81
MARLBORO,1765,Plumbing,Building Sewage System,78733.84,15212942.86
MARLBORO,1765,Plumbing,Domestic Hot Water System,497845.65,512729.77
MARLBORO,1765,Plumbing,Domestic Water System,239783.65,99630871.75
MARLBORO,1765,Plumbing,Gas Risers,34976.88,28901735.22
MARLBORO,1765,Plumbing,Non Residential Spaces Plumbing Fixtures,4032.53,4032.53
MARLBORO,1765,Plumbing,Roof Tank,1138364.78,1138364.78
MARLBORO,1765,Roofs,Building Roof/Parapets/Misc,29538835.45,29538835.45
MARLBORO,1765,Safety And Security,Additional Security,13366798.2,13366798.2
MARLBORO,1765,Ventilation/Air Conditioning,Air Conditioning,75713.08,75713.08
MARLBORO,1765,Ventilation/Air Conditioning,Building Ductwork,2417.32,2417.32
MARLBORO,1765,Ventilation/Air Conditioning,Exhaust Fan,5541.57,5541.57
MARLBORO,1765,Waste Management,Garbage Chute,8686.8,8686.8
MARLBORO,1765,Waste Management,Waste Infrastructure,5074118.3,5074118.3
MCKINLEY,619,Apartments,Apartment 504 Access,1400000,1400000
MCKINLEY,619,Apartments,Apartment Bathroom,30233661.36,30233661.36
MCKINLEY,619,Apartments,Apartment Entrance Doors,4039668.28,4039668.28
MCKINLEY,619,Apartments,Apartment Kitchen,23392859.5,23392859.5
MCKINLEY,619,Apartments,Apartment Renovation,62993362.18,63030316.58
MCKINLEY,619,Building Exterior/Facade/Window,Brickwork,16775295.54,16775295.54
MCKINLEY,619,Building Exterior/Facade/Window,Building Windows,25065150.18,25065150.18
MCKINLEY,619,Building Exterior/Facade/Window,Entrances/Exits,544961.94,544961.94
MCKINLEY,619,Building Exterior/Facade/Window,Foundations,230659.96,230659.96
MCKINLEY,619,Common Areas/Lobbies,Building Common Area Finishes ,3949880.02,3949880.02
MCKINLEY,619,Common Areas/Lobbies,Building Common Areas - Bathroom,455267.6,1422711.25
MCKINLEY,619,Common Areas/Lobbies,Interior Building Doors,2453070.35,2453070.35
MCKINLEY,619,Common Areas/Lobbies,Interior Building Stairs,,10401286.31
MCKINLEY,619,Common Areas/Lobbies,Non Residential Kitchen,1266270.06,1266270.06
MCKINLEY,619,Fire Protection,Fire Alarm,,175669.98
MCKINLEY,619,Fire Protection,Standpipe System,92922.72,92922.72
MCKINLEY,619,Grounds,Building Exterior Walkways and Retaining Walls,85156.9,87767.3
MCKINLEY,619,Grounds,Lighting - Exterior Security,704426.4,704426.4
MCKINLEY,619,Grounds,Open Spaces,,2275988.6
MCKINLEY,619,Grounds,Parking Lot,691041,691041
MCKINLEY,619,Grounds,Playgrounds,384426,384426
MCKINLEY,619,Grounds,Site Fences,7080400,7080400
MCKINLEY,619,Grounds,Site Lighting,497612.5,497612.5
MCKINLEY,619,Grounds,Stairs / Ramps,220133.69,257194.53
MCKINLEY,619,Heating,Building Steam Piping,30581524.56,30766958.44
MCKINLEY,619,Heating,Common Spaces Radiator / Convector / Baseboard,,516089.4
MCKINLEY,619,Heating,Decarbonization,14703525.15,14703525.15
MCKINLEY,619,Heating,Gas Fired Furnace,50466.12,50466.12
MCKINLEY,619,Heating,Heating System,84851.5,10615517.45
MCKINLEY,619,Interior Electrical/Lighting,Electrical System,2221849.01,5350766.95
MCKINLEY,619,Interior Electrical/Lighting,Emergency and Exit Lighting and Panels,78990.02,78990.02
MCKINLEY,619,Interior Electrical/Lighting,Interior Lighting Fixture,2541922.72,2541922.72
MCKINLEY,619,Lead Based Paint,Lead Based Paint,5070442.38,5070442.38
MCKINLEY,619,Plumbing,Building Drainage,117505.92,117505.92
MCKINLEY,619,Plumbing,Underground Hydronic Piping,7587814,7587814
MCKINLEY,619,Plumbing,Underground Natural Gas Piping,1293992,1293992
MCKINLEY,619,Roofs,Building Roof/Parapets/Misc,6522171.48,6522171.48
MCKINLEY,619,Safety And Security,Additional Security,2975662.2,2975662.2
MCKINLEY,619,Safety And Security,CCTV,,1683371.76
MCKINLEY,619,Safety And Security,Intrusion Alarm,,643939.74
MCKINLEY,619,Ventilation/Air Conditioning,Air Conditioning,61077.34,533536.11
MCKINLEY,619,Ventilation/Air Conditioning,Building Ductwork,5936.63,5936.63
MCKINLEY,619,Waste Management,Garbage Chute,7801.44,7801.44
MCKINLEY,619,Waste Management,Waste Infrastructure,2612183.78,2612183.78
MELROSE,1023,Apartments,Apartment 504 Access,2400000,2400000
MELROSE,1023,Apartments,Apartment Bathroom,47153416.8,47153416.8
MELROSE,1023,Apartments,Apartment Entrance Doors,6676220.76,6676220.76
MELROSE,1023,Apartments,Apartment Kitchen,39115929,39115929
MELROSE,1023,Apartments,Apartment Renovation,85006484.91,95630730.43
MELROSE,1023,Building Exterior/Facade/Window,Brickwork,5550,3205550
MELROSE,1023,Building Exterior/Facade/Window,Building Windows,47900185.97,48000135.61
MELROSE,1023,Building Exterior/Facade/Window,Entrances/Exits,823389.99,823389.99
MELROSE,1023,Building Exterior/Facade/Window,Foundations,51760.96,51760.96
MELROSE,1023,Common Areas/Lobbies,Building Common Area Finishes ,6503901.39,6503901.39
MELROSE,1023,Common Areas/Lobbies,Building Common Areas - Bathroom,796718.3,2333246.45
MELROSE,1023,Common Areas/Lobbies,Building Gymnasium,477664.72,477664.72
MELROSE,1023,Common Areas/Lobbies,Building Locker Room and Shower,6061.5,6061.5
MELROSE,1023,Common Areas/Lobbies,Interior Building Doors,3277041.5,3277041.5
MELROSE,1023,Common Areas/Lobbies,Interior Building Stairs,,14286104.09
MELROSE,1023,Common Areas/Lobbies,Non Residential Kitchen,2954630.14,2954630.14
MELROSE,1023,Elevators,Elevators,22952506.13,22952506.13
MELROSE,1023,Fire Protection,Fire Alarm,,179054.31
MELROSE,1023,Fire Protection,Fire Sprinkler,,151779.24
MELROSE,1023,Fire Protection,Standpipe System,,1146700.8
MELROSE,1023,Grounds,Building Exterior Walkways and Retaining Walls,326156.06,332682.06
MELROSE,1023,Grounds,Lighting - Exterior Security,375694.08,416785.62
MELROSE,1023,Grounds,Open Spaces,,0
MELROSE,1023,Grounds,Parking Lot,1154491.95,1154491.95
MELROSE,1023,Grounds,Paving - Non-Vehicular Area,3053630.81,3053630.81
MELROSE,1023,Grounds,Playgrounds,1846194,1846194
MELROSE,1023,Grounds,Site Fences,6321027.1,6321027.1
MELROSE,1023,Grounds,Site Lighting,533802.5,533802.5
MELROSE,1023,Grounds,Stairs / Ramps,171769.24,527961.19
MELROSE,1023,Grounds,Storm Piping,,1392190
MELROSE,1023,Heating,Decarbonization,105560005.8,105560005.8
MELROSE,1023,Interior Electrical/Lighting,Electrical System,495780.87,7980578.3
MELROSE,1023,Interior Electrical/Lighting,Emergency and Exit Lighting and Panels,31423.91,99210.49
MELROSE,1023,Interior Electrical/Lighting,Interior Lighting Fixture,3132231.45,3182125.53
MELROSE,1023,Interior Electrical/Lighting,Public Address System,,21667.7
MELROSE,1023,Lead Based Paint,Lead Based Paint,14099427.63,14099427.63
MELROSE,1023,Plumbing,Building Drainage,102817.68,2346226.08
MELROSE,1023,Plumbing,Building Sewage System,,5956762.5
MELROSE,1023,Plumbing,Domestic Water System,,26574986.5
MELROSE,1023,Plumbing,Gas Risers,,11187040
MELROSE,1023,Plumbing,Non Residential Spaces Plumbing Fixtures,6802.12,6802.12
MELROSE,1023,Plumbing,Roof Tank,245470.35,245470.35
MELROSE,1023,Plumbing,Underground Hydronic Piping,7810985,7810985
MELROSE,1023,Plumbing,Underground Natural Gas Piping,323498,323498
MELROSE,1023,Safety And Security,Additional Security,5532609.6,5532609.6
MELROSE,1023,Safety And Security,Intrusion Alarm,,107323.29
MELROSE,1023,Ventilation/Air Conditioning,Air Conditioning,97612.2,441578.22
MELROSE,1023,Ventilation/Air Conditioning,Exhaust Fan,2890.8,2890.8
MELROSE,1023,Waste Management,Garbage Chute,8686.8,8686.8
MELROSE,1023,Waste Management,Waste Infrastructure,2878579.04,2878579.04
MELTZER TOWER,231,Apartments,Apartment 504 Access,600000,600000
MELTZER TOWER,231,Apartments,Apartment Bathroom,10632633.2,10632633.2
MELTZER TOWER,231,Apartments,Apartment Entrance Doors,1507533.72,1507533.72
MELTZER TOWER,231,Apartments,Apartment Kitchen,8820258.5,8820258.5
MELTZER TOWER,231,Apartments,Apartment Renovation,3637115.62,5216153.74
MELTZER TOWER,231,Building Exterior/Facade/Window,Brickwork,3206434.93,3206434.93
MELTZER TOWER,231,Building Exterior/Facade/Window,Building Windows,6851275.31,6851275.31
MELTZER TOWER,231,Building Exterior/Facade/Window,Entrances/Exits,132324.41,132324.41
MELTZER TOWER,231,Building Exterior/Facade/Window,Foundations,15297.5,15297.5
MELTZER TOWER,231,Common Areas/Lobbies,Building Common Area Finishes ,959902.91,959902.91
MELTZER TOWER,231,Common Areas/Lobbies,Building Common Areas - Bathroom,284542.25,284542.25
MELTZER TOWER,231,Common Areas/Lobbies,Interior Building Doors,606825.15,606825.15
MELTZER TOWER,231,Common Areas/Lobbies,Interior Building Stairs,,2568992.4
MELTZER TOWER,231,Common Areas/Lobbies,Non Residential Kitchen,844180.04,844180.04
MELTZER TOWER,231,Elevators,Elevators,2926627.38,2926627.38
MELTZER TOWER,231,Grounds,Building Exterior Walkways and Retaining Walls,42708.4,42708.4
MELTZER TOWER,231,Grounds,Fixed Site Equipment,17430.16,17430.16
MELTZER TOWER,231,Grounds,Landscaping,1138.2,1138.2
MELTZER TOWER,231,Grounds,Lighting - Exterior Security,117404.4,117404.4
MELTZER TOWER,231,Grounds,Open Spaces,,1125820.56
MELTZER TOWER,231,Grounds,Parking Lot,563345.25,563345.25
MELTZER TOWER,231,Grounds,Paving - Non-Vehicular Area,600624,600624
MELTZER TOWER,231,Grounds,Site Fences,371721,371721
MELTZER TOWER,231,Grounds,Site Lighting,189997.5,189997.5
MELTZER TOWER,231,Grounds,Site Walls (Not Retaining Walls),34675.2,34675.2
MELTZER TOWER,231,Grounds,Stairs / Ramps,83731.95,155682.95
MELTZER TOWER,231,Heating,Decarbonization,23722513.57,23722513.57
MELTZER TOWER,231,Interior Electrical/Lighting,Electrical System,114410.97,114410.97
MELTZER TOWER,231,Interior Electrical/Lighting,Emergency and Exit Lighting and Panels,57514.13,57514.13
MELTZER TOWER,231,Interior Electrical/Lighting,Interior Lighting Fixture,811570.81,811570.81
MELTZER TOWER,231,Interior Electrical/Lighting,Telephone/Intercom,,74112.48
MELTZER TOWER,231,Lead Based Paint,Lead Based Paint,1501345.02,1501345.02
MELTZER TOWER,231,Plumbing,Building Drainage,29376.48,29376.48
MELTZER TOWER,231,Plumbing,Building Sewage System,78733.84,78733.84
MELTZER TOWER,231,Plumbing,Roof Tank,1138364.78,1138364.78
MELTZER TOWER,231,Plumbing,Underground Hydronic Piping,,290122.3
MELTZER TOWER,231,Plumbing,Underground Natural Gas Piping,,92428
MELTZER TOWER,231,Roofs,Building Roof/Parapets/Misc,1049314.48,1049314.48
MELTZER TOWER,231,Safety And Security,Additional Security,745348.8,745348.8
MELTZER TOWER,231,Ventilation/Air Conditioning,Air Conditioning,20694.87,37554.4
MELTZER TOWER,231,Waste Management,Garbage Chute,5212.08,5212.08
MELTZER TOWER,231,Waste Management,Waste Infrastructure,2032802.08,2032802.08
METRO NORTH PLAZA,275,Apartments,Apartment 504 Access,600000,600000
METRO NORTH PLAZA,275,Apartments,Apartment Bathroom,13545050.12,13545050.12
METRO NORTH PLAZA,275,Apartments,Apartment Entrance Doors,1794683,1794683
METRO NORTH PLAZA,275,Apartments,Apartment Kitchen,10507612.3,10507612.3
METRO NORTH PLAZA,275,Apartments,Apartment Renovation,28498310.56,29720577.34
METRO NORTH PLAZA,275,Building Exterior/Facade/Window,Brickwork,8420611.78,8420611.78
METRO NORTH PLAZA,275,Building Exterior/Facade/Window,Building Windows,8704371.36,8704371.36
METRO NORTH PLAZA,275,Building Exterior/Facade/Window,Entrances/Exits,432808.19,432808.19
METRO NORTH PLAZA,275,Building Exterior/Facade/Window,Foundations,89365.2,89365.2
METRO NORTH PLAZA,275,Common Areas/Lobbies,Building Common Area Finishes ,1854362.92,1854362.92
METRO NORTH PLAZA,275,Common Areas/Lobbies,Building Common Areas - Bathroom,,569084.5
METRO NORTH PLAZA,275,Common Areas/Lobbies,Interior Building Doors,1218804.25,1218804.25
METRO NORTH PLAZA,275,Common Areas/Lobbies,Interior Building Stairs,,4887351.4
METRO NORTH PLAZA,275,Common Areas/Lobbies,Non Residential Kitchen,848335.48,848335.48
METRO NORTH PLAZA,275,Elevators,Elevators,8779882.14,8779882.14
METRO NORTH PLAZA,275,Fire Protection,Standpipe System,23399.83,23399.83
METRO NORTH PLAZA,275,Grounds,Building Exterior Walkways and Retaining Walls,66914.78,66914.78
METRO NORTH PLAZA,275,Grounds,Lighting - Exterior Security,399174.96,399174.96
METRO NORTH PLAZA,275,Grounds,Open Spaces,,0
METRO NORTH PLAZA,275,Grounds,Paving - Non-Vehicular Area,1751402.9,1751402.9
METRO NORTH PLAZA,275,Grounds,Playgrounds,243944.4,243944.4
METRO NORTH PLAZA,275,Grounds,Site Fences,920452,920452
METRO NORTH PLAZA,275,Grounds,Site Lighting,45237.5,45237.5
METRO NORTH PLAZA,275,Grounds,Site Walls (Not Retaining Walls),614.2,614.2
METRO NORTH PLAZA,275,Grounds,Stairs / Ramps,165009.5,230504.95
METRO NORTH PLAZA,275,Heating,Building Steam Piping,51682.59,9322882.53
METRO NORTH PLAZA,275,Heating,Common Spaces Radiator / Convector / Baseboard,43007.45,326856.62
METRO NORTH PLAZA,275,Heating,Decarbonization,0,0
METRO NORTH PLAZA,275,Heating,Heating System,6940983.73,7103403.07
METRO NORTH PLAZA,275,Heating,Steam Fan Coil Unit,,23811.14
METRO NORTH PLAZA,275,Heating,Underground Steam and Condensate Return Piping,,790548.8
METRO NORTH PLAZA,275,Interior Electrical/Lighting,Electrical System,333244.92,541333.7
METRO NORTH PLAZA,275,Interior Electrical/Lighting,Emergency and Exit Lighting and Panels,64311.93,97735.03
METRO NORTH PLAZA,275,Interior Electrical/Lighting,Interior Lighting Fixture,850852.02,1062901.86
METRO NORTH PLAZA,275,Interior Electrical/Lighting,Telephone/Intercom,,74112.48
METRO NORTH PLAZA,275,Lead Based Paint,Lead Based Paint,2264061.9,2264061.9
METRO NORTH PLAZA,275,Plumbing,Building Drainage,47041.94,47041.94
METRO NORTH PLAZA,275,Plumbing,Building Sewage System,204166,204166
METRO NORTH PLAZA,275,Plumbing,Domestic Hot Water System,14884.12,76195.12
METRO NORTH PLAZA,275,Plumbing,Domestic Water System,15637,15637
METRO NORTH PLAZA,275,Plumbing,Non Residential Spaces Plumbing Fixtures,4032.53,4032.53
METRO NORTH PLAZA,275,Plumbing,Roof Tank,1138364.78,1138364.78
METRO NORTH PLAZA,275,Plumbing,Underground Hydronic Piping,,401707.8
METRO NORTH PLAZA,275,Plumbing,Underground Natural Gas Piping,,166370.4
METRO NORTH PLAZA,275,Roofs,Building Roof/Parapets/Misc,5149471.32,5149471.32
METRO NORTH PLAZA,275,Safety And Security,Additional Security,3169173,3169173
METRO NORTH PLAZA,275,Safety And Security,CCTV,,280561.96
METRO NORTH PLAZA,275,Safety And Security,Intrusion Alarm,,107323.29
METRO NORTH PLAZA,275,Ventilation/Air Conditioning,Exhaust Fan,3616.15,3616.15
METRO NORTH PLAZA,275,Waste Management,Waste Infrastructure,2191110.27,2191110.27
MIDDLETOWN PLAZA,179,Apartments,Apartment 504 Access,400000,400000
MIDDLETOWN PLAZA,179,Apartments,Apartment Bathroom,8228733.52,8228733.52
MIDDLETOWN PLAZA,179,Apartments,Apartment Entrance Doors,1168175.48,1168175.48
MIDDLETOWN PLAZA,179,Apartments,Apartment Kitchen,6826113.1,6826113.1
MIDDLETOWN PLAZA,179,Apartments,Apartment Renovation,12657114.88,13501284.34
MIDDLETOWN PLAZA,179,Building Exterior/Facade/Window,Brickwork,314,400314
MIDDLETOWN PLAZA,179,Building Exterior/Facade/Window,Building Windows,2779131.14,2779131.14
MIDDLETOWN PLAZA,179,Building Exterior/Facade/Window,Entrances/Exits,72686.16,72686.16
MIDDLETOWN PLAZA,179,Building Exterior/Facade/Window,Foundations,50685.7,50685.7
MIDDLETOWN PLAZA,179,Common Areas/Lobbies,Building Common Area Finishes ,1074311.54,1074311.54
MIDDLETOWN PLAZA,179,Common Areas/Lobbies,Building Common Areas - Bathroom,56908.45,455267.6
MIDDLETOWN PLAZA,179,Common Areas/Lobbies,Interior Building Doors,549647.38,549647.38
MIDDLETOWN PLAZA,179,Common Areas/Lobbies,Interior Building Stairs,,2067725.59
MIDDLETOWN PLAZA,179,Common Areas/Lobbies,Non Residential Kitchen,847684.35,847684.35
MIDDLETOWN PLAZA,179,Elevators,Elevators,2926627.38,2926627.38
MIDDLETOWN PLAZA,179,Fire Protection,Fire Sprinkler,4448.8,4448.8
MIDDLETOWN PLAZA,179,Grounds,Building Exterior Walkways and Retaining Walls,31494.75,34627.23
MIDDLETOWN PLAZA,179,Grounds,Fixed Site Equipment,2330.46,2330.46
MIDDLETOWN PLAZA,179,Grounds,Lighting - Exterior Security,82183.08,82183.08
MIDDLETOWN PLAZA,179,Grounds,Open Spaces,,988926.21
MIDDLETOWN PLAZA,179,Grounds,Parking Lot,487864.5,487864.5
MIDDLETOWN PLAZA,179,Grounds,Paving - Non-Vehicular Area,556828.5,556828.5
MIDDLETOWN PLAZA,179,Grounds,Site Fences,398272.5,398272.5
MIDDLETOWN PLAZA,179,Grounds,Site Lighting,271425,271425
MIDDLETOWN PLAZA,179,Grounds,Stairs / Ramps,,7987.25
MIDDLETOWN PLAZA,179,Heating,Common Spaces Radiator / Convector / Baseboard,17202.98,318255.13
MIDDLETOWN PLAZA,179,Heating,Decarbonization,8232713.02,8232713.02
MIDDLETOWN PLAZA,179,Heating,Heating System,1247.48,1247.48
MIDDLETOWN PLAZA,179,Heating,Through Wall/Window Heat Pump,4986.66,4986.66
MIDDLETOWN PLAZA,179,Interior Electrical/Lighting,Electrical System,378546.56,718956.13
MIDDLETOWN PLAZA,179,Interior Electrical/Lighting,Emergency and Exit Lighting and Panels,52793,52793
MIDDLETOWN PLAZA,179,Interior Electrical/Lighting,Interior Lighting Fixture,593857.41,593857.41
MIDDLETOWN PLAZA,179,Interior Electrical/Lighting,Public Address System,,21667.7
MIDDLETOWN PLAZA,179,Interior Electrical/Lighting,Telephone/Intercom,2607.73,76720.21
MIDDLETOWN PLAZA,179,Lead Based Paint,Lead Based Paint,1435759.98,1435759.98
MIDDLETOWN PLAZA,179,Plumbing,Building Drainage,49795.09,49795.09
MIDDLETOWN PLAZA,179,Plumbing,Building Sewage System,0,0
MIDDLETOWN PLAZA,179,Plumbing,Domestic Hot Water System,83540.36,83540.36
MIDDLETOWN PLAZA,179,Plumbing,Non Residential Spaces Plumbing Fixtures,4032.53,4032.53
MIDDLETOWN PLAZA,179,Plumbing,Roof Tank,1138364.78,1138364.78
MIDDLETOWN PLAZA,179,Plumbing,Underground Hydronic Piping,,156219.7
MIDDLETOWN PLAZA,179,Plumbing,Underground Natural Gas Piping,,55456.8
MIDDLETOWN PLAZA,179,Safety And Security,Additional Security,1094326.8,1094326.8
MIDDLETOWN PLAZA,179,Ventilation/Air Conditioning,Air Conditioning,176861.59,176861.59
MIDDLETOWN PLAZA,179,Ventilation/Air Conditioning,Building Ductwork,2219.54,2219.54
MIDDLETOWN PLAZA,179,Ventilation/Air Conditioning,Exhaust Fan,2650.78,2650.78
MIDDLETOWN PLAZA,179,Waste Management,Waste Infrastructure,2021228.89,2021228.89
MILL BROOK,1255,Apartments,Apartment 504 Access,3000000,3000000
MILL BROOK,1255,Apartments,Apartment Bathroom,57970965.36,57970965.36
MILL BROOK,1255,Apartments,Apartment Entrance Doors,8190280.6,8190280.6
MILL BROOK,1255,Apartments,Apartment Kitchen,47667744.85,47667744.85
MILL BROOK,1255,Apartments,Apartment Renovation,134038321.7,147749875.5
MILL BROOK,1255,Building Exterior/Facade/Window,Brickwork,30013803.57,30013803.57
MILL BROOK,1255,Building Exterior/Facade/Window,Entrances/Exits,849743.69,849743.69
MILL BROOK,1255,Building Exterior/Facade/Window,Foundations,63938.9,63938.9
MILL BROOK,1255,Common Areas/Lobbies,Building Common Area Finishes ,6263974.78,6263974.78
MILL BROOK,1255,Common Areas/Lobbies,Building Common Areas - Bathroom,682901.4,1707253.5
MILL BROOK,1255,Common Areas/Lobbies,Interior Building Doors,3744303.05,3744303.05
MILL BROOK,1255,Common Areas/Lobbies,Interior Building Stairs,4735.54,18614265.86
MILL BROOK,1255,Common Areas/Lobbies,Non Residential Kitchen,862521.51,2128791.57
MILL BROOK,1255,Elevators,Elevators,195725.39,26535371.81
MILL BROOK,1255,Fire Protection,Fire Alarm,,351339.96
MILL BROOK,1255,Grounds,Building Exterior Walkways and Retaining Walls,301165.82,301165.82
MILL BROOK,1255,Grounds,Lighting - Exterior Security,41058.77,41058.77
MILL BROOK,1255,Grounds,Open Spaces,,8400638.6
MILL BROOK,1255,Grounds,Parking Lot,3721173.25,3721173.25
MILL BROOK,1255,Grounds,Playgrounds,,672033.6
MILL BROOK,1255,Grounds,Site Fences,7522925,7522925
MILL BROOK,1255,Grounds,Stairs / Ramps,407002,407002
MILL BROOK,1255,Grounds,Storm Piping,,3619694
MILL BROOK,1255,Heating,Common Spaces Radiator / Convector / Baseboard,,937562.41
MILL BROOK,1255,Heating,Decarbonization,88137216.66,88137216.66
MILL BROOK,1255,Interior Electrical/Lighting,Electrical System,38136.99,1932132.96
MILL BROOK,1255,Interior Electrical/Lighting,Emergency and Exit Lighting and Panels,16656.54,80041.4
MILL BROOK,1255,Interior Electrical/Lighting,Interior Lighting Fixture,4249268.72,4249268.72
MILL BROOK,1255,Interior Electrical/Lighting,Telephone/Intercom,,667012.32
MILL BROOK,1255,Lead Based Paint,Lead Based Paint,29538040.92,29538040.92
MILL BROOK,1255,Plumbing,Building Drainage,161570.64,1492219.74
MILL BROOK,1255,Plumbing,Building Sewage System,,9530820
MILL BROOK,1255,Plumbing,Roof Tank,425660.62,425660.62
MILL BROOK,1255,Plumbing,Underground Hydronic Piping,5579275,5579275
MILL BROOK,1255,Roofs,Building Roof/Parapets/Misc,7544,7544
MILL BROOK,1255,Safety And Security,Additional Security,5031486.6,5031486.6
MILL BROOK,1255,Ventilation/Air Conditioning,Air Conditioning,,70173.59
MILL BROOK,1255,Ventilation/Air Conditioning,Building Ductwork,2359.62,2359.62
MILL BROOK,1255,Waste Management,Garbage Chute,33761.76,33761.76
MILL BROOK,1255,Waste Management,Waste Infrastructure,2472792.76,2472792.76
MILL BROOK EXTENSION,125,Apartments,Apartment 504 Access,200000,200000
MILL BROOK EXTENSION,125,Apartments,Apartment Bathroom,5732376.16,5732376.16
MILL BROOK EXTENSION,125,Apartments,Apartment Entrance Doors,815765,815765
MILL BROOK EXTENSION,125,Apartments,Apartment Kitchen,4755269.8,4755269.8
MILL BROOK EXTENSION,125,Apartments,Apartment Renovation,11884142,13417980.56
MILL BROOK EXTENSION,125,Building Exterior/Facade/Window,Brickwork,3335639.51,3335639.51
MILL BROOK EXTENSION,125,Building Exterior/Facade/Window,Building Windows,4935072.08,4935072.08
MILL BROOK EXTENSION,125,Building Exterior/Facade/Window,Entrances/Exits,100238.8,100238.8
MILL BROOK EXTENSION,125,Building Exterior/Facade/Window,Foundations,5538.2,5538.2
MILL BROOK EXTENSION,125,Common Areas/Lobbies,Building Common Area Finishes ,568707.33,568707.33
MILL BROOK EXTENSION,125,Common Areas/Lobbies,Interior Building Doors,415691.7,415691.7
MILL BROOK EXTENSION,125,Common Areas/Lobbies,Interior Building Stairs,3551.65,2259252.3
MILL BROOK EXTENSION,125,Elevators,Elevators,50509.78,3015411.13
MILL BROOK EXTENSION,125,Fire Protection,Standpipe System,30974.24,30974.24
MILL BROOK EXTENSION,125,Grounds,Building Exterior Walkways and Retaining Walls,17088.45,17088.45
MILL BROOK EXTENSION,125,Grounds,Open Spaces,,342678.5
MILL BROOK EXTENSION,125,Grounds,Paving - Non-Vehicular Area,77163.5,77163.5
MILL BROOK EXTENSION,125,Grounds,Site Fences,265515,265515
MILL BROOK EXTENSION,125,Grounds,Stairs / Ramps,31086.4,31086.4
MILL BROOK EXTENSION,125,Heating,Common Spaces Radiator / Convector / Baseboard,,43007.45
MILL BROOK EXTENSION,125,Heating,Decarbonization,8778607.24,8778607.24
MILL BROOK EXTENSION,125,Interior Electrical/Lighting,Electrical System,225998.6,469401.03
MILL BROOK EXTENSION,125,Interior Electrical/Lighting,Interior Lighting Fixture,449661.56,449661.56
MILL BROOK EXTENSION,125,Interior Electrical/Lighting,Telephone/Intercom,,74112.48
MILL BROOK EXTENSION,125,Lead Based Paint,Lead Based Paint,2573189.58,2573189.58
MILL BROOK EXTENSION,125,Plumbing,Building Drainage,14688.24,14688.24
MILL BROOK EXTENSION,125,Plumbing,Underground Hydronic Piping,223171,223171
MILL BROOK EXTENSION,125,Plumbing,Underground Natural Gas Piping,18485.6,18485.6
MILL BROOK EXTENSION,125,Roofs,Building Roof/Parapets/Misc,1067128.55,1067128.55
MILL BROOK EXTENSION,125,Safety And Security,Additional Security,745348.8,745348.8
MILL BROOK EXTENSION,125,Waste Management,Waste Infrastructure,96513.88,96513.88
MITCHEL,1732,Apartments,Apartment 504 Access,4000000,4000000
MITCHEL,1732,Apartments,Apartment Bathroom,82241106.36,82241106.36
MITCHEL,1732,Apartments,Apartment Entrance Doors,11303239.84,11303239.84
MITCHEL,1732,Apartments,Apartment Kitchen,66382032.45,66382032.45
MITCHEL,1732,Apartments,Apartment Renovation,123907780,134451050.6
MITCHEL,1732,Building Exterior/Facade/Window,Brickwork,34325087.01,34325087.01
MITCHEL,1732,Building Exterior/Facade/Window,Building Windows,61923026.27,61923026.27
MITCHEL,1732,Building Exterior/Facade/Window,Entrances/Exits,1042720.8,1042720.8
MITCHEL,1732,Building Exterior/Facade/Window,Foundations,40839.7,40839.7
MITCHEL,1732,Common Areas/Lobbies,Building Common Area Finishes ,9464296.55,9464296.55
MITCHEL,1732,Common Areas/Lobbies,Building Common Areas - Bathroom,1251985.9,2560880.25
MITCHEL,1732,Common Areas/Lobbies,Building Gymnasium,375015.07,375015.07
MITCHEL,1732,Common Areas/Lobbies,Building Locker Room and Shower,10490,10490
MITCHEL,1732,Common Areas/Lobbies,Interior Building Doors,5044872.45,5044872.45
MITCHEL,1732,Common Areas/Lobbies,Interior Building Stairs,1254.85,24563328.54
MITCHEL,1732,Common Areas/Lobbies,Non Residential Kitchen,3379656.52,3379656.52
MITCHEL,1732,Elevators,Elevators,29266273.8,29266273.8
MITCHEL,1732,Fire Protection,Standpipe System,145563.61,145563.61
MITCHEL,1732,Grounds,Building Exterior Walkways and Retaining Walls,312138.8,312138.8
MITCHEL,1732,Grounds,Lighting - Exterior Security,446136.72,469617.6
MITCHEL,1732,Grounds,Open Spaces,,6153981.17
MITCHEL,1732,Grounds,Parking Lot,9008196.5,9008196.5
MITCHEL,1732,Grounds,Paving - Non-Vehicular Area,2185812.55,2185812.55
MITCHEL,1732,Grounds,Playgrounds,85428,85428
MITCHEL,1732,Grounds,Site Fences,3710483.62,3710483.62
MITCHEL,1732,Grounds,Stairs / Ramps,538962.2,564521.4
MITCHEL,1732,Heating,Decarbonization,179213748.9,179213748.9
MITCHEL,1732,Interior Electrical/Lighting,Electrical System,2259986,8025918.53
MITCHEL,1732,Interior Electrical/Lighting,Emergency and Exit Lighting and Panels,24409.58,134632.78
MITCHEL,1732,Interior Electrical/Lighting,Interior Lighting Fixture,6747771.61,6787660.73
MITCHEL,1732,Lead Based Paint,Lead Based Paint,8605823.61,8605823.61
MITCHEL,1732,Plumbing,Building Drainage,190947.12,220323.6
MITCHEL,1732,Plumbing,Non Residential Spaces Plumbing Fixtures,3401.06,3401.06
MITCHEL,1732,Plumbing,Roof Tank,1211701.78,5110573.3
MITCHEL,1732,Plumbing,Underground Hydronic Piping,9819524,9819524
MITCHEL,1732,Plumbing,Underground Natural Gas Piping,2033416,2033416
MITCHEL,1732,Roofs,Building Roof/Parapets/Misc,5658,5658
MITCHEL,1732,Safety And Security,Additional Security,7934089.8,7934089.8
MITCHEL,1732,Safety And Security,CCTV,,280561.96
MITCHEL,1732,Safety And Security,Intrusion Alarm,,321969.87
MITCHEL,1732,Ventilation/Air Conditioning,Air Conditioning,30538.67,276615.11
MITCHEL,1732,Ventilation/Air Conditioning,Building Ductwork,6292.32,6292.32
MITCHEL,1732,Ventilation/Air Conditioning,Exhaust Fan,2890.8,2890.8
MITCHEL,1732,Waste Management,Garbage Chute,146002.08,146002.08
MITCHEL,1732,Waste Management,Waste Infrastructure,3811369.22,3811369.22
MONROE,1102,Apartments,Apartment 504 Access,2600000,2600000
MONROE,1102,Apartments,Apartment Bathroom,53301852.52,53301852.52
MONROE,1102,Apartments,Apartment Entrance Doors,7191784.24,7191784.24
MONROE,1102,Apartments,Apartment Kitchen,42183845,42183845
MONROE,1102,Apartments,Apartment Renovation,109291564,117913521.6
MONROE,1102,Building Exterior/Facade/Window,Brickwork,29867979.03,30667979.03
MONROE,1102,Building Exterior/Facade/Window,Entrances/Exits,1535809.45,1535809.45
MONROE,1102,Building Exterior/Facade/Window,Foundations,220567.7,220567.7
MONROE,1102,Common Areas/Lobbies,Building Common Area Finishes ,6646659.88,6646659.88
MONROE,1102,Common Areas/Lobbies,Building Common Areas - Bathroom,341450.7,1251985.9
MONROE,1102,Common Areas/Lobbies,Interior Building Doors,4878871.4,4878871.4
MONROE,1102,Common Areas/Lobbies,Interior Building Stairs,7560.83,22815200.69
MONROE,1102,Common Areas/Lobbies,Non Residential Kitchen,848968.96,1271058.98
MONROE,1102,Elevators,Elevators,35119528.56,35119528.56
MONROE,1102,Fire Protection,Fire Alarm,17336.47,196390.78
MONROE,1102,Fire Protection,Fire Sprinkler,11122,11122
MONROE,1102,Fire Protection,Standpipe System,140674.5,140674.5
MONROE,1102,Grounds,Building Exterior Walkways and Retaining Walls,496696.61,496696.61
MONROE,1102,Grounds,Fixed Site Equipment,11890.07,11890.07
MONROE,1102,Grounds,Lighting - Exterior Security,2036966.34,2036966.34
MONROE,1102,Grounds,Open Spaces,,3802236.29
MONROE,1102,Grounds,Parking Lot,4214752.6,4214752.6
MONROE,1102,Grounds,Paving - Non-Vehicular Area,6676728.25,6676728.25
MONROE,1102,Grounds,Playgrounds,,883989.96
MONROE,1102,Grounds,Site Fences,7009596,7009596
MONROE,1102,Grounds,Site Lighting,416185,416185
MONROE,1102,Grounds,Site Walls (Not Retaining Walls),174.2,174.2
MONROE,1102,Grounds,Stairs / Ramps,695375.5,987069.87
MONROE,1102,Heating,Building Steam Piping,950574.56,29281647.76
MONROE,1102,Heating,Common Spaces Radiator / Convector / Baseboard,244133.96,1233305.31
MONROE,1102,Heating,Decarbonization,26280164.27,26280164.27
MONROE,1102,Heating,Heating System,20729026.49,21216284.51
MONROE,1102,Heating,Underground Steam and Condensate Return Piping,3347565,3347565
MONROE,1102,Interior Electrical/Lighting,Electrical System,1372931.64,19309541.08
MONROE,1102,Interior Electrical/Lighting,Emergency and Exit Lighting and Panels,63722.98,63722.98
MONROE,1102,Interior Electrical/Lighting,Interior Lighting Fixture,4733372.87,4733372.87
MONROE,1102,Interior Electrical/Lighting,Public Address System,21667.7,21667.7
MONROE,1102,Interior Electrical/Lighting,Telephone/Intercom,74112.48,1037574.72
MONROE,1102,Lead Based Paint,Lead Based Paint,16832425.27,16832425.27
MONROE,1102,Plumbing,Building Drainage,230348.75,230348.75
MONROE,1102,Plumbing,Building Sewage System,392423.22,392423.22
MONROE,1102,Plumbing,Domestic Water System,42132.51,42132.51
MONROE,1102,Plumbing,Gas Risers,29790.98,29790.98
MONROE,1102,Plumbing,Non Residential Spaces Plumbing Fixtures,11466.12,11466.12
MONROE,1102,Plumbing,Roof Tank,2194906.11,2194906.11
MONROE,1102,Plumbing,Underground Hydronic Piping,3347565,3347565
MONROE,1102,Roofs,Building Roof/Parapets/Misc,16707885.79,16707885.79
MONROE,1102,Safety And Security,Additional Security,7566090,7566090
MONROE,1102,Safety And Security,Intrusion Alarm,536616.45,536616.45
MONROE,1102,Ventilation/Air Conditioning,Air Conditioning,14872.23,14872.23
MONROE,1102,Ventilation/Air Conditioning,Building Ductwork,0,0
MONROE,1102,Ventilation/Air Conditioning,Exhaust Fan,27953.23,27953.23
MONROE,1102,Ventilation/Air Conditioning,Other Fans,0,0
MONROE,1102,Waste Management,Garbage Chute,16454.88,16454.88
MONROE,1102,Waste Management,Waste Infrastructure,3589107.67,3589107.67
MOORE,463,Apartments,Apartment 504 Access,1000000,1000000
MOORE,463,Apartments,Apartment Bathroom,22282300.88,22282300.88
MOORE,463,Apartments,Apartment Entrance Doors,3021593.56,3021593.56
MOORE,463,Apartments,Apartment Kitchen,17717214.9,17717214.9
MOORE,463,Apartments,Apartment Renovation,39548745.76,41737370.1
MOORE,463,Building Exterior/Facade/Window,Brickwork,7127230.09,7127230.09
MOORE,463,Building Exterior/Facade/Window,Building Windows,16753184.35,16753184.35
MOORE,463,Building Exterior/Facade/Window,Entrances/Exits,314230.52,314230.52
MOORE,463,Building Exterior/Facade/Window,Foundations,11546.7,11546.7
MOORE,463,Common Areas/Lobbies,Building Common Area Finishes ,1553260.18,1553260.18
MOORE,463,Common Areas/Lobbies,Building Common Areas - Bathroom,,284542.25
MOORE,463,Common Areas/Lobbies,Interior Building Doors,2292982,2292982
MOORE,463,Common Areas/Lobbies,Interior Building Stairs,,10150652.9
MOORE,463,Common Areas/Lobbies,Non Residential Kitchen,422090.02,422090.02
MOORE,463,Elevators,Elevators,11706509.52,11706509.52
MOORE,463,Fire Protection,Fire Alarm,,179054.31
MOORE,463,Fire Protection,Standpipe System,98525.6,98525.6
MOORE,463,Grounds,Building Exterior Walkways and Retaining Walls,146495.6,146495.6
MOORE,463,Grounds,Lighting - Exterior Security,246549.24,246549.24
MOORE,463,Grounds,Open Spaces,,0
MOORE,463,Grounds,Parking Lot,275529,275529
MOORE,463,Grounds,Paving - Non-Vehicular Area,425442,425442
MOORE,463,Grounds,Playgrounds,71190,71190
MOORE,463,Grounds,Site Fences,3540200,3540200
MOORE,463,Grounds,Site Lighting,361900,361900
MOORE,463,Grounds,Stairs / Ramps,129395.8,129395.8
MOORE,463,Heating,Common Spaces Radiator / Convector / Baseboard,,240841.72
MOORE,463,Heating,Decarbonization,32586802.08,32586802.08
MOORE,463,Interior Electrical/Lighting,Electrical System,1881439.44,3943069.85
MOORE,463,Interior Electrical/Lighting,Emergency and Exit Lighting and Panels,20733.26,20733.26
MOORE,463,Interior Electrical/Lighting,Interior Lighting Fixture,1397665.51,1397665.51
MOORE,463,Lead Based Paint,Lead Based Paint,3273638.46,3273638.46
MOORE,463,Plumbing,Building Drainage,29376.48,29376.48
MOORE,463,Plumbing,Building Sewage System,78733.84,78733.84
MOORE,463,Plumbing,Roof Tank,163646.9,163646.9
MOORE,463,Plumbing,Underground Hydronic Piping,446342,446342
MOORE,463,Plumbing,Underground Natural Gas Piping,92428,92428
MOORE,463,Safety And Security,Additional Security,2308370.4,2308370.4
MOORE,463,Safety And Security,CCTV,,280561.96
MOORE,463,Safety And Security,Intrusion Alarm,,214646.58
MOORE,463,Waste Management,Garbage Chute,113368.8,113368.8
MOORE,463,Waste Management,Waste Infrastructure,2276050.95,2276050.95
MORRIS I,1085,Apartments,Apartment 504 Access,2600000,2600000
MORRIS I,1085,Apartments,Apartment Bathroom,51498927.76,51498927.76
MORRIS I,1085,Apartments,Apartment Entrance Doors,7080840.2,7080840.2
MORRIS I,1085,Apartments,Apartment Kitchen,41416866,41416866
MORRIS I,1085,Apartments,Apartment Renovation,107887815.8,120596635
MORRIS I,1085,Building Exterior/Facade/Window,Brickwork,34205834.99,34205834.99
MORRIS I,1085,Building Exterior/Facade/Window,Building Windows,38876446.71,38876446.71
MORRIS I,1085,Building Exterior/Facade/Window,Entrances/Exits,872293.09,872293.09
MORRIS I,1085,Building Exterior/Facade/Window,Foundations,58991.4,58991.4
MORRIS I,1085,Common Areas/Lobbies,Building Common Area Finishes ,6047151.58,6047151.58
MORRIS I,1085,Common Areas/Lobbies,Building Common Areas - Bathroom,1081260.55,1821070.4
MORRIS I,1085,Common Areas/Lobbies,Building Gymnasium,412390.3,412390.3
MORRIS I,1085,Common Areas/Lobbies,Building Locker Room and Shower,13846.8,13846.8
MORRIS I,1085,Common Areas/Lobbies,Interior Building Doors,5024287,5024287
MORRIS I,1085,Common Areas/Lobbies,Interior Building Stairs,9825.93,24133291.16
MORRIS I,1085,Common Areas/Lobbies,Non Residential Kitchen,3376720.16,3376720.16
MORRIS I,1085,Elevators,Elevators,29266273.8,29266273.8
MORRIS I,1085,Fire Protection,Fire Alarm,,175669.98
MORRIS I,1085,Fire Protection,Standpipe System,88673.04,88673.04
MORRIS I,1085,Grounds,Building Exterior Walkways and Retaining Walls,300141.76,313193.76
MORRIS I,1085,Grounds,Fixed Site Equipment,48292.35,48292.35
MORRIS I,1085,Grounds,Lighting - Exterior Security,857052.12,857052.12
MORRIS I,1085,Grounds,Open Spaces,,6720888
MORRIS I,1085,Grounds,Parking Lot,3165863.95,3165863.95
MORRIS I,1085,Grounds,Paving - Non-Vehicular Area,2302392,2302392
MORRIS I,1085,Grounds,Site Fences,4106632,4106632
MORRIS I,1085,Grounds,Site Lighting,307615,307615
MORRIS I,1085,Grounds,Site Walls (Not Retaining Walls),481.6,481.6
MORRIS I,1085,Grounds,Stairs / Ramps,120061.75,481113.4
MORRIS I,1085,Heating,Building Steam Piping,,69882120.5
MORRIS I,1085,Heating,Common Spaces Radiator / Convector / Baseboard,8601.49,679517.71
MORRIS I,1085,Heating,Decarbonization,0,0
MORRIS I,1085,Heating,Heating System,84713.19,28044133.34
MORRIS I,1085,Heating,Underground Steam and Condensate Return Piping,,3952744
MORRIS I,1085,Interior Electrical/Lighting,Electrical System,2154045.05,6531708.27
MORRIS I,1085,Interior Electrical/Lighting,Emergency and Exit Lighting and Panels,35195.39,102881.91
MORRIS I,1085,Interior Electrical/Lighting,Interior Lighting Fixture,4775047.36,4775047.36
MORRIS I,1085,Lead Based Paint,Lead Based Paint,1499096.94,1499096.94
MORRIS I,1085,Plumbing,Building Drainage,220323.6,220323.6
MORRIS I,1085,Plumbing,Domestic Hot Water System,119072.96,956154.26
MORRIS I,1085,Plumbing,Roof Tank,2194906.11,2194906.11
MORRIS I,1085,Plumbing,Underground Hydronic Piping,,6695130
MORRIS I,1085,Plumbing,Underground Natural Gas Piping,,1293992
MORRIS I,1085,Roofs,Building Roof/Parapets/Misc,11028813.99,11028813.99
MORRIS I,1085,Safety And Security,Additional Security,5109220.2,5109220.2
MORRIS I,1085,Safety And Security,CCTV,,3366743.52
MORRIS I,1085,Ventilation/Air Conditioning,Air Conditioning,65955.92,65955.92
MORRIS I,1085,Ventilation/Air Conditioning,Building Ductwork,786.54,786.54
MORRIS I,1085,Waste Management,Garbage Chute,21450.96,21450.96
MORRIS I,1085,Waste Management,Waste Infrastructure,2275836.64,2275836.64
MORRIS II,802,Apartments,Apartment 504 Access,1800000,1800000
MORRIS II,802,Apartments,Apartment Bathroom,39479429.36,39479429.36
MORRIS II,802,Apartments,Apartment Entrance Doors,5233948.24,5233948.24
MORRIS II,802,Apartments,Apartment Kitchen,30679160,30679160
MORRIS II,802,Apartments,Apartment Renovation,76663466.02,77366132.4
MORRIS II,802,Building Exterior/Facade/Window,Brickwork,19597680.76,20397680.76
MORRIS II,802,Building Exterior/Facade/Window,Building Windows,26218961.11,26218961.11
MORRIS II,802,Building Exterior/Facade/Window,Entrances/Exits,600134.69,600134.69
MORRIS II,802,Building Exterior/Facade/Window,Foundations,124400.2,124400.2
MORRIS II,802,Common Areas/Lobbies,Building Common Area Finishes ,3515594.65,3515594.65
MORRIS II,802,Common Areas/Lobbies,Building Common Areas - Bathroom,,170725.35
MORRIS II,802,Common Areas/Lobbies,Interior Building Doors,2984103.75,2984103.75
MORRIS II,802,Common Areas/Lobbies,Interior Building Stairs,236.78,16354066.45
MORRIS II,802,Common Areas/Lobbies,Non Residential Kitchen,1266270.06,1266270.06
MORRIS II,802,Elevators,Elevators,20486391.66,20486391.66
MORRIS II,802,Fire Protection,Standpipe System,146214.57,146214.57
MORRIS II,802,Grounds,Building Exterior Walkways and Retaining Walls,223741.23,223741.23
MORRIS II,802,Grounds,Fixed Site Equipment,20412.72,20412.72
MORRIS II,802,Grounds,Lighting - Exterior Security,557670.9,557670.9
MORRIS II,802,Grounds,Open Spaces,,6137197.97
MORRIS II,802,Grounds,Parking Lot,1912815,1912815
MORRIS II,802,Grounds,Paving - Non-Vehicular Area,2356615,2356615
MORRIS II,802,Grounds,Site Fences,3540200,3540200
MORRIS II,802,Grounds,Site Lighting,379995,379995
MORRIS II,802,Grounds,Site Walls (Not Retaining Walls),2408,2408
MORRIS II,802,Grounds,Stairs / Ramps,126197.4,401062.35
MORRIS II,802,Grounds,Storm Piping,10060.44,10060.44
MORRIS II,802,Heating,Building Steam Piping,4844323.85,55309873.95
MORRIS II,802,Heating,Common Spaces Radiator / Convector / Baseboard,411.53,155238.35
MORRIS II,802,Heating,Decarbonization,0,0
MORRIS II,802,Heating,Steam Fan Coil Unit,11905.57,11905.57
MORRIS II,802,Heating,Underground Steam and Condensate Return Piping,,3557469.6
MORRIS II,802,Interior Electrical/Lighting,Electrical System,2154045.05,3934136.04
MORRIS II,802,Interior Electrical/Lighting,Interior Lighting Fixture,3163787.04,3163787.04
MORRIS II,802,Lead Based Paint,Lead Based Paint,802000,802000
MORRIS II,802,Plumbing,Building Drainage,196546.87,196546.87
MORRIS II,802,Plumbing,Domestic Hot Water System,112158.83,644846.93
MORRIS II,802,Plumbing,Gas Risers,3236.53,3236.53
MORRIS II,802,Plumbing,Roof Tank,605850.89,2555286.65
MORRIS II,802,Plumbing,Underground Hydronic Piping,,1339026
MORRIS II,802,Plumbing,Underground Natural Gas Piping,,388197.6
MORRIS II,802,Roofs,Building Roof/Parapets/Misc,6728640.69,6728640.69
MORRIS II,802,Safety And Security,Additional Security,4352552.4,4352552.4
MORRIS II,802,Safety And Security,CCTV,,1963933.72
MORRIS II,802,Ventilation/Air Conditioning,Building Ductwork,114048.3,114048.3
MORRIS II,802,Ventilation/Air Conditioning,Exhaust Fan,1445.4,1445.4
MORRIS II,802,Waste Management,Waste Infrastructure,2849646.07,2849646.07
MORRIS PARK SENIOR CITIZENS HOME,97,Apartments,Apartment 504 Access,200000,200000
MORRIS PARK SENIOR CITIZENS HOME,97,Apartments,Apartment Bathroom,4669112.84,4669112.84
MORRIS PARK SENIOR CITIZENS HOME,97,Apartments,Apartment Entrance Doors,633033.64,633033.64
MORRIS PARK SENIOR CITIZENS HOME,97,Apartments,Apartment Kitchen,3681499.2,3681499.2
MORRIS PARK SENIOR CITIZENS HOME,97,Apartments,Apartment Renovation,4952174.39,5275525.39
MORRIS PARK SENIOR CITIZENS HOME,97,Building Exterior/Facade/Window,Brickwork,2816731.55,2816731.55
MORRIS PARK SENIOR CITIZENS HOME,97,Building Exterior/Facade/Window,Building Windows,1580187.37,1580187.37
MORRIS PARK SENIOR CITIZENS HOME,97,Building Exterior/Facade/Window,Entrances/Exits,70458.26,70458.26
MORRIS PARK SENIOR CITIZENS HOME,97,Building Exterior/Facade/Window,Foundations,9522.5,9522.5
MORRIS PARK SENIOR CITIZENS HOME,97,Common Areas/Lobbies,Building Common Area Finishes ,481919.19,481919.19
MORRIS PARK SENIOR CITIZENS HOME,97,Common Areas/Lobbies,Building Common Areas - Bathroom,,113816.9
MORRIS PARK SENIOR CITIZENS HOME,97,Common Areas/Lobbies,Interior Building Doors,252434.55,252434.55
MORRIS PARK SENIOR CITIZENS HOME,97,Common Areas/Lobbies,Interior Building Stairs,,1190508.67
MORRIS PARK SENIOR CITIZENS HOME,97,Common Areas/Lobbies,Non Residential Kitchen,422090.02,422090.02
MORRIS PARK SENIOR CITIZENS HOME,97,Elevators,Elevators,2926627.38,2926627.38
MORRIS PARK SENIOR CITIZENS HOME,97,Grounds,Building Exterior Walkways and Retaining Walls,,27409.2
MORRIS PARK SENIOR CITIZENS HOME,97,Grounds,Lighting - Exterior Security,117404.4,117404.4
MORRIS PARK SENIOR CITIZENS HOME,97,Grounds,Open Spaces,,0
MORRIS PARK SENIOR CITIZENS HOME,97,Grounds,Paving - Non-Vehicular Area,102606.6,102606.6
MORRIS PARK SENIOR CITIZENS HOME,97,Grounds,Site Fences,60183.4,60183.4
MORRIS PARK SENIOR CITIZENS HOME,97,Grounds,Stairs / Ramps,,22591.1
MORRIS PARK SENIOR CITIZENS HOME,97,Heating,Common Spaces Radiator / Convector / Baseboard,,25804.47
MORRIS PARK SENIOR CITIZENS HOME,97,Heating,Decarbonization,4511712.78,4511712.78
MORRIS PARK SENIOR CITIZENS HOME,97,Interior Electrical/Lighting,Electrical System,1315031.27,5461975.19
MORRIS PARK SENIOR CITIZENS HOME,97,Interior Electrical/Lighting,Emergency and Exit Lighting and Panels,,21788.56
MORRIS PARK SENIOR CITIZENS HOME,97,Interior Electrical/Lighting,Interior Lighting Fixture,363588.42,363588.42
MORRIS PARK SENIOR CITIZENS HOME,97,Interior Electrical/Lighting,Telephone/Intercom,,74112.48
MORRIS PARK SENIOR CITIZENS HOME,97,Lead Based Paint,Lead Based Paint,705928.74,705928.74
MORRIS PARK SENIOR CITIZENS HOME,97,Plumbing,Building Drainage,14688.24,14688.24
MORRIS PARK SENIOR CITIZENS HOME,97,Plumbing,Domestic Hot Water System,7442.06,7442.06
MORRIS PARK SENIOR CITIZENS HOME,97,Plumbing,Roof Tank,1138364.78,1138364.78
MORRIS PARK SENIOR CITIZENS HOME,97,Plumbing,Underground Hydronic Piping,,178536.8
MORRIS PARK SENIOR CITIZENS HOME,97,Plumbing,Underground Natural Gas Piping,,69321
MORRIS PARK SENIOR CITIZENS HOME,97,Roofs,Building Roof/Parapets/Misc,951548.64,951548.64
MORRIS PARK SENIOR CITIZENS HOME,97,Safety And Security,Additional Security,745348.8,745348.8
MORRIS PARK SENIOR CITIZENS HOME,97,Ventilation/Air Conditioning,Air Conditioning,0,0
MORRIS PARK SENIOR CITIZENS HOME,97,Waste Management,Waste Infrastructure,84940.69,84940.69
MORRISANIA,206,Apartments,Apartment 504 Access,400000,400000
MORRISANIA,206,Apartments,Apartment Bathroom,10262802.48,10262802.48
MORRISANIA,206,Apartments,Apartment Entrance Doors,1344380.72,1344380.72
MORRISANIA,206,Apartments,Apartment Kitchen,7823185.8,7823185.8
MORRISANIA,206,Apartments,Apartment Renovation,20601799.09,20947821.91
MORRISANIA,206,Building Exterior/Facade/Window,Brickwork,7836262.3,7836262.3
MORRISANIA,206,Building Exterior/Facade/Window,Building Windows,8293228.93,8293228.93
MORRISANIA,206,Building Exterior/Facade/Window,Entrances/Exits,173786.8,173786.8
MORRISANIA,206,Building Exterior/Facade/Window,Foundations,16259.3,16259.3
MORRISANIA,206,Common Areas/Lobbies,Building Common Area Finishes ,1155532.63,1155532.63
MORRISANIA,206,Common Areas/Lobbies,Building Common Areas - Bathroom,,170725.35
MORRISANIA,206,Common Areas/Lobbies,Interior Building Doors,839099.15,839099.15
MORRISANIA,206,Common Areas/Lobbies,Interior Building Stairs,3298.31,3136215.87
MORRISANIA,206,Elevators,Elevators,5853254.76,5853254.76
MORRISANIA,206,Fire Protection,Fire Sprinkler,0,0
MORRISANIA,206,Fire Protection,Standpipe System,30974.24,30974.24
MORRISANIA,206,Grounds,Building Exterior Walkways and Retaining Walls,31076.48,31076.48
MORRISANIA,206,Grounds,Lighting - Exterior Security,164366.16,164366.16
MORRISANIA,206,Grounds,Open Spaces,,1334211.84
MORRISANIA,206,Grounds,Paving - Non-Vehicular Area,646505,646505
MORRISANIA,206,Grounds,Playgrounds,125294.4,125294.4
MORRISANIA,206,Grounds,Site Fences,542358.64,542358.64
MORRISANIA,206,Grounds,Site Lighting,63332.5,63332.5
MORRISANIA,206,Grounds,Stairs / Ramps,101444.1,101444.1
MORRISANIA,206,Heating,Building Steam Piping,11025700,11114218.84
MORRISANIA,206,Heating,Common Spaces Radiator / Convector / Baseboard,,86014.9
MORRISANIA,206,Heating,Decarbonization,0,0
MORRISANIA,206,Heating,Steam Fan Coil Unit,23811.14,23811.14
MORRISANIA,206,Heating,Underground Steam and Condensate Return Piping,988186,988186
MORRISANIA,206,Interior Electrical/Lighting,Electrical System,1279717.62,2441188.95
MORRISANIA,206,Interior Electrical/Lighting,Emergency and Exit Lighting and Panels,1675.17,1675.17
MORRISANIA,206,Interior Electrical/Lighting,Interior Lighting Fixture,662703.36,662703.36
MORRISANIA,206,Lead Based Paint,Lead Based Paint,1602412.92,1602412.92
MORRISANIA,206,Plumbing,Building Drainage,58752.96,58752.96
MORRISANIA,206,Plumbing,Domestic Hot Water System,14884.12,167080.72
MORRISANIA,206,Plumbing,Underground Hydronic Piping,446342,446342
MORRISANIA,206,Plumbing,Underground Natural Gas Piping,184856,184856
MORRISANIA,206,Roofs,Building Roof/Parapets/Misc,1847309.5,1847309.5
MORRISANIA,206,Safety And Security,Additional Security,1521038.4,1521038.4
MORRISANIA,206,Waste Management,Waste Infrastructure,2117742.77,2117742.77
MORRISANIA AIR RIGHTS,843,Apartments,Apartment 504 Access,2000000,2000000
MORRISANIA AIR RIGHTS,843,Apartments,Apartment Bathroom,40681379.2,40681379.2
MORRISANIA AIR RIGHTS,843,Apartments,Apartment Entrance Doors,5501519.16,5501519.16
MORRISANIA AIR RIGHTS,843,Apartments,Apartment Kitchen,32251466.95,32251466.95
MORRISANIA AIR RIGHTS,843,Apartments,Apartment Renovation,76921104.03,81538744.42
MORRISANIA AIR RIGHTS,843,Building Exterior/Facade/Window,Brickwork,555,1200555
MORRISANIA AIR RIGHTS,843,Building Exterior/Facade/Window,Building Windows,19329658.82,19329658.82
MORRISANIA AIR RIGHTS,843,Building Exterior/Facade/Window,Entrances/Exits,519088.78,519088.78
MORRISANIA AIR RIGHTS,843,Building Exterior/Facade/Window,Foundations,10383.8,10383.8
MORRISANIA AIR RIGHTS,843,Common Areas/Lobbies,Building Common Area Finishes ,7716362.49,7716362.49
MORRISANIA AIR RIGHTS,843,Common Areas/Lobbies,Building Common Areas - Bathroom,398359.15,625992.95
MORRISANIA AIR RIGHTS,843,Common Areas/Lobbies,Interior Building Doors,2756498.1,2756498.1
MORRISANIA AIR RIGHTS,843,Common Areas/Lobbies,Interior Building Stairs,,12594328.6
MORRISANIA AIR RIGHTS,843,Common Areas/Lobbies,Non Residential Kitchen,1269206.42,1269206.42
MORRISANIA AIR RIGHTS,843,Elevators,Elevators,19023077.97,19023077.97
MORRISANIA AIR RIGHTS,843,Fire Protection,Fire Alarm,83854.53,259524.51
MORRISANIA AIR RIGHTS,843,Grounds,Building Exterior Walkways and Retaining Walls,65738.4,65738.4
MORRISANIA AIR RIGHTS,843,Grounds,Fixed Site Equipment,13072.62,13072.62
MORRISANIA AIR RIGHTS,843,Grounds,Landscaping,474.25,474.25
MORRISANIA AIR RIGHTS,843,Grounds,Lighting - Exterior Security,164366.16,164366.16
MORRISANIA AIR RIGHTS,843,Grounds,Open Spaces,,4930988.97
MORRISANIA AIR RIGHTS,843,Grounds,Parking Lot,463335,463335
MORRISANIA AIR RIGHTS,843,Grounds,Paving - Non-Vehicular Area,625650,625650
MORRISANIA AIR RIGHTS,843,Grounds,Playgrounds,651151.2,651151.2
MORRISANIA AIR RIGHTS,843,Grounds,Site Fences,3540200,3540200
MORRISANIA AIR RIGHTS,843,Grounds,Site Lighting,235235,235235
MORRISANIA AIR RIGHTS,843,Grounds,Stairs / Ramps,95515.1,144572.6
MORRISANIA AIR RIGHTS,843,Heating,Common Spaces Radiator / Convector / Baseboard,,447277.48
MORRISANIA AIR RIGHTS,843,Heating,Decarbonization,59191145.9,59191145.9
MORRISANIA AIR RIGHTS,843,Interior Electrical/Lighting,Electrical System,,8160769.27
MORRISANIA AIR RIGHTS,843,Interior Electrical/Lighting,Emergency and Exit Lighting and Panels,18437.24,52544.56
MORRISANIA AIR RIGHTS,843,Interior Electrical/Lighting,Emergency Generator Set,,242951.93
MORRISANIA AIR RIGHTS,843,Interior Electrical/Lighting,Interior Lighting Fixture,3537014.64,3537014.64
MORRISANIA AIR RIGHTS,843,Interior Electrical/Lighting,Transformer,318897.26,318897.26
MORRISANIA AIR RIGHTS,843,Lead Based Paint,Lead Based Paint,0,0
MORRISANIA AIR RIGHTS,843,Plumbing,Building Drainage,73441.2,73441.2
MORRISANIA AIR RIGHTS,843,Plumbing,Roof Tank,3496917.79,3496917.79
MORRISANIA AIR RIGHTS,843,Roofs,Building Roof/Parapets/Misc,9402462.92,9402462.92
MORRISANIA AIR RIGHTS,843,Safety And Security,Additional Security,6117405,6117405
MORRISANIA AIR RIGHTS,843,Safety And Security,CCTV,,841685.88
MORRISANIA AIR RIGHTS,843,Safety And Security,Intrusion Alarm,,429293.16
MORRISANIA AIR RIGHTS,843,Ventilation/Air Conditioning,Air Conditioning,8876.04,21721.96
MORRISANIA AIR RIGHTS,843,Waste Management,Garbage Chute,13736.76,13736.76
MORRISANIA AIR RIGHTS,843,Waste Management,Waste Infrastructure,1907140.91,1907140.91
MOTT HAVEN,993,Apartments,Apartment 504 Access,2400000,2400000
MOTT HAVEN,993,Apartments,Apartment Bathroom,49742231.84,49742231.84
MOTT HAVEN,993,Apartments,Apartment Entrance Doors,6480437.16,6480437.16
MOTT HAVEN,993,Apartments,Apartment Kitchen,37927111.55,37927111.55
MOTT HAVEN,993,Apartments,Apartment Renovation,93093340.62,103937331.7
MOTT HAVEN,993,Building Exterior/Facade/Window,Brickwork,24230032.06,24630032.06
MOTT HAVEN,993,Building Exterior/Facade/Window,Building Windows,35802590.9,35973933.14
MOTT HAVEN,993,Building Exterior/Facade/Window,Entrances/Exits,879509.43,879509.43
MOTT HAVEN,993,Building Exterior/Facade/Window,Foundations,73072.1,73072.1
MOTT HAVEN,993,Common Areas/Lobbies,Building Common Area Finishes ,5190038.46,5190038.46
MOTT HAVEN,993,Common Areas/Lobbies,Building Common Areas - Bathroom,,1308894.35
MOTT HAVEN,993,Common Areas/Lobbies,Building Gymnasium,103953.86,103953.86
MOTT HAVEN,993,Common Areas/Lobbies,Interior Building Doors,4381718.05,4381718.05
MOTT HAVEN,993,Common Areas/Lobbies,Interior Building Stairs,18989.19,28089930.55
MOTT HAVEN,993,Common Areas/Lobbies,Non Residential Kitchen,1266270.06,1266270.06
MOTT HAVEN,993,Elevators,Elevators,23413019.04,23413019.04
MOTT HAVEN,993,Fire Protection,Fire Alarm,,169218.48
MOTT HAVEN,993,Grounds,Building Exterior Walkways and Retaining Walls,267758.84,269325.08
MOTT HAVEN,993,Grounds,Lighting - Exterior Security,15177.37,226505.29
MOTT HAVEN,993,Grounds,Open Spaces,,8759607.89
MOTT HAVEN,993,Grounds,Parking Lot,1477385.35,1477385.35
MOTT HAVEN,993,Grounds,Paving - Non-Vehicular Area,3567206.04,3567206.04
MOTT HAVEN,993,Grounds,Playgrounds,396291,396291
MOTT HAVEN,993,Grounds,Site Fences,4430560.3,4430560.3
MOTT HAVEN,993,Grounds,Site Lighting,280472.5,280472.5
MOTT HAVEN,993,Grounds,Stairs / Ramps,715318.05,981079.85
MOTT HAVEN,993,Heating,Building Steam Piping,,49234218.66
MOTT HAVEN,993,Heating,Common Spaces Radiator / Convector / Baseboard,,670916.22
MOTT HAVEN,993,Heating,Decarbonization,0,0
MOTT HAVEN,993,Heating,Heating System,8515.62,14109645.6
MOTT HAVEN,993,Heating,Steam Fan Coil Unit,23811.14,23811.14
MOTT HAVEN,993,Heating,Underground Steam and Condensate Return Piping,,2964558
MOTT HAVEN,993,Interior Electrical/Lighting,Electrical System,2758590.21,6033903.44
MOTT HAVEN,993,Interior Electrical/Lighting,Emergency and Exit Lighting and Panels,7227.35,48823.65
MOTT HAVEN,993,Interior Electrical/Lighting,Interior Lighting Fixture,3568353.85,3568353.85
MOTT HAVEN,993,Interior Electrical/Lighting,PA System,,21667.7
MOTT HAVEN,993,Interior Electrical/Lighting,Public Address System,,21667.7
MOTT HAVEN,993,Lead Based Paint,Lead Based Paint,3844985.37,3844985.37
MOTT HAVEN,993,Plumbing,Building Drainage,293764.8,293764.8
MOTT HAVEN,993,Plumbing,Building Sewage System,78733.84,78733.84
MOTT HAVEN,993,Plumbing,Domestic Hot Water System,119072.96,1397956.76
MOTT HAVEN,993,Plumbing,Roof Tank,245470.35,245470.35
MOTT HAVEN,993,Plumbing,Underground Hydronic Piping,,8257327
MOTT HAVEN,993,Plumbing,Underground Natural Gas Piping,,1571276
MOTT HAVEN,993,Safety And Security,Additional Security,6208221.6,6208221.6
MOTT HAVEN,993,Safety And Security,CCTV,,2805619.6
MOTT HAVEN,993,Ventilation/Air Conditioning,Air Conditioning,234110.84,234110.84
MOTT HAVEN,993,Ventilation/Air Conditioning,Building Ductwork,2359.62,2359.62
MOTT HAVEN,993,Ventilation/Air Conditioning,Exhaust Fan,1445.4,1445.4
MOTT HAVEN,993,Waste Management,Garbage Chute,62715.12,62715.12
MOTT HAVEN,993,Waste Management,Waste Infrastructure,2878579.04,2878579.04
NEW LANE AREA,277,Apartments,Apartment 504 Access,600000,600000
NEW LANE AREA,277,Apartments,Apartment Bathroom,12759159.84,12759159.84
NEW LANE AREA,277,Apartments,Apartment Entrance Doors,1807735.24,1807735.24
NEW LANE AREA,277,Apartments,Apartment Kitchen,10584310.2,10584310.2
NEW LANE AREA,277,Apartments,Apartment Renovation,17357231.87,18522219.33
NEW LANE AREA,277,Building Exterior/Facade/Window,Brickwork,2819506.55,2819506.55
NEW LANE AREA,277,Building Exterior/Facade/Window,Building Loading Dock,1631.5,1631.5
NEW LANE AREA,277,Building Exterior/Facade/Window,Entrances/Exits,138143.96,138143.96
NEW LANE AREA,277,Common Areas/Lobbies,Building Common Area Finishes ,2575255.39,2575255.39
NEW LANE AREA,277,Common Areas/Lobbies,Building Common Areas - Bathroom,227633.8,227633.8
NEW LANE AREA,277,Common Areas/Lobbies,Interior Building Doors,721772.3,721772.3
NEW LANE AREA,277,Common Areas/Lobbies,Interior Building Stairs,1882.27,2633533.03
NEW LANE AREA,277,Common Areas/Lobbies,Non Residential Kitchen,844180.04,844180.04
NEW LANE AREA,277,Elevators,Elevators,5853254.76,5853254.76
NEW LANE AREA,277,Grounds,Building Exterior Walkways and Retaining Walls,3688.2,3688.2
NEW LANE AREA,277,Grounds,Landscaping,1720,1720
NEW LANE AREA,277,Grounds,Lighting - Exterior Security,270030.12,270030.12
NEW LANE AREA,277,Grounds,Open Spaces,,0
NEW LANE AREA,277,Grounds,Parking Lot,1461854.3,1461854.3
NEW LANE AREA,277,Grounds,Paving - Non-Vehicular Area,688215,688215
NEW LANE AREA,277,Grounds,Site Fences,690339,690339
NEW LANE AREA,277,Grounds,Site Lighting,72380,72380
NEW LANE AREA,277,Grounds,Site Walls (Not Retaining Walls),1600.7,1600.7
NEW LANE AREA,277,Grounds,Stairs / Ramps,46284.3,118235.3
NEW LANE AREA,277,Heating,Decarbonization,28591326.41,28591326.41
NEW LANE AREA,277,Interior Electrical/Lighting,Electrical System,,1657758.19
NEW LANE AREA,277,Interior Electrical/Lighting,Emergency and Exit Lighting and Panels,,457089.34
NEW LANE AREA,277,Interior Electrical/Lighting,Interior Lighting Fixture,966133.36,966133.36
NEW LANE AREA,277,Lead Based Paint,Lead Based Paint,0,0
NEW LANE AREA,277,Plumbing,Building Drainage,,29376.48
NEW LANE AREA,277,Plumbing,Domestic Water System,,75111.02
NEW LANE AREA,277,Safety And Security,Additional Security,964525.8,964525.8
NEW LANE AREA,277,Ventilation/Air Conditioning,Exhaust Fan,1445.4,1445.4
NEW LANE AREA,277,Waste Management,Waste Infrastructure,2032802.08,2032802.08
NOSTRAND,1148,Apartments,Apartment 504 Access,2600000,2600000
NOSTRAND,1148,Apartments,Apartment Bathroom,53024479.48,53024479.48
NOSTRAND,1148,Apartments,Apartment Entrance Doors,7491985.76,7491985.76
NOSTRAND,1148,Apartments,Apartment Kitchen,43986245.65,43986245.65
NOSTRAND,1148,Apartments,Apartment Renovation,85273022.89,98476165.46
NOSTRAND,1148,Building Exterior/Facade/Window,Brickwork,1004.8,6401004.8
NOSTRAND,1148,Building Exterior/Facade/Window,Building Windows,46378959.41,46378959.41
NOSTRAND,1148,Building Exterior/Facade/Window,Entrances/Exits,1851223.14,1851223.14
NOSTRAND,1148,Building Exterior/Facade/Window,Foundations,1266585.1,1266585.1
NOSTRAND,1148,Common Areas/Lobbies,Building Common Area Finishes ,6336584.91,6336584.91
NOSTRAND,1148,Common Areas/Lobbies,Building Common Areas - Bathroom,,967443.65
NOSTRAND,1148,Common Areas/Lobbies,Interior Building Doors,4018004.43,4018004.43
NOSTRAND,1148,Common Areas/Lobbies,Interior Building Stairs,,12343695.2
NOSTRAND,1148,Common Areas/Lobbies,Non Residential Kitchen,1266270.06,1266270.06
NOSTRAND,1148,Elevators,Elevators,46826038.08,46826038.08
NOSTRAND,1148,Grounds,Building Exterior Walkways and Retaining Walls,,10441.6
NOSTRAND,1148,Grounds,Fixed Site Equipment,3516.2,3516.2
NOSTRAND,1148,Grounds,Lighting - Exterior Security,1755195.78,1755195.78
NOSTRAND,1148,Grounds,Open Spaces,,0
NOSTRAND,1148,Grounds,Site Fences,5742204.4,5742204.4
NOSTRAND,1148,Grounds,Site Lighting,434280,434280
NOSTRAND,1148,Grounds,Stairs / Ramps,69442.34,1341012.54
NOSTRAND,1148,Grounds,Storm Piping,,5847198
NOSTRAND,1148,Heating,Decarbonization,118819751.4,118819751.4
NOSTRAND,1148,Heating,Heating System,1247.48,1247.48
NOSTRAND,1148,Heating,Through Wall/Window Heat Pump,2116.75,2116.75
NOSTRAND,1148,Interior Electrical/Lighting,Electrical System,4142721.92,25987292.94
NOSTRAND,1148,Interior Electrical/Lighting,Emergency and Exit Lighting and Panels,31388.97,31388.97
NOSTRAND,1148,Interior Electrical/Lighting,Interior Lighting Fixture,4512106.71,4512106.71
NOSTRAND,1148,Interior Electrical/Lighting,Telephone/Intercom,1482249.6,1482249.6
NOSTRAND,1148,Lead Based Paint,Lead Based Paint,11509793.55,11509793.55
NOSTRAND,1148,Plumbing,Building Drainage,310061.73,2208945.21
NOSTRAND,1148,Plumbing,Building Sewage System,157467.68,7701478.28
NOSTRAND,1148,Plumbing,Domestic Water System,1749824,37050351.5
NOSTRAND,1148,Plumbing,Underground Hydronic Piping,1896953.5,1896953.5
NOSTRAND,1148,Plumbing,Underground Natural Gas Piping,785638,785638
NOSTRAND,1148,Roofs,Building Roof/Parapets/Misc,26453404.22,26453404.22
NOSTRAND,1148,Safety And Security,Additional Security,10494359.4,10494359.4
NOSTRAND,1148,Safety And Security,CCTV,,4769553.32
NOSTRAND,1148,Safety And Security,Intrusion Alarm,107323.29,107323.29
NOSTRAND,1148,Ventilation/Air Conditioning,Air Conditioning,0,313147.42
NOSTRAND,1148,Ventilation/Air Conditioning,Exhaust Fan,39025.8,39025.8
NOSTRAND,1148,Waste Management,Garbage Chute,55045.92,55045.92
NOSTRAND,1148,Waste Management,Waste Infrastructure,4284048.23,4284048.23
OCEAN BAY APARTMENTS (OCEANSIDE),418,Apartments,Apartment 504 Access,1000000,1000000
OCEAN BAY APARTMENTS (OCEANSIDE),418,Apartments,Apartment Bathroom,19277426.28,19277426.28
OCEAN BAY APARTMENTS (OCEANSIDE),418,Apartments,Apartment Entrance Doors,2727918.16,2727918.16
OCEAN BAY APARTMENTS (OCEANSIDE),418,Apartments,Apartment Kitchen,15991512.15,15991512.15
OCEAN BAY APARTMENTS (OCEANSIDE),418,Apartments,Apartment Renovation,25729030.38,35360652.34
OCEAN BAY APARTMENTS (OCEANSIDE),418,Building Exterior/Facade/Window,Brickwork,17317464.79,17317464.79
OCEAN BAY APARTMENTS (OCEANSIDE),418,Building Exterior/Facade/Window,Building Windows,22579112.07,22579112.07
OCEAN BAY APARTMENTS (OCEANSIDE),418,Building Exterior/Facade/Window,Entrances/Exits,392383.22,930486.66
OCEAN BAY APARTMENTS (OCEANSIDE),418,Building Exterior/Facade/Window,Foundations,53891.5,53891.5
OCEAN BAY APARTMENTS (OCEANSIDE),418,Common Areas/Lobbies,Building Common Area Finishes ,3601438.01,3601438.01
OCEAN BAY APARTMENTS (OCEANSIDE),418,Common Areas/Lobbies,Building Common Areas - Bathroom,398359.15,910535.2
OCEAN BAY APARTMENTS (OCEANSIDE),418,Common Areas/Lobbies,Interior Building Doors,1780639.95,1780639.95
OCEAN BAY APARTMENTS (OCEANSIDE),418,Common Areas/Lobbies,Interior Building Stairs,3508867.67,6140518.42
OCEAN BAY APARTMENTS (OCEANSIDE),418,Common Areas/Lobbies,Non Residential Kitchen,1272710.73,1272710.73
OCEAN BAY APARTMENTS (OCEANSIDE),418,Elevators,Elevators,20486391.66,20486391.66
OCEAN BAY APARTMENTS (OCEANSIDE),418,Grounds,Fixed Site Equipment,3495.69,3495.69
OCEAN BAY APARTMENTS (OCEANSIDE),418,Grounds,Landscaping,19873.35,19873.35
OCEAN BAY APARTMENTS (OCEANSIDE),418,Grounds,Lighting - Exterior Security,1596699.84,1596699.84
OCEAN BAY APARTMENTS (OCEANSIDE),418,Grounds,Open Spaces,,0
OCEAN BAY APARTMENTS (OCEANSIDE),418,Grounds,Parking Lot,1209590,1209590
OCEAN BAY APARTMENTS (OCEANSIDE),418,Grounds,Paving - Non-Vehicular Area,458810,458810
OCEAN BAY APARTMENTS (OCEANSIDE),418,Grounds,Site Fences,601834,601834
OCEAN BAY APARTMENTS (OCEANSIDE),418,Grounds,Site Lighting,307615,307615
OCEAN BAY APARTMENTS (OCEANSIDE),418,Grounds,Stairs / Ramps,18597.05,37766.45
OCEAN BAY APARTMENTS (OCEANSIDE),418,Grounds,Storm Piping,,417657
OCEAN BAY APARTMENTS (OCEANSIDE),418,Heating,Common Spaces Radiator / Convector / Baseboard,,361262.58
OCEAN BAY APARTMENTS (OCEANSIDE),418,Heating,Decarbonization,29349236.43,29349236.43
OCEAN BAY APARTMENTS (OCEANSIDE),418,Interior Electrical/Lighting,Electrical System,2126653.23,9627081.72
OCEAN BAY APARTMENTS (OCEANSIDE),418,Interior Electrical/Lighting,Emergency and Exit Lighting and Panels,22093.8,50585
OCEAN BAY APARTMENTS (OCEANSIDE),418,Interior Electrical/Lighting,Interior Lighting Fixture,1376975.41,1520420.89
OCEAN BAY APARTMENTS (OCEANSIDE),418,Lead Based Paint,Lead Based Paint,4176542.76,4176542.76
OCEAN BAY APARTMENTS (OCEANSIDE),418,Plumbing,Building Drainage,88484.13,2012976.63
OCEAN BAY APARTMENTS (OCEANSIDE),418,Plumbing,Building Sewage System,78733.84,3176250.34
OCEAN BAY APARTMENTS (OCEANSIDE),418,Plumbing,Domestic Water System,,8342606.6
OCEAN BAY APARTMENTS (OCEANSIDE),418,Plumbing,Gas Risers,,5873196
OCEAN BAY APARTMENTS (OCEANSIDE),418,Plumbing,Underground Hydronic Piping,1115855,1115855
OCEAN BAY APARTMENTS (OCEANSIDE),418,Roofs,Building Roof/Parapets/Misc,2463876.36,7250727.06
OCEAN BAY APARTMENTS (OCEANSIDE),418,Safety And Security,Additional Security,7144376.4,7144376.4
OCEAN BAY APARTMENTS (OCEANSIDE),418,Safety And Security,Intrusion Alarm,,107323.29
OCEAN BAY APARTMENTS (OCEANSIDE),418,Ventilation/Air Conditioning,Air Conditioning,,286638.35
OCEAN BAY APARTMENTS (OCEANSIDE),418,Ventilation/Air Conditioning,Exhaust Fan,1205.38,1205.38
OCEAN BAY APARTMENTS (OCEANSIDE),418,Waste Management,Garbage Chute,33795.12,33795.12
OCEAN BAY APARTMENTS (OCEANSIDE),418,Waste Management,Waste Infrastructure,2951860.03,2951860.03
OCEAN HILL APARTMENTS,238,Apartments,Apartment 504 Access,600000,600000
OCEAN HILL APARTMENTS,238,Apartments,Apartment Bathroom,11557210,11557210
OCEAN HILL APARTMENTS,238,Apartments,Apartment Entrance Doors,1553216.56,1553216.56
OCEAN HILL APARTMENTS,238,Apartments,Apartment Kitchen,9127050.1,9127050.1
OCEAN HILL APARTMENTS,238,Apartments,Apartment Renovation,21754108.42,22775897.58
OCEAN HILL APARTMENTS,238,Building Exterior/Facade/Window,Brickwork,7401804.8,7401804.8
OCEAN HILL APARTMENTS,238,Building Exterior/Facade/Window,Building Windows,9952290.6,9952290.6
OCEAN HILL APARTMENTS,238,Building Exterior/Facade/Window,Entrances/Exits,148242.83,305521.01
OCEAN HILL APARTMENTS,238,Common Areas/Lobbies,Building Common Area Finishes ,1463847.43,1463847.43
OCEAN HILL APARTMENTS,238,Common Areas/Lobbies,Building Common Areas - Bathroom,284542.25,512176.05
OCEAN HILL APARTMENTS,238,Common Areas/Lobbies,Interior Building Doors,1333569.3,1333569.3
OCEAN HILL APARTMENTS,238,Common Areas/Lobbies,Interior Building Stairs,,5639251.61
OCEAN HILL APARTMENTS,238,Common Areas/Lobbies,Non Residential Kitchen,844180.04,1266270.06
OCEAN HILL APARTMENTS,238,Elevators,Elevators,8779882.14,8779882.14
OCEAN HILL APARTMENTS,238,Grounds,Building Exterior Walkways and Retaining Walls,203952.2,219614.6
OCEAN HILL APARTMENTS,238,Grounds,Lighting - Exterior Security,316991.88,316991.88
OCEAN HILL APARTMENTS,238,Grounds,Open Spaces,,2460480.7
OCEAN HILL APARTMENTS,238,Grounds,Parking Lot,1237377,1237377
OCEAN HILL APARTMENTS,238,Grounds,Paving - Non-Vehicular Area,1111571.5,1111571.5
OCEAN HILL APARTMENTS,238,Grounds,Site Fences,1189507.2,1189507.2
OCEAN HILL APARTMENTS,238,Grounds,Site Lighting,144760,144760
OCEAN HILL APARTMENTS,238,Grounds,Stairs / Ramps,16635.45,195549.85
OCEAN HILL APARTMENTS,238,Heating,Building Steam Piping,80671.12,14055745.87
OCEAN HILL APARTMENTS,238,Heating,Common Spaces Radiator / Convector / Baseboard,,275247.68
OCEAN HILL APARTMENTS,238,Heating,Decarbonization,0,0
OCEAN HILL APARTMENTS,238,Heating,Heating System,73413.43,7101390.57
OCEAN HILL APARTMENTS,238,Heating,Underground Steam and Condensate Return Piping,,1976372
OCEAN HILL APARTMENTS,238,Interior Electrical/Lighting,Electrical System,24475.19,24475.19
OCEAN HILL APARTMENTS,238,Interior Electrical/Lighting,Emergency and Exit Lighting and Panels,91107.22,91107.22
OCEAN HILL APARTMENTS,238,Interior Electrical/Lighting,Interior Lighting Fixture,947333.1,953569.86
OCEAN HILL APARTMENTS,238,Lead Based Paint,Lead Based Paint,342028.28,342028.28
OCEAN HILL APARTMENTS,238,Plumbing,Building Sewage System,196834.6,196834.6
OCEAN HILL APARTMENTS,238,Plumbing,Domestic Hot Water System,22326.18,22326.18
OCEAN HILL APARTMENTS,238,Plumbing,Roof Tank,974717.88,1138364.78
OCEAN HILL APARTMENTS,238,Plumbing,Underground Hydronic Piping,,223171
OCEAN HILL APARTMENTS,238,Plumbing,Underground Natural Gas Piping,,92428
OCEAN HILL APARTMENTS,238,Roofs,Building Roof/Parapets/Misc,2069084.49,2341367.49
OCEAN HILL APARTMENTS,238,Safety And Security,Additional Security,3202218.6,3202218.6
OCEAN HILL APARTMENTS,238,Safety And Security,CCTV,,280561.96
OCEAN HILL APARTMENTS,238,Waste Management,Waste Infrastructure,2191110.27,2191110.27
OCEAN HILL-BROWNSVILLE,125,Apartments,Apartment 504 Access,200000,200000
OCEAN HILL-BROWNSVILLE,125,Apartments,Apartment Bathroom,6009749.2,6009749.2
OCEAN HILL-BROWNSVILLE,125,Apartments,Apartment Entrance Doors,815765,815765
OCEAN HILL-BROWNSVILLE,125,Apartments,Apartment Kitchen,4793618.75,4793618.75
OCEAN HILL-BROWNSVILLE,125,Apartments,Apartment Renovation,12111362.29,12916901.67
OCEAN HILL-BROWNSVILLE,125,Building Exterior/Facade/Window,Building Windows,6554287.64,6554287.64
OCEAN HILL-BROWNSVILLE,125,Building Exterior/Facade/Window,Entrances/Exits,349453.66,349453.66
OCEAN HILL-BROWNSVILLE,125,Building Exterior/Facade/Window,Foundations,191676.55,191676.55
OCEAN HILL-BROWNSVILLE,125,Common Areas/Lobbies,Building Common Area Finishes ,684169.14,684169.14
OCEAN HILL-BROWNSVILLE,125,Common Areas/Lobbies,Interior Building Doors,385071.5,385071.5
OCEAN HILL-BROWNSVILLE,125,Common Areas/Lobbies,Interior Building Stairs,27500.99,2095226.58
OCEAN HILL-BROWNSVILLE,125,Grounds,Building Exterior Walkways and Retaining Walls,4701,4701
OCEAN HILL-BROWNSVILLE,125,Grounds,Lighting - Exterior Security,493098.48,493098.48
OCEAN HILL-BROWNSVILLE,125,Grounds,Open Spaces,,0
OCEAN HILL-BROWNSVILLE,125,Grounds,Paving - Non-Vehicular Area,253805.35,253805.35
OCEAN HILL-BROWNSVILLE,125,Grounds,Site Fences,107976.1,107976.1
OCEAN HILL-BROWNSVILLE,125,Grounds,Stairs / Ramps,62240.16,225094.61
OCEAN HILL-BROWNSVILLE,125,Heating,Common Spaces Radiator / Convector / Baseboard,,404270.03
OCEAN HILL-BROWNSVILLE,125,Heating,Decarbonization,3802419.92,3802419.92
OCEAN HILL-BROWNSVILLE,125,Heating,Heating System,,1719408.75
OCEAN HILL-BROWNSVILLE,125,Interior Electrical/Lighting,Electrical System,166622.46,4094648.03
OCEAN HILL-BROWNSVILLE,125,Interior Electrical/Lighting,Interior Lighting Fixture,492168.12,492168.12
OCEAN HILL-BROWNSVILLE,125,Interior Electrical/Lighting,Telephone/Intercom,148224.96,222337.44
OCEAN HILL-BROWNSVILLE,125,Lead Based Paint,Lead Based Paint,125000,125000
OCEAN HILL-BROWNSVILLE,125,Plumbing,Building Drainage,88129.44,102817.68
OCEAN HILL-BROWNSVILLE,125,Roofs,Building Roof/Parapets/Misc,,3992354.59
OCEAN HILL-BROWNSVILLE,125,Safety And Security,Additional Security,2403244.2,2403244.2
OCEAN HILL-BROWNSVILLE,125,Waste Management,Garbage Chute,1704,1704
OCEAN HILL-BROWNSVILLE,125,Waste Management,Waste Infrastructure,2376493.21,2376493.21
O'DWYER GARDENS,573,Apartments,Apartment 504 Access,1400000,1400000
O'DWYER GARDENS,573,Apartments,Apartment Bathroom,27875990.52,27875990.52
O'DWYER GARDENS,573,Apartments,Apartment Entrance Doors,3739466.76,3739466.76
O'DWYER GARDENS,573,Apartments,Apartment Kitchen,21398714.1,21398714.1
O'DWYER GARDENS,573,Apartments,Apartment Renovation,51090645.32,51256940.12
O'DWYER GARDENS,573,Building Exterior/Facade/Window,Brickwork,24314679.8,24314679.8
O'DWYER GARDENS,573,Building Exterior/Facade/Window,Building Windows,4185436,4185436
O'DWYER GARDENS,573,Building Exterior/Facade/Window,Entrances/Exits,1654786.75,1654786.75
O'DWYER GARDENS,573,Building Exterior/Facade/Window,Foundations,885556.66,885556.66
O'DWYER GARDENS,573,Common Areas/Lobbies,Building Common Area Finishes ,3208234.57,3208234.57
O'DWYER GARDENS,573,Common Areas/Lobbies,Building Common Areas - Bathroom,170725.35,284542.25
O'DWYER GARDENS,573,Common Areas/Lobbies,Interior Building Doors,2621451.1,2621451.1
O'DWYER GARDENS,573,Common Areas/Lobbies,Interior Building Stairs,15984.83,12171704.97
O'DWYER GARDENS,573,Common Areas/Lobbies,Non Residential Kitchen,844180.04,844180.04
O'DWYER GARDENS,573,Elevators,Elevators,17559764.28,18847139.12
O'DWYER GARDENS,573,Fire Protection,Fire Alarm,63799.98,63799.98
O'DWYER GARDENS,573,Fire Protection,Standpipe System,15487.12,762890.32
O'DWYER GARDENS,573,Grounds,Building Exterior Walkways and Retaining Walls,120629.77,120629.77
O'DWYER GARDENS,573,Grounds,Fixed Site Equipment,4357.54,4357.54
O'DWYER GARDENS,573,Grounds,Landscaping,4229.55,4229.55
O'DWYER GARDENS,573,Grounds,Lighting - Exterior Security,604632.66,604632.66
O'DWYER GARDENS,573,Grounds,Open Spaces,,0
O'DWYER GARDENS,573,Grounds,Parking Lot,2355377.1,2355377.1
O'DWYER GARDENS,573,Grounds,Paving - Non-Vehicular Area,850884,850884
O'DWYER GARDENS,573,Grounds,Playgrounds,85428,85428
O'DWYER GARDENS,573,Grounds,Site Fences,1200127.8,1200127.8
O'DWYER GARDENS,573,Grounds,Site Lighting,208092.5,208092.5
O'DWYER GARDENS,573,Grounds,Site Walls (Not Retaining Walls),10199.2,10199.2
O'DWYER GARDENS,573,Grounds,Stairs / Ramps,15494.08,297401.28
O'DWYER GARDENS,573,Grounds,Storm Piping,,626485.5
O'DWYER GARDENS,573,Heating,Building Steam Piping,27321684.6,27321684.6
O'DWYER GARDENS,573,Heating,Common Spaces Radiator / Convector / Baseboard,,447277.48
O'DWYER GARDENS,573,Heating,Decarbonization,0,0
O'DWYER GARDENS,573,Heating,Underground Steam and Condensate Return Piping,2470465,2470465
O'DWYER GARDENS,573,Interior Electrical/Lighting,Electrical System,352843.43,543528.38
O'DWYER GARDENS,573,Interior Electrical/Lighting,Emergency and Exit Lighting and Panels,3771.48,12885.06
O'DWYER GARDENS,573,Interior Electrical/Lighting,Interior Lighting Fixture,2519183.5,2519183.5
O'DWYER GARDENS,573,Lead Based Paint,Lead Based Paint,573000,573000
O'DWYER GARDENS,573,Plumbing,Building Drainage,,936611.79
O'DWYER GARDENS,573,Plumbing,Building Sewage System,,3256423.48
O'DWYER GARDENS,573,Plumbing,Domestic Hot Water System,367866,367866
O'DWYER GARDENS,573,Plumbing,Domestic Water System,,12095219.5
O'DWYER GARDENS,573,Plumbing,Roof Tank,27474.78,27474.78
O'DWYER GARDENS,573,Plumbing,Underground Hydronic Piping,1227440.5,1227440.5
O'DWYER GARDENS,573,Plumbing,Underground Natural Gas Piping,369712,369712
O'DWYER GARDENS,573,Roofs,Building Roof/Parapets/Misc,6789.6,6789.6
O'DWYER GARDENS,573,Safety And Security,Additional Security,4853675.4,4853675.4
O'DWYER GARDENS,573,Ventilation/Air Conditioning,Building Ductwork,10516.75,10516.75
O'DWYER GARDENS,573,Ventilation/Air Conditioning,Exhaust Fan,7226.99,7226.99
O'DWYER GARDENS,573,Waste Management,Garbage Chute,43434,43434
O'DWYER GARDENS,573,Waste Management,Waste Infrastructure,2428572.55,2428572.55
PARK ROCK REHAB,134,Apartments,Apartment 504 Access,400000,400000
PARK ROCK REHAB,134,Apartments,Apartment Bathroom,7257927.88,7257927.88
PARK ROCK REHAB,134,Apartments,Apartment Entrance Doors,874500.08,874500.08
PARK ROCK REHAB,134,Apartments,Apartment Kitchen,5138759.3,5138759.3
PARK ROCK REHAB,134,Apartments,Apartment Renovation,14231815.28,14682658.96
PARK ROCK REHAB,134,Building Exterior/Facade/Window,Brickwork,0,0
PARK ROCK REHAB,134,Building Exterior/Facade/Window,Building Windows,6726056.59,6726056.59
PARK ROCK REHAB,134,Building Exterior/Facade/Window,Entrances/Exits,510220.4,510220.4
PARK ROCK REHAB,134,Building Exterior/Facade/Window,Foundations,27274.8,27274.8
PARK ROCK REHAB,134,Common Areas/Lobbies,Building Common Area Finishes ,944378.58,944378.58
PARK ROCK REHAB,134,Common Areas/Lobbies,Building Common Areas - Bathroom,113816.9,113816.9
PARK ROCK REHAB,134,Common Areas/Lobbies,Interior Building Doors,415539.95,415539.95
PARK ROCK REHAB,134,Common Areas/Lobbies,Interior Building Stairs,7654.83,3328547.45
PARK ROCK REHAB,134,Grounds,Building Exterior Walkways and Retaining Walls,19361.5,19361.5
PARK ROCK REHAB,134,Grounds,Fixed Site Equipment,14155.66,14155.66
PARK ROCK REHAB,134,Grounds,Landscaping,1582.4,1582.4
PARK ROCK REHAB,134,Grounds,Lighting - Exterior Security,498968.7,498968.7
PARK ROCK REHAB,134,Grounds,Open Spaces,,1111217.31
PARK ROCK REHAB,134,Grounds,Paving - Non-Vehicular Area,520957.9,520957.9
PARK ROCK REHAB,134,Grounds,Playgrounds,151872,151872
PARK ROCK REHAB,134,Grounds,Site Fences,417743.6,417743.6
PARK ROCK REHAB,134,Grounds,Stairs / Ramps,71469.5,157731.8
PARK ROCK REHAB,134,Heating,Common Spaces Radiator / Convector / Baseboard,77413.41,593502.81
PARK ROCK REHAB,134,Heating,Decarbonization,6232675.39,6232675.39
PARK ROCK REHAB,134,Heating,Hot Water System,51734.05,51734.05
PARK ROCK REHAB,134,Interior Electrical/Lighting,Electrical System,187861.61,5837614.01
PARK ROCK REHAB,134,Interior Electrical/Lighting,Emergency and Exit Lighting and Panels,37923.9,39914.68
PARK ROCK REHAB,134,Interior Electrical/Lighting,Interior Lighting Fixture,294892.52,612967.28
PARK ROCK REHAB,134,Interior Electrical/Lighting,Telephone/Intercom,,667012.32
PARK ROCK REHAB,134,Lead Based Paint,Lead Based Paint,134000,134000
PARK ROCK REHAB,134,Plumbing,Building Sewage System,118100.76,196834.6
PARK ROCK REHAB,134,Plumbing,Domestic Hot Water System,29829.9,300869.61
PARK ROCK REHAB,134,Roofs,Building Roof/Parapets/Misc,4419885.74,4419885.74
PARK ROCK REHAB,134,Safety And Security,Additional Security,4105827.6,4105827.6
PARK ROCK REHAB,134,Waste Management,Garbage Chute,9505.44,9505.44
PARK ROCK REHAB,134,Waste Management,Waste Infrastructure,2444074.11,2444074.11
PARKSIDE,879,Apartments,Apartment 504 Access,2000000,2000000
PARKSIDE,879,Apartments,Apartment Bathroom,40542692.68,40542692.68
PARKSIDE,879,Apartments,Apartment Entrance Doors,5736459.48,5736459.48
PARKSIDE,879,Apartments,Apartment Kitchen,33632029.15,33632029.15
PARKSIDE,879,Apartments,Apartment Renovation,49819226.73,79505971.14
PARKSIDE,879,Building Exterior/Facade/Window,Brickwork,41820053.25,41820053.25
PARKSIDE,879,Building Exterior/Facade/Window,Building Windows,35569308.46,35569308.46
PARKSIDE,879,Building Exterior/Facade/Window,Entrances/Exits,11801.46,11801.46
PARKSIDE,879,Building Exterior/Facade/Window,Foundations,193579.1,193579.1
PARKSIDE,879,Common Areas/Lobbies,Building Common Area Finishes ,4921886.63,5122763.93
PARKSIDE,879,Common Areas/Lobbies,Building Common Areas - Bathroom,398359.15,1195077.45
PARKSIDE,879,Common Areas/Lobbies,Interior Building Doors,4277837.55,4277837.55
PARKSIDE,879,Common Areas/Lobbies,Interior Building Stairs,5053.9,19930409.6
PARKSIDE,879,Common Areas/Lobbies,Non Residential Kitchen,1266270.06,1266270.06
PARKSIDE,879,Elevators,Elevators,33656214.87,33656214.87
PARKSIDE,879,Fire Protection,Fire Alarm,,175669.98
PARKSIDE,879,Fire Protection,Fire Sprinkler,11201.2,11201.2
PARKSIDE,879,Fire Protection,Standpipe System,,383940
PARKSIDE,879,Grounds,Building Exterior Walkways and Retaining Walls,69633.6,74462.84
PARKSIDE,879,Grounds,Landscaping,52275.72,52275.72
PARKSIDE,879,Grounds,Lighting - Exterior Security,628113.54,628113.54
PARKSIDE,879,Grounds,Open Spaces,,1804464.62
PARKSIDE,879,Grounds,Parking Lot,362987.7,362987.7
PARKSIDE,879,Grounds,Paving - Non-Vehicular Area,2355989.35,2355989.35
PARKSIDE,879,Grounds,Playgrounds,623624.4,623624.4
PARKSIDE,879,Grounds,Site Fences,3575602,3575602
PARKSIDE,879,Grounds,Site Lighting,235235,235235
PARKSIDE,879,Grounds,Stairs / Ramps,73301.29,152534.81
PARKSIDE,879,Grounds,Storm Piping,10060.44,1402250.44
PARKSIDE,879,Heating,Common Spaces Radiator / Convector / Baseboard,490284.93,954765.39
PARKSIDE,879,Heating,Decarbonization,61795274.78,61795274.78
PARKSIDE,879,Interior Electrical/Lighting,Electrical System,197558.41,6707301.72
PARKSIDE,879,Interior Electrical/Lighting,Emergency and Exit Lighting and Panels,62568.89,121580.18
PARKSIDE,879,Interior Electrical/Lighting,Interior Lighting Fixture,3543184.33,3543184.33
PARKSIDE,879,Interior Electrical/Lighting,Public Address System,21667.7,43335.4
PARKSIDE,879,Interior Electrical/Lighting,Telephone/Intercom,,74112.48
PARKSIDE,879,Lead Based Paint,Lead Based Paint,6986689.98,6986689.98
PARKSIDE,879,Plumbing,Building Drainage,191994.06,3201559.2
PARKSIDE,879,Plumbing,Building Sewage System,36657,5000014.8
PARKSIDE,879,Plumbing,Domestic Water System,133291.51,32877169.51
PARKSIDE,879,Plumbing,Gas Risers,,9725732.9
PARKSIDE,879,Plumbing,Non Residential Spaces Plumbing Fixtures,3401.06,3401.06
PARKSIDE,879,Plumbing,Roof Tank,163646.9,163646.9
PARKSIDE,879,Plumbing,Underground Hydronic Piping,3124394,3124394
PARKSIDE,879,Safety And Security,Additional Security,8449236.6,8449236.6
PARKSIDE,879,Safety And Security,Intrusion Alarm,214646.58,321969.87
PARKSIDE,879,Ventilation/Air Conditioning,Air Conditioning,189451.67,900719.1
PARKSIDE,879,Ventilation/Air Conditioning,Building Ductwork,9094.99,9094.99
PARKSIDE,879,Ventilation/Air Conditioning,Exhaust Fan,16875.38,16875.38
PARKSIDE,879,Waste Management,Garbage Chute,36702.72,36702.72
PARKSIDE,879,Waste Management,Waste Infrastructure,3654830.36,3654830.36
PATTERSON,1791,Apartments,Apartment 504 Access,4200000,4200000
PATTERSON,1791,Apartments,Apartment Bathroom,82749623.6,82749623.6
PATTERSON,1791,Apartments,Apartment Entrance Doors,11688280.92,11688280.92
PATTERSON,1791,Apartments,Apartment Kitchen,68644620.5,68644620.5
PATTERSON,1791,Apartments,Apartment Renovation,170188574.1,188516672.4
PATTERSON,1791,Building Exterior/Facade/Window,Brickwork,1183,6001183
PATTERSON,1791,Building Exterior/Facade/Window,Building Windows,57903860.26,57903860.26
PATTERSON,1791,Building Exterior/Facade/Window,Entrances/Exits,1751538.96,1751538.96
PATTERSON,1791,Building Exterior/Facade/Window,Foundations,111366.6,111366.6
PATTERSON,1791,Common Areas/Lobbies,Building Common Area Finishes ,7084596.33,7084596.33
PATTERSON,1791,Common Areas/Lobbies,Building Common Areas - Bathroom,625992.95,1877978.85
PATTERSON,1791,Common Areas/Lobbies,Interior Building Doors,4459633.87,4459633.87
PATTERSON,1791,Common Areas/Lobbies,Interior Building Stairs,27405.22,28662271.75
PATTERSON,1791,Common Areas/Lobbies,Non Residential Kitchen,2954630.14,3376720.16
PATTERSON,1791,Elevators,Elevators,45374268.94,54154151.08
PATTERSON,1791,Fire Protection,Fire Alarm,348272.79,527327.1
PATTERSON,1791,Fire Protection,Standpipe System,,1801958.4
PATTERSON,1791,Grounds,Building Exterior Walkways and Retaining Walls,79995.25,79995.25
PATTERSON,1791,Grounds,Fixed Site Equipment,6991.38,6991.38
PATTERSON,1791,Grounds,Landscaping,23143.42,23143.42
PATTERSON,1791,Grounds,Lighting - Exterior Security,222081.72,785622.84
PATTERSON,1791,Grounds,Open Spaces,,9477731.4
PATTERSON,1791,Grounds,Parking Lot,500774.5,500774.5
PATTERSON,1791,Grounds,Playgrounds,730884,730884
PATTERSON,1791,Grounds,Site Fences,8347791.6,8347791.6
PATTERSON,1791,Grounds,Stairs / Ramps,1184979.7,1582317.5
PATTERSON,1791,Grounds,Storm Piping,,1113752
PATTERSON,1791,Heating,Building Steam Piping,84729026.29,85631007.09
PATTERSON,1791,Heating,Common Spaces Radiator / Convector / Baseboard,70401.6,1231602.75
PATTERSON,1791,Heating,Decarbonization,0,0
PATTERSON,1791,Heating,Heating System,4325.24,4325.24
PATTERSON,1791,Heating,Steam Fan Coil Unit,,119055.7
PATTERSON,1791,Interior Electrical/Lighting,Electrical System,1481653.73,24854307.87
PATTERSON,1791,Interior Electrical/Lighting,Emergency and Exit Lighting and Panels,40377.16,105847.69
PATTERSON,1791,Interior Electrical/Lighting,Interior Lighting Fixture,4630342.89,4630342.89
PATTERSON,1791,Interior Electrical/Lighting,Telephone/Intercom,148224.96,222337.44
PATTERSON,1791,Lead Based Paint,Lead Based Paint,16508903.44,16508903.44
PATTERSON,1791,Plumbing,Building Drainage,221742.36,5020876.8
PATTERSON,1791,Plumbing,Building Sewage System,,8241226.74
PATTERSON,1791,Plumbing,Domestic Hot Water System,1583689.17,1732530.37
PATTERSON,1791,Plumbing,Domestic Water System,50576.31,18393676.01
PATTERSON,1791,Plumbing,Non Residential Spaces Plumbing Fixtures,4032.53,4032.53
PATTERSON,1791,Plumbing,Roof Tank,245470.35,245470.35
PATTERSON,1791,Roofs,Building Roof/Parapets/Misc,62238,62238
PATTERSON,1791,Safety And Security,Additional Security,8795098.2,8795098.2
PATTERSON,1791,Safety And Security,Intrusion Alarm,429293.16,536616.45
PATTERSON,1791,Ventilation/Air Conditioning,Air Conditioning,61077.34,118405.01
PATTERSON,1791,Waste Management,Garbage Chute,34100.4,34100.4
PATTERSON,1791,Waste Management,Waste Infrastructure,4859802.39,4859802.39
PELHAM PARKWAY,1266,Apartments,Apartment 504 Access,3000000,3000000
PELHAM PARKWAY,1266,Apartments,Apartment Bathroom,58340796.08,58340796.08
PELHAM PARKWAY,1266,Apartments,Apartment Entrance Doors,8262067.92,8262067.92
PELHAM PARKWAY,1266,Apartments,Apartment Kitchen,48396374.9,48396374.9
PELHAM PARKWAY,1266,Apartments,Apartment Renovation,94077704.82,102789243.3
PELHAM PARKWAY,1266,Building Exterior/Facade/Window,Brickwork,277.5,9200277.5
PELHAM PARKWAY,1266,Building Exterior/Facade/Window,Building Windows,64291715.84,64291715.84
PELHAM PARKWAY,1266,Building Exterior/Facade/Window,Entrances/Exits,2264300,2264300
PELHAM PARKWAY,1266,Building Exterior/Facade/Window,Foundations,1829188.37,1829188.37
PELHAM PARKWAY,1266,Common Areas/Lobbies,Building Common Area Finishes ,4924961.55,5310006.93
PELHAM PARKWAY,1266,Common Areas/Lobbies,Building Common Areas - Bathroom,,1365802.8
PELHAM PARKWAY,1266,Common Areas/Lobbies,Interior Building Doors,4462683.35,4462683.35
PELHAM PARKWAY,1266,Common Areas/Lobbies,Interior Building Stairs,4056.4,14854085.64
PELHAM PARKWAY,1266,Common Areas/Lobbies,Non Residential Kitchen,447309.18,2135669.26
PELHAM PARKWAY,1266,Elevators,Elevators,55605920.22,55605920.22
PELHAM PARKWAY,1266,Fire Protection,Fire Alarm,342594.8,342594.8
PELHAM PARKWAY,1266,Fire Protection,Fire Sprinkler,0,0
PELHAM PARKWAY,1266,Grounds,Building Exterior Walkways and Retaining Walls,12736.62,40928.94
PELHAM PARKWAY,1266,Grounds,Fixed Site Equipment,9321.84,9321.84
PELHAM PARKWAY,1266,Grounds,Landscaping,173979.46,173979.46
PELHAM PARKWAY,1266,Grounds,Lighting - Exterior Security,1097731.14,1127082.24
PELHAM PARKWAY,1266,Grounds,Open Spaces,,20640908.6
PELHAM PARKWAY,1266,Grounds,Parking Lot,437328.6,437328.6
PELHAM PARKWAY,1266,Grounds,Paving - Non-Vehicular Area,7111555,7111555
PELHAM PARKWAY,1266,Grounds,Playgrounds,1065477,1065477
PELHAM PARKWAY,1266,Grounds,Site Fences,12256172.4,12256172.4
PELHAM PARKWAY,1266,Grounds,Site Walls (Not Retaining Walls),555.9,555.9
PELHAM PARKWAY,1266,Grounds,Stairs / Ramps,93322.25,970775.9
PELHAM PARKWAY,1266,Grounds,Storm Piping,68294.77,1112437.27
PELHAM PARKWAY,1266,Heating,Decarbonization,100769117.8,100769117.8
PELHAM PARKWAY,1266,Heating,Hot Water System,7390.58,7390.58
PELHAM PARKWAY,1266,Interior Electrical/Lighting,Electrical System,3955148.24,25574333.6
PELHAM PARKWAY,1266,Interior Electrical/Lighting,Emergency and Exit Lighting and Panels,105984.36,109334.7
PELHAM PARKWAY,1266,Interior Electrical/Lighting,Interior Lighting Fixture,901541.69,901541.69
PELHAM PARKWAY,1266,Interior Electrical/Lighting,Telephone/Intercom,148224.96,296449.92
PELHAM PARKWAY,1266,Lead Based Paint,Lead Based Paint,7894182.12,7894182.12
PELHAM PARKWAY,1266,Plumbing,Building Drainage,495716.74,3992819.98
PELHAM PARKWAY,1266,Plumbing,Building Sewage System,0,10190646
PELHAM PARKWAY,1266,Plumbing,Domestic Hot Water System,1454708.54,1454708.54
PELHAM PARKWAY,1266,Plumbing,Domestic Water System,49870.58,46640312.08
PELHAM PARKWAY,1266,Plumbing,Non Residential Spaces Plumbing Fixtures,36292.77,36292.77
PELHAM PARKWAY,1266,Plumbing,Underground Hydronic Piping,2789637.5,2789637.5
PELHAM PARKWAY,1266,Roofs,Building Roof/Parapets/Misc,27343133.92,27343133.92
PELHAM PARKWAY,1266,Safety And Security,Additional Security,14141988,14141988
PELHAM PARKWAY,1266,Safety And Security,CCTV,,280561.96
PELHAM PARKWAY,1266,Safety And Security,Intrusion Alarm,751263.03,858586.32
PELHAM PARKWAY,1266,Ventilation/Air Conditioning,Air Conditioning,96714.98,488633.98
PELHAM PARKWAY,1266,Ventilation/Air Conditioning,Building Ductwork,786.54,786.54
PELHAM PARKWAY,1266,Ventilation/Air Conditioning,Exhaust Fan,9157.72,9157.72
PELHAM PARKWAY,1266,Waste Management,Garbage Chute,40253.52,40253.52
PELHAM PARKWAY,1266,Waste Management,Waste Infrastructure,5275887.47,5275887.47
PINK,1500,Apartments,Apartment 504 Access,3400000,3400000
PINK,1500,Apartments,Apartment Bathroom,69574404.2,69574404.2
PINK,1500,Apartments,Apartment Entrance Doors,9789180,9789180
PINK,1500,Apartments,Apartment Kitchen,57446727.1,57446727.1
PINK,1500,Apartments,Apartment Renovation,127077308.8,142770772.7
PINK,1500,Building Exterior/Facade/Window,Brickwork,64304897.83,64304897.83
PINK,1500,Building Exterior/Facade/Window,Building Windows,56191510.19,56191510.19
PINK,1500,Building Exterior/Facade/Window,Entrances/Exits,2052149.72,2052149.72
PINK,1500,Building Exterior/Facade/Window,Foundations,1358987.45,1358987.45
PINK,1500,Common Areas/Lobbies,Building Common Area Finishes ,8401333.51,8401333.51
PINK,1500,Common Areas/Lobbies,Building Common Areas - Bathroom,512176.05,1138169
PINK,1500,Common Areas/Lobbies,Building Gymnasium,251383.12,251383.12
PINK,1500,Common Areas/Lobbies,Interior Building Doors,5848574.05,5848574.05
PINK,1500,Common Areas/Lobbies,Interior Building Stairs,,17231046.59
PINK,1500,Common Areas/Lobbies,Non Residential Kitchen,856219.41,1278309.43
PINK,1500,Elevators,Elevators,32192901.18,32192901.18
PINK,1500,Fire Protection,Fire Alarm,,175669.98
PINK,1500,Grounds,Building Exterior Walkways and Retaining Walls,401362.97,401362.97
PINK,1500,Grounds,Fixed Site Equipment,13083.62,13083.62
PINK,1500,Grounds,Landscaping,4816,4816
PINK,1500,Grounds,Lighting - Exterior Security,843307.05,1154428.71
PINK,1500,Grounds,Open Spaces,,11999495.62
PINK,1500,Grounds,Parking Lot,5311821.45,5311821.45
PINK,1500,Grounds,Paving - Non-Vehicular Area,4145974,4145974
PINK,1500,Grounds,Playgrounds,1139989.2,1139989.2
PINK,1500,Grounds,Site Fences,6351118.8,6351118.8
PINK,1500,Grounds,Site Lighting,660467.5,660467.5
PINK,1500,Grounds,Stairs / Ramps,1110796.95,1545303.35
PINK,1500,Grounds,Storm Piping,,3480475
PINK,1500,Heating,Building Steam Piping,84418879.92,84981932.32
PINK,1500,Heating,Common Spaces Radiator / Convector / Baseboard,,851547.51
PINK,1500,Heating,Decarbonization,0,0
PINK,1500,Heating,Heating System,56475.46,21044393.93
PINK,1500,Heating,Underground Steam and Condensate Return Piping,7585816,7585816
PINK,1500,Interior Electrical/Lighting,Electrical System,5825563.47,15740669.26
PINK,1500,Interior Electrical/Lighting,Emergency and Exit Lighting and Panels,15572.42,74765.64
PINK,1500,Interior Electrical/Lighting,Emergency Call System (For Sr Citizens),4444.03,4444.03
PINK,1500,Interior Electrical/Lighting,Interior Lighting Fixture,4982514.74,5043734.14
PINK,1500,Interior Electrical/Lighting,PA System,,21667.7
PINK,1500,Interior Electrical/Lighting,Telephone/Intercom,518787.36,815237.28
PINK,1500,Interior Electrical/Lighting,Transformer,318897.26,478345.89
PINK,1500,Lead Based Paint,Lead Based Paint,6490522.75,6490522.75
PINK,1500,Plumbing,Building Drainage,456044.82,3284132.37
PINK,1500,Plumbing,Building Sewage System,,10131994.8
PINK,1500,Plumbing,Domestic Hot Water System,1512567.32,1512567.32
PINK,1500,Plumbing,Domestic Water System,75111.02,751110.2
PINK,1500,Plumbing,Underground Hydronic Piping,5132933,5132933
PINK,1500,Plumbing,Underground Natural Gas Piping,2125844,2125844
PINK,1500,Roofs,Building Roof/Parapets/Misc,2109247.81,2109247.81
PINK,1500,Safety And Security,Additional Security,10502238.6,10502238.6
PINK,1500,Safety And Security,CCTV,,841685.88
PINK,1500,Safety And Security,Intrusion Alarm,107323.29,321969.87
PINK,1500,Ventilation/Air Conditioning,Air Conditioning,45383.32,568226.19
PINK,1500,Ventilation/Air Conditioning,Building Ductwork,786.54,786.54
PINK,1500,Ventilation/Air Conditioning,Exhaust Fan,19275.53,19275.53
PINK,1500,Waste Management,Garbage Chute,17273.52,17273.52
PINK,1500,Waste Management,Waste Infrastructure,4633913.3,4633913.3
POLO GROUNDS TOWERS,1614,Apartments,Apartment 504 Access,3800000,3800000
POLO GROUNDS TOWERS,1614,Apartments,Apartment Bathroom,60255526.62,81189486.33
POLO GROUNDS TOWERS,1614,Apartments,Apartment Entrance Doors,10533157.68,10533157.68
POLO GROUNDS TOWERS,1614,Apartments,Apartment Kitchen,47075357.78,63105218.88
POLO GROUNDS TOWERS,1614,Apartments,Apartment Renovation,42305547.05,121730581.6
POLO GROUNDS TOWERS,1614,Building Exterior/Facade/Window,Brickwork,8482734.02,9382734.02
POLO GROUNDS TOWERS,1614,Building Exterior/Facade/Window,Building Windows,885435.03,46119786.39
POLO GROUNDS TOWERS,1614,Building Exterior/Facade/Window,Entrances/Exits,1886584.44,1949031.98
POLO GROUNDS TOWERS,1614,Building Exterior/Facade/Window,Foundations,92964.3,92964.3
POLO GROUNDS TOWERS,1614,Common Areas/Lobbies,Building Common Area Finishes ,7903197.49,10206311.44
POLO GROUNDS TOWERS,1614,Common Areas/Lobbies,Building Common Areas - Bathroom,1538939.9,2449475.1
POLO GROUNDS TOWERS,1614,Common Areas/Lobbies,Building Gymnasium,,677674.56
POLO GROUNDS TOWERS,1614,Common Areas/Lobbies,Building Locker Room and Shower,,8601.8
POLO GROUNDS TOWERS,1614,Common Areas/Lobbies,Interior Building Doors,3172073.35,4380903.55
POLO GROUNDS TOWERS,1614,Common Areas/Lobbies,Interior Building Stairs,22557319.4,22682636.1
POLO GROUNDS TOWERS,1614,Common Areas/Lobbies,Non Residential Kitchen,,2146057.91
POLO GROUNDS TOWERS,1614,Elevators,Elevators,199513.18,35319041.74
POLO GROUNDS TOWERS,1614,Fire Protection,Fire Alarm,,527009.94
POLO GROUNDS TOWERS,1614,Fire Protection,Fire Sprinkler,516.21,53901.81
POLO GROUNDS TOWERS,1614,Fire Protection,Standpipe System,2512.54,2512.54
POLO GROUNDS TOWERS,1614,Grounds,Building Exterior Walkways and Retaining Walls,2443819.1,2443819.1
POLO GROUNDS TOWERS,1614,Grounds,Landscaping,51490,51490
POLO GROUNDS TOWERS,1614,Grounds,Lighting - Exterior Security,0,0
POLO GROUNDS TOWERS,1614,Grounds,Open Spaces,,11798061.11
POLO GROUNDS TOWERS,1614,Grounds,Parking Lot,4542095,4542095
POLO GROUNDS TOWERS,1614,Grounds,Paving - Non-Vehicular Area,4171000,4171000
POLO GROUNDS TOWERS,1614,Grounds,Playgrounds,1300404,1300404
POLO GROUNDS TOWERS,1614,Grounds,Site Fences,5310300,5310300
POLO GROUNDS TOWERS,1614,Grounds,Site Walls (Not Retaining Walls),3852.8,3852.8
POLO GROUNDS TOWERS,1614,Grounds,Stairs / Ramps,164315.7,327840.7
POLO GROUNDS TOWERS,1614,Heating,Common Spaces Radiator / Convector / Baseboard,1006374.33,1384839.89
POLO GROUNDS TOWERS,1614,Heating,Decarbonization,113596325.2,113596325.2
POLO GROUNDS TOWERS,1614,Heating,Hot Water System,,890705.2
POLO GROUNDS TOWERS,1614,Heating,Through Wall/Window Heat Pump,,24933.3
POLO GROUNDS TOWERS,1614,Interior Electrical/Lighting,Electrical System,1131298.37,2075492.31
POLO GROUNDS TOWERS,1614,Interior Electrical/Lighting,Emergency and Exit Lighting and Panels,,132531.98
POLO GROUNDS TOWERS,1614,Interior Electrical/Lighting,Emergency Generator Set,,242951.93
POLO GROUNDS TOWERS,1614,Interior Electrical/Lighting,Interior Lighting Fixture,98194.86,98194.86
POLO GROUNDS TOWERS,1614,Interior Electrical/Lighting,PA System,,21667.7
POLO GROUNDS TOWERS,1614,Interior Electrical/Lighting,Public Address System,,21667.7
POLO GROUNDS TOWERS,1614,Interior Electrical/Lighting,Transformer,0,0
POLO GROUNDS TOWERS,1614,Lead Based Paint,Lead Based Paint,2540937.03,2540937.03
POLO GROUNDS TOWERS,1614,Plumbing,Building Drainage,39717.34,201287.98
POLO GROUNDS TOWERS,1614,Plumbing,Building Sewage System,91642.5,91642.5
POLO GROUNDS TOWERS,1614,Plumbing,Domestic Water System,48741.8,48741.8
POLO GROUNDS TOWERS,1614,Plumbing,Non Residential Spaces Plumbing Fixtures,3401.06,3401.06
POLO GROUNDS TOWERS,1614,Plumbing,Roof Tank,2276729.56,2276729.56
POLO GROUNDS TOWERS,1614,Plumbing,Underground Natural Gas Piping,,739424
POLO GROUNDS TOWERS,1614,Roofs,Building Roof/Parapets/Misc,6574322.3,9480614.48
POLO GROUNDS TOWERS,1614,Safety And Security,Additional Security,8273307,8273307
POLO GROUNDS TOWERS,1614,Safety And Security,CCTV,,21322708.96
POLO GROUNDS TOWERS,1614,Ventilation/Air Conditioning,Air Conditioning,99885.48,608944.55
POLO GROUNDS TOWERS,1614,Ventilation/Air Conditioning,Exhaust Fan,9495.26,32863.96
POLO GROUNDS TOWERS,1614,Ventilation/Air Conditioning,Other Fans,,52289.79
POLO GROUNDS TOWERS,1614,Waste Management,Garbage Chute,3474.72,3474.72
POLO GROUNDS TOWERS,1614,Waste Management,Interior Compactor,127653.38,510613.52
POLO GROUNDS TOWERS,1614,Waste Management,Waste Infrastructure,38000000,38000000
POMONOK,2071,Apartments,Apartment 504 Access,4800000,4800000
POMONOK,2071,Apartments,Apartment Bathroom,92827510.72,95601241.12
POMONOK,2071,Apartments,Apartment Entrance Doors,13515594.52,13515594.52
POMONOK,2071,Apartments,Apartment Kitchen,77004691.6,79305628.6
POMONOK,2071,Apartments,Apartment Renovation,148928760.7,165796216.8
POMONOK,2071,Building Exterior/Facade/Window,Brickwork,,8800000
POMONOK,2071,Building Exterior/Facade/Window,Building Windows,17232.23,17232.23
POMONOK,2071,Building Exterior/Facade/Window,Entrances/Exits,5558456.78,5558456.78
POMONOK,2071,Common Areas/Lobbies,Building Common Area Finishes ,10086904.79,10086904.79
POMONOK,2071,Common Areas/Lobbies,Building Common Areas - Bathroom,910535.2,1422711.25
POMONOK,2071,Common Areas/Lobbies,Interior Building Doors,14336464.25,14336464.25
POMONOK,2071,Common Areas/Lobbies,Interior Building Stairs,39146.39,59376605.03
POMONOK,2071,Common Areas/Lobbies,Non Residential Kitchen,856219.41,1278309.43
POMONOK,2071,Elevators,Elevators,80021740.04,80021740.04
POMONOK,2071,Grounds,Building Exterior Walkways and Retaining Walls,3824161.98,3826772.38
POMONOK,2071,Grounds,Fixed Site Equipment,88886.19,88886.19
POMONOK,2071,Grounds,Landscaping,274748.14,274748.14
POMONOK,2071,Grounds,Lighting - Exterior Security,3175789.02,3175789.02
POMONOK,2071,Grounds,Open Spaces,,13380271.85
POMONOK,2071,Grounds,Parking Lot,8375732,8375732
POMONOK,2071,Grounds,Paving - Non-Vehicular Area,3753900,3753900
POMONOK,2071,Grounds,Playgrounds,891298.8,891298.8
POMONOK,2071,Grounds,Site Fences,4513755,4513755
POMONOK,2071,Grounds,Site Lighting,597135,597135
POMONOK,2071,Grounds,Site Walls (Not Retaining Walls),1274.9,1274.9
POMONOK,2071,Grounds,Stairs / Ramps,59774.77,1079779.47
POMONOK,2071,Grounds,Storm Piping,,5568760
POMONOK,2071,Heating,Decarbonization,164945652.5,164945652.5
POMONOK,2071,Heating,Heating System,2494.96,2494.96
POMONOK,2071,Heating,Through Wall/Window Heat Pump,4986.66,4986.66
POMONOK,2071,Interior Electrical/Lighting,Electrical System,6660655.93,22149333.36
POMONOK,2071,Interior Electrical/Lighting,Emergency and Exit Lighting and Panels,86476.48,86476.48
POMONOK,2071,Interior Electrical/Lighting,Interior Lighting Fixture,8192288.18,8192288.18
POMONOK,2071,Interior Electrical/Lighting,Telephone/Intercom,329602.11,551939.55
POMONOK,2071,Lead Based Paint,Lead Based Paint,24547367.1,24547367.1
POMONOK,2071,Plumbing,Building Drainage,96803.28,32272118.46
POMONOK,2071,Plumbing,Building Sewage System,83613.64,32258928.82
POMONOK,2071,Plumbing,Domestic Hot Water System,8756.72,269228.82
POMONOK,2071,Plumbing,Domestic Water System,,137224057.2
POMONOK,2071,Plumbing,Gas Risers,11658.96,11658.96
POMONOK,2071,Plumbing,Non Residential Spaces Plumbing Fixtures,6802.12,6802.12
POMONOK,2071,Plumbing,Roof Tank,,327293.8
POMONOK,2071,Plumbing,Underground Hydronic Piping,35707360,35707360
POMONOK,2071,Plumbing,Underground Natural Gas Piping,7394240,7394240
POMONOK,2071,Safety And Security,Additional Security,31320349.2,31320349.2
POMONOK,2071,Ventilation/Air Conditioning,Air Conditioning,125775.08,125775.08
POMONOK,2071,Ventilation/Air Conditioning,Building Ductwork,4579.16,4579.16
POMONOK,2071,Ventilation/Air Conditioning,Exhaust Fan,10117.8,10117.8
POMONOK,2071,Waste Management,Garbage Chute,136479.24,136479.24
POMONOK,2071,Waste Management,Waste Infrastructure,11729023.89,11729023.89
QUEENSBRIDGE NORTH,1543,Apartments,Apartment 504 Access,3600000,3600000
QUEENSBRIDGE NORTH,1543,Apartments,Apartment Bathroom,18428361.63,73117079.35
QUEENSBRIDGE NORTH,1543,Apartments,Apartment Entrance Doors,7381041.72,10069803.16
QUEENSBRIDGE NORTH,1543,Apartments,Apartment Kitchen,27766526.75,59327712.6
QUEENSBRIDGE NORTH,1543,Apartments,Apartment Renovation,7840924.01,81950576.28
QUEENSBRIDGE NORTH,1543,Building Exterior/Facade/Window,Brickwork,32904643.63,32904643.63
QUEENSBRIDGE NORTH,1543,Building Exterior/Facade/Window,Building Windows,51379356.53,61731283.53
QUEENSBRIDGE NORTH,1543,Building Exterior/Facade/Window,Entrances/Exits,1876777.08,2752219.82
QUEENSBRIDGE NORTH,1543,Building Exterior/Facade/Window,Foundations,75163.6,75163.6
QUEENSBRIDGE NORTH,1543,Common Areas/Lobbies,Building Common Area Finishes ,2596836.88,6974453.18
QUEENSBRIDGE NORTH,1543,Common Areas/Lobbies,Building Common Areas - Bathroom,227633.8,2674697.15
QUEENSBRIDGE NORTH,1543,Common Areas/Lobbies,Building Gymnasium,2421.9,139092.82
QUEENSBRIDGE NORTH,1543,Common Areas/Lobbies,Building Locker Room and Shower,,13637
QUEENSBRIDGE NORTH,1543,Common Areas/Lobbies,Interior Building Doors,1211474.46,1581175.16
QUEENSBRIDGE NORTH,1543,Common Areas/Lobbies,Interior Building Stairs,17669654.7,17982946.45
QUEENSBRIDGE NORTH,1543,Common Areas/Lobbies,Non Residential Kitchen,,2539128.02
QUEENSBRIDGE NORTH,1543,Elevators,Elevators,40972783.32,69564331.39
QUEENSBRIDGE NORTH,1543,Fire Protection,Fire Alarm,351339.96,527009.94
QUEENSBRIDGE NORTH,1543,Fire Protection,Fire Sprinkler,1032.42,690596.42
QUEENSBRIDGE NORTH,1543,Grounds,Building Exterior Walkways and Retaining Walls,4446974.24,4488088.04
QUEENSBRIDGE NORTH,1543,Grounds,Landscaping,1355,1355
QUEENSBRIDGE NORTH,1543,Grounds,Open Spaces,,0
QUEENSBRIDGE NORTH,1543,Grounds,Paving - Non-Vehicular Area,5066513.7,5066513.7
QUEENSBRIDGE NORTH,1543,Grounds,Playgrounds,2234037.12,2234037.12
QUEENSBRIDGE NORTH,1543,Grounds,Site Fences,4871315.2,4871315.2
QUEENSBRIDGE NORTH,1543,Grounds,Site Walls (Not Retaining Walls),1484.2,1484.2
QUEENSBRIDGE NORTH,1543,Grounds,Stairs / Ramps,478416.36,491498.36
QUEENSBRIDGE NORTH,1543,Grounds,Storm Piping,1531409,1531409
QUEENSBRIDGE NORTH,1543,Heating,Air Source Heat Pump,,26865.51
QUEENSBRIDGE NORTH,1543,Heating,Building Steam Piping,97132768.78,97132768.78
QUEENSBRIDGE NORTH,1543,Heating,Common Spaces Radiator / Convector / Baseboard,,1410644.36
QUEENSBRIDGE NORTH,1543,Heating,Decarbonization,36782682.23,36782682.23
QUEENSBRIDGE NORTH,1543,Heating,Heating System,68367.69,31465119.14
QUEENSBRIDGE NORTH,1543,Heating,Through Wall/Window Heat Pump,,39893.28
QUEENSBRIDGE NORTH,1543,Heating,Underground Steam and Condensate Return Piping,5435023,5435023
QUEENSBRIDGE NORTH,1543,Interior Electrical/Lighting,Electrical System,21240028.14,23468829.2
QUEENSBRIDGE NORTH,1543,Interior Electrical/Lighting,Emergency and Exit Lighting and Panels,54683.03,483913.94
QUEENSBRIDGE NORTH,1543,Interior Electrical/Lighting,Interior Lighting Fixture,771602.04,771602.04
QUEENSBRIDGE NORTH,1543,Interior Electrical/Lighting,PA System,,43335.4
QUEENSBRIDGE NORTH,1543,Interior Electrical/Lighting,Telephone/Intercom,1556362.08,1630474.56
QUEENSBRIDGE NORTH,1543,Lead Based Paint,Lead Based Paint,9934044.06,9934044.06
QUEENSBRIDGE NORTH,1543,Plumbing,Building Drainage,5410099.71,5740394.31
QUEENSBRIDGE NORTH,1543,Plumbing,Building Sewage System,10832143.5,10939651.2
QUEENSBRIDGE NORTH,1543,Plumbing,Domestic Water System,15871555,75432888
QUEENSBRIDGE NORTH,1543,Plumbing,Gas Risers,,20563177.9
QUEENSBRIDGE NORTH,1543,Plumbing,Underground Natural Gas Piping,646996,646996
QUEENSBRIDGE NORTH,1543,Roofs,Building Roof/Parapets/Misc,606408.4,606408.4
QUEENSBRIDGE NORTH,1543,Safety And Security,Additional Security,14743629.6,14743629.6
QUEENSBRIDGE NORTH,1543,Safety And Security,CCTV,,3647305.48
QUEENSBRIDGE NORTH,1543,Safety And Security,Intrusion Alarm,,107323.29
QUEENSBRIDGE NORTH,1543,Ventilation/Air Conditioning,Air Conditioning,10687.75,221699.4
QUEENSBRIDGE NORTH,1543,Ventilation/Air Conditioning,Exhaust Fan,,205644.56
QUEENSBRIDGE NORTH,1543,Ventilation/Air Conditioning,Other Fans,,17429.93
QUEENSBRIDGE NORTH,1543,Waste Management,Garbage Chute,1737.36,1737.36
QUEENSBRIDGE NORTH,1543,Waste Management,Waste Infrastructure,5349841.18,5349841.18
QUEENSBRIDGE SOUTH,1604,Apartments,Apartment 504 Access,3800000,3800000
QUEENSBRIDGE SOUTH,1604,Apartments,Apartment Bathroom,16590977.13,75902578.85
QUEENSBRIDGE SOUTH,1604,Apartments,Apartment Entrance Doors,10135064.36,10467896.48
QUEENSBRIDGE SOUTH,1604,Apartments,Apartment Kitchen,9517904.2,62171012.55
QUEENSBRIDGE SOUTH,1604,Apartments,Apartment Renovation,34676129.05,101575990.3
QUEENSBRIDGE SOUTH,1604,Building Exterior/Facade/Window,Brickwork,33001232.03,33001232.03
QUEENSBRIDGE SOUTH,1604,Building Exterior/Facade/Window,Building Windows,64238710.05,64238710.05
QUEENSBRIDGE SOUTH,1604,Building Exterior/Facade/Window,Entrances/Exits,2388733.6,3300953.7
QUEENSBRIDGE SOUTH,1604,Building Exterior/Facade/Window,Foundations,194297.5,194297.5
QUEENSBRIDGE SOUTH,1604,Common Areas/Lobbies,Building Common Area Finishes ,2154265.96,7473889.43
QUEENSBRIDGE SOUTH,1604,Common Areas/Lobbies,Building Common Areas - Bathroom,455267.6,2390154.9
QUEENSBRIDGE SOUTH,1604,Common Areas/Lobbies,Building Locker Room and Shower,,12588
QUEENSBRIDGE SOUTH,1604,Common Areas/Lobbies,Interior Building Doors,1450736.25,1914677.25
QUEENSBRIDGE SOUTH,1604,Common Areas/Lobbies,Interior Building Stairs,16165854.3,17669654.7
QUEENSBRIDGE SOUTH,1604,Common Areas/Lobbies,Non Residential Kitchen,1688360.08,3450133.34
QUEENSBRIDGE SOUTH,1604,Elevators,Elevators,61459174.98,71702370.81
QUEENSBRIDGE SOUTH,1604,Fire Protection,Fire Sprinkler,,266928
QUEENSBRIDGE SOUTH,1604,Grounds,Building Exterior Walkways and Retaining Walls,4616369.86,4660224.58
QUEENSBRIDGE SOUTH,1604,Grounds,Fixed Site Equipment,2178.77,2178.77
QUEENSBRIDGE SOUTH,1604,Grounds,Lighting - Exterior Security,60377.89,60377.89
QUEENSBRIDGE SOUTH,1604,Grounds,Open Spaces,,0
QUEENSBRIDGE SOUTH,1604,Grounds,Parking Lot,978529.79,978529.79
QUEENSBRIDGE SOUTH,1604,Grounds,Paving - Non-Vehicular Area,5619171.2,5619171.2
QUEENSBRIDGE SOUTH,1604,Grounds,Playgrounds,536772.6,536772.6
QUEENSBRIDGE SOUTH,1604,Grounds,Site Fences,4998762.4,4998762.4
QUEENSBRIDGE SOUTH,1604,Grounds,Site Walls (Not Retaining Walls),1113.15,1113.15
QUEENSBRIDGE SOUTH,1604,Grounds,Stairs / Ramps,652192.5,652192.5
QUEENSBRIDGE SOUTH,1604,Grounds,Storm Piping,1949066,1949066
QUEENSBRIDGE SOUTH,1604,Heating,Building Steam Piping,94023147.59,94023147.59
QUEENSBRIDGE SOUTH,1604,Heating,Common Spaces Radiator / Convector / Baseboard,,696720.69
QUEENSBRIDGE SOUTH,1604,Heating,Decarbonization,38286451.85,38286451.85
QUEENSBRIDGE SOUTH,1604,Heating,Heating System,30670.44,31229757.78
QUEENSBRIDGE SOUTH,1604,Heating,Through Wall/Window Heat Pump,6293.62,96053.5
QUEENSBRIDGE SOUTH,1604,Heating,Underground Steam and Condensate Return Piping,6917302,6917302
QUEENSBRIDGE SOUTH,1604,Interior Electrical/Lighting,Electrical System,24851997.74,24928271.72
QUEENSBRIDGE SOUTH,1604,Interior Electrical/Lighting,Emergency and Exit Lighting and Panels,53113.39,166157.73
QUEENSBRIDGE SOUTH,1604,Interior Electrical/Lighting,Interior Lighting Fixture,1067738.62,1067738.62
QUEENSBRIDGE SOUTH,1604,Interior Electrical/Lighting,Telephone/Intercom,4298523.84,4298523.84
QUEENSBRIDGE SOUTH,1604,Lead Based Paint,Lead Based Paint,23472145.7,23472145.7
QUEENSBRIDGE SOUTH,1604,Plumbing,Building Drainage,6165683.64,6224436.6
QUEENSBRIDGE SOUTH,1604,Plumbing,Building Sewage System,11240869.05,11240869.05
QUEENSBRIDGE SOUTH,1604,Plumbing,Domestic Water System,63572223.5,77094319.25
QUEENSBRIDGE SOUTH,1604,Plumbing,Gas Risers,,20891797.2
QUEENSBRIDGE SOUTH,1604,Plumbing,Underground Natural Gas Piping,138642,138642
QUEENSBRIDGE SOUTH,1604,Roofs,Building Roof/Parapets/Misc,464168.14,1024963.34
QUEENSBRIDGE SOUTH,1604,Safety And Security,Additional Security,15660762.6,15660762.6
QUEENSBRIDGE SOUTH,1604,Safety And Security,CCTV,,9539106.64
QUEENSBRIDGE SOUTH,1604,Safety And Security,Intrusion Alarm,107323.29,107323.29
QUEENSBRIDGE SOUTH,1604,Ventilation/Air Conditioning,Air Conditioning,8248.46,106053.57
QUEENSBRIDGE SOUTH,1604,Ventilation/Air Conditioning,Building Ductwork,430.85,430.85
QUEENSBRIDGE SOUTH,1604,Ventilation/Air Conditioning,Exhaust Fan,4821.52,201118.6
QUEENSBRIDGE SOUTH,1604,Waste Management,Garbage Chute,7668,7668
QUEENSBRIDGE SOUTH,1604,Waste Management,Waste Infrastructure,7134707.69,7134707.69
RALPH AVENUE REHAB,118,Apartments,Apartment 504 Access,200000,200000
RALPH AVENUE REHAB,118,Apartments,Apartment Bathroom,6841868.32,6841868.32
RALPH AVENUE REHAB,118,Apartments,Apartment Entrance Doors,770082.16,770082.16
RALPH AVENUE REHAB,118,Apartments,Apartment Kitchen,4525176.1,4525176.1
RALPH AVENUE REHAB,118,Apartments,Apartment Renovation,10942125.41,11623532.83
RALPH AVENUE REHAB,118,Building Exterior/Facade/Window,Brickwork,98967,98967
RALPH AVENUE REHAB,118,Building Exterior/Facade/Window,Building Windows,87670,6455889.92
RALPH AVENUE REHAB,118,Building Exterior/Facade/Window,Entrances/Exits,268559.08,268559.08
RALPH AVENUE REHAB,118,Building Exterior/Facade/Window,Fire Escapes,,4182528.96
RALPH AVENUE REHAB,118,Building Exterior/Facade/Window,Foundations,685198.1,685198.1
RALPH AVENUE REHAB,118,Common Areas/Lobbies,Building Common Area Finishes ,907057.91,1069697.82
RALPH AVENUE REHAB,118,Common Areas/Lobbies,Interior Building Doors,436246.8,436246.8
RALPH AVENUE REHAB,118,Common Areas/Lobbies,Interior Building Stairs,,2882284.16
RALPH AVENUE REHAB,118,Grounds,Lighting - Exterior Security,551800.68,551800.68
RALPH AVENUE REHAB,118,Grounds,Open Spaces,,1065289.45
RALPH AVENUE REHAB,118,Grounds,Paving - Non-Vehicular Area,840665.05,840665.05
RALPH AVENUE REHAB,118,Grounds,Playgrounds,75936,75936
RALPH AVENUE REHAB,118,Grounds,Site Fences,148688.4,148688.4
RALPH AVENUE REHAB,118,Grounds,Site Lighting,27142.5,27142.5
RALPH AVENUE REHAB,118,Grounds,Stairs / Ramps,21327.5,209826.6
RALPH AVENUE REHAB,118,Heating,Common Spaces Radiator / Convector / Baseboard,,516089.4
RALPH AVENUE REHAB,118,Heating,Decarbonization,5488475.35,5488475.35
RALPH AVENUE REHAB,118,Interior Electrical/Lighting,Electrical System,,4999947.8
RALPH AVENUE REHAB,118,Interior Electrical/Lighting,Emergency and Exit Lighting and Panels,,5025.51
RALPH AVENUE REHAB,118,Interior Electrical/Lighting,Interior Lighting Fixture,771145.84,771145.84
RALPH AVENUE REHAB,118,Interior Electrical/Lighting,Telephone/Intercom,296449.92,370562.4
RALPH AVENUE REHAB,118,Lead Based Paint,Lead Based Paint,0,0
RALPH AVENUE REHAB,118,Plumbing,Building Drainage,29376.48,29376.48
RALPH AVENUE REHAB,118,Plumbing,Domestic Hot Water System,113308.6,355996.64
RALPH AVENUE REHAB,118,Roofs,Building Roof/Parapets/Misc,4791603.91,4791603.91
RALPH AVENUE REHAB,118,Safety And Security,Additional Security,2752222.2,2752222.2
RALPH AVENUE REHAB,118,Ventilation/Air Conditioning,Exhaust Fan,1445.4,1445.4
RALPH AVENUE REHAB,118,Waste Management,Garbage Chute,27797.76,27797.76
RALPH AVENUE REHAB,118,Waste Management,Waste Infrastructure,2308912.3,2308912.3
RANDALL AVENUE-BALCOM AVENUE,252,Apartments,Apartment 504 Access,600000,600000
RANDALL AVENUE-BALCOM AVENUE,252,Apartments,Apartment Bathroom,11557210,11557210
RANDALL AVENUE-BALCOM AVENUE,252,Apartments,Apartment Entrance Doors,1644582.24,1644582.24
RANDALL AVENUE-BALCOM AVENUE,252,Apartments,Apartment Kitchen,9587237.5,9587237.5
RANDALL AVENUE-BALCOM AVENUE,252,Apartments,Apartment Renovation,16400851.18,17228322.8
RANDALL AVENUE-BALCOM AVENUE,252,Building Exterior/Facade/Window,Brickwork,1738,1201738
RANDALL AVENUE-BALCOM AVENUE,252,Building Exterior/Facade/Window,Building Windows,3516001.19,3516001.19
RANDALL AVENUE-BALCOM AVENUE,252,Building Exterior/Facade/Window,Entrances/Exits,289076.83,289076.83
RANDALL AVENUE-BALCOM AVENUE,252,Building Exterior/Facade/Window,Foundations,11707.8,11707.8
RANDALL AVENUE-BALCOM AVENUE,252,Common Areas/Lobbies,Building Common Area Finishes ,1779892.02,1992031.02
RANDALL AVENUE-BALCOM AVENUE,252,Common Areas/Lobbies,Building Common Areas - Bathroom,341450.7,512176.05
RANDALL AVENUE-BALCOM AVENUE,252,Common Areas/Lobbies,Interior Building Doors,990957.08,990957.08
RANDALL AVENUE-BALCOM AVENUE,252,Common Areas/Lobbies,Interior Building Stairs,,2443675.7
RANDALL AVENUE-BALCOM AVENUE,252,Common Areas/Lobbies,Non Residential Kitchen,450382.68,872472.7
RANDALL AVENUE-BALCOM AVENUE,252,Elevators,Elevators,8779882.14,8779882.14
RANDALL AVENUE-BALCOM AVENUE,252,Fire Protection,Fire Alarm,231416.56,295216.54
RANDALL AVENUE-BALCOM AVENUE,252,Fire Protection,Fire Sprinkler,0,0
RANDALL AVENUE-BALCOM AVENUE,252,Fire Protection,Standpipe System,,353224.8
RANDALL AVENUE-BALCOM AVENUE,252,Grounds,Building Exterior Walkways and Retaining Walls,140119.5,140119.5
RANDALL AVENUE-BALCOM AVENUE,252,Grounds,Fixed Site Equipment,4660.92,4660.92
RANDALL AVENUE-BALCOM AVENUE,252,Grounds,Lighting - Exterior Security,334602.54,334602.54
RANDALL AVENUE-BALCOM AVENUE,252,Grounds,Open Spaces,,2173266.88
RANDALL AVENUE-BALCOM AVENUE,252,Grounds,Parking Lot,1593054.75,1593054.75
RANDALL AVENUE-BALCOM AVENUE,252,Grounds,Paving - Non-Vehicular Area,1515157.46,1515157.46
RANDALL AVENUE-BALCOM AVENUE,252,Grounds,Site Fences,513329,513329
RANDALL AVENUE-BALCOM AVENUE,252,Grounds,Site Lighting,280472.5,280472.5
RANDALL AVENUE-BALCOM AVENUE,252,Grounds,Stairs / Ramps,9647.9,19232.6
RANDALL AVENUE-BALCOM AVENUE,252,Grounds,Storm Piping,,696095
RANDALL AVENUE-BALCOM AVENUE,252,Heating,Common Spaces Radiator / Convector / Baseboard,129022.35,344059.6
RANDALL AVENUE-BALCOM AVENUE,252,Heating,Decarbonization,17665847.35,17665847.35
RANDALL AVENUE-BALCOM AVENUE,252,Heating,Hot Water System,3238928,4103869
RANDALL AVENUE-BALCOM AVENUE,252,Heating,Through Wall/Window Heat Pump,9220.16,9220.16
RANDALL AVENUE-BALCOM AVENUE,252,Interior Electrical/Lighting,Electrical System,,5855269.03
RANDALL AVENUE-BALCOM AVENUE,252,Interior Electrical/Lighting,Emergency and Exit Lighting and Panels,47302.19,47302.19
RANDALL AVENUE-BALCOM AVENUE,252,Interior Electrical/Lighting,Emergency Generator Set,,506041.18
RANDALL AVENUE-BALCOM AVENUE,252,Interior Electrical/Lighting,Interior Lighting Fixture,1143195.51,1143195.51
RANDALL AVENUE-BALCOM AVENUE,252,Interior Electrical/Lighting,Telephone/Intercom,74112.48,296449.92
RANDALL AVENUE-BALCOM AVENUE,252,Lead Based Paint,Lead Based Paint,0,0
RANDALL AVENUE-BALCOM AVENUE,252,Plumbing,Building Drainage,58752.96,315351.96
RANDALL AVENUE-BALCOM AVENUE,252,Plumbing,Building Sewage System,5875.8,1472155.8
RANDALL AVENUE-BALCOM AVENUE,252,Plumbing,Domestic Water System,226546.5,10625151.5
RANDALL AVENUE-BALCOM AVENUE,252,Plumbing,Gas Risers,3236.53,3236.53
RANDALL AVENUE-BALCOM AVENUE,252,Plumbing,Non Residential Spaces Plumbing Fixtures,4032.53,4032.53
RANDALL AVENUE-BALCOM AVENUE,252,Plumbing,Underground Hydronic Piping,669513,669513
RANDALL AVENUE-BALCOM AVENUE,252,Plumbing,Underground Natural Gas Piping,277284,277284
RANDALL AVENUE-BALCOM AVENUE,252,Roofs,Building Roof/Parapets/Misc,4706015.78,4706015.78
RANDALL AVENUE-BALCOM AVENUE,252,Safety And Security,Additional Security,1598772,1598772
RANDALL AVENUE-BALCOM AVENUE,252,Ventilation/Air Conditioning,Air Conditioning,63516.63,178171.97
RANDALL AVENUE-BALCOM AVENUE,252,Ventilation/Air Conditioning,Exhaust Fan,36161.54,36161.54
RANDALL AVENUE-BALCOM AVENUE,252,Waste Management,Garbage Chute,3525.6,3525.6
RANDALL AVENUE-BALCOM AVENUE,252,Waste Management,Waste Infrastructure,2173750.48,2173750.48
RANGEL,984,Apartments,Apartment 504 Access,2200000,2200000
RANGEL,984,Apartments,Apartment Bathroom,45396720.88,45396720.88
RANGEL,984,Apartments,Apartment Entrance Doors,6421702.08,6421702.08
RANGEL,984,Apartments,Apartment Kitchen,37658668.9,37658668.9
RANGEL,984,Apartments,Apartment Renovation,89847062.1,94869510.92
RANGEL,984,Building Exterior/Facade/Window,Brickwork,23396660.92,23396660.92
RANGEL,984,Building Exterior/Facade/Window,Building Windows,47898766.33,47898766.33
RANGEL,984,Building Exterior/Facade/Window,Entrances/Exits,739212.35,739212.35
RANGEL,984,Building Exterior/Facade/Window,Foundations,416157.6,416157.6
RANGEL,984,Common Areas/Lobbies,Building Common Area Finishes ,4338661.92,4338661.92
RANGEL,984,Common Areas/Lobbies,Building Common Areas - Bathroom,625992.95,2333246.45
RANGEL,984,Common Areas/Lobbies,Interior Building Doors,3524747,3524747
RANGEL,984,Common Areas/Lobbies,Interior Building Stairs,4517.71,12974796.42
RANGEL,984,Common Areas/Lobbies,Non Residential Kitchen,3812996.21,3812996.21
RANGEL,984,Elevators,Elevators,,26531016.27
RANGEL,984,Fire Protection,Fire Alarm,,175669.98
RANGEL,984,Fire Protection,Fire Sprinkler,0,0
RANGEL,984,Fire Protection,Standpipe System,,1156939.2
RANGEL,984,Grounds,Building Exterior Walkways and Retaining Walls,571662.55,571662.55
RANGEL,984,Grounds,Fixed Site Equipment,1357.75,1357.75
RANGEL,984,Grounds,Lighting - Exterior Security,751388.16,751388.16
RANGEL,984,Grounds,Open Spaces,,2516032.74
RANGEL,984,Grounds,Parking Lot,3592209.9,3592209.9
RANGEL,984,Grounds,Paving - Non-Vehicular Area,1577472.2,1577472.2
RANGEL,984,Grounds,Playgrounds,353577,353577
RANGEL,984,Grounds,Site Fences,8404434.8,8404434.8
RANGEL,984,Grounds,Site Walls (Not Retaining Walls),12040,12040
RANGEL,984,Grounds,Stairs / Ramps,294619.44,910137.34
RANGEL,984,Grounds,Storm Piping,84159.03,1225754.83
RANGEL,984,Heating,Building Steam Piping,73691010.02,73859651.5
RANGEL,984,Heating,Common Spaces Radiator / Convector / Baseboard,,1221411.58
RANGEL,984,Heating,Decarbonization,0,0
RANGEL,984,Heating,Heating System,13722611.34,14150763.45
RANGEL,984,Heating,Underground Steam and Condensate Return Piping,5089157.9,5089157.9
RANGEL,984,Interior Electrical/Lighting,Electrical System,1332399.81,6305670.77
RANGEL,984,Interior Electrical/Lighting,Emergency and Exit Lighting and Panels,78250.11,91975.49
RANGEL,984,Interior Electrical/Lighting,Interior Lighting Fixture,2654089.98,2656168.9
RANGEL,984,Interior Electrical/Lighting,Telephone/Intercom,74112.48,148224.96
RANGEL,984,Lead Based Paint,Lead Based Paint,13305177.02,13305177.02
RANGEL,984,Plumbing,Building Drainage,117860.61,3106872.39
RANGEL,984,Plumbing,Building Sewage System,,9827375.13
RANGEL,984,Plumbing,Domestic Hot Water System,451503.18,488713.48
RANGEL,984,Plumbing,Domestic Water System,3661.6,45935003.55
RANGEL,984,Plumbing,Roof Tank,1220188.23,1220188.23
RANGEL,984,Plumbing,Underground Hydronic Piping,1606831.2,1606831.2
RANGEL,984,Plumbing,Underground Natural Gas Piping,610024.8,610024.8
RANGEL,984,Roofs,Building Roof/Parapets/Misc,222505.06,222505.06
RANGEL,984,Safety And Security,Additional Security,6045375,6045375
RANGEL,984,Ventilation/Air Conditioning,Air Conditioning,6436.75,129858.76
RANGEL,984,Waste Management,Garbage Chute,1704,1704
RANGEL,984,Waste Management,Interior Compactor,638266.9,638266.9
RANGEL,984,Waste Management,Waste Infrastructure,31740508.8,31740508.8
RAVENSWOOD,2166,Apartments,Apartment 504 Access,5000000,5000000
RAVENSWOOD,2166,Apartments,Apartment Bathroom,99761836.72,99761836.72
RAVENSWOOD,2166,Apartments,Apartment Entrance Doors,14135575.92,14135575.92
RAVENSWOOD,2166,Apartments,Apartment Kitchen,82757034.1,82757034.1
RAVENSWOOD,2166,Apartments,Apartment Renovation,168481118,200285117.3
RAVENSWOOD,2166,Building Exterior/Facade/Window,Brickwork,79028043.26,79028043.26
RAVENSWOOD,2166,Building Exterior/Facade/Window,Building Windows,78939866.9,78939866.9
RAVENSWOOD,2166,Building Exterior/Facade/Window,Entrances/Exits,3335262.76,3412134.68
RAVENSWOOD,2166,Building Exterior/Facade/Window,Foundations,589579.31,589579.31
RAVENSWOOD,2166,Common Areas/Lobbies,Building Common Area Finishes ,15810322.29,16176982.29
RAVENSWOOD,2166,Common Areas/Lobbies,Building Common Areas - Bathroom,284542.25,1365802.8
RAVENSWOOD,2166,Common Areas/Lobbies,Interior Building Doors,5497188.1,5611922.8
RAVENSWOOD,2166,Common Areas/Lobbies,Interior Building Stairs,4391.97,34779776.91
RAVENSWOOD,2166,Common Areas/Lobbies,Non Residential Kitchen,2537329.04,2537329.04
RAVENSWOOD,2166,Elevators,Elevators,192058.73,67112845.94
RAVENSWOOD,2166,Fire Protection,Fire Sprinkler,5162.2,5162.2
RAVENSWOOD,2166,Grounds,Building Exterior Walkways and Retaining Walls,519818.3,605961.5
RAVENSWOOD,2166,Grounds,Lighting - Exterior Security,950975.64,956845.86
RAVENSWOOD,2166,Grounds,Open Spaces,,11435459.55
RAVENSWOOD,2166,Grounds,Parking Lot,4891748,4891748
RAVENSWOOD,2166,Grounds,Playgrounds,1793988,1793988
RAVENSWOOD,2166,Grounds,Site Fences,15075941.7,15075941.7
RAVENSWOOD,2166,Grounds,Stairs / Ramps,233311.45,642561.05
RAVENSWOOD,2166,Grounds,Storm Piping,,6960950
RAVENSWOOD,2166,Heating,Building Steam Piping,143726036.4,143726036.4
RAVENSWOOD,2166,Heating,Common Spaces Radiator / Convector / Baseboard,561481.37,1249600.57
RAVENSWOOD,2166,Heating,Decarbonization,0,0
RAVENSWOOD,2166,Heating,Heating System,168674.42,24642343.73
RAVENSWOOD,2166,Heating,Through Wall/Window Heat Pump,0,0
RAVENSWOOD,2166,Heating,Underground Steam and Condensate Return Piping,15621970,15621970
RAVENSWOOD,2166,Interior Electrical/Lighting,Electrical System,8618798.43,30857972.27
RAVENSWOOD,2166,Interior Electrical/Lighting,Emergency and Exit Lighting and Panels,184793.7,229307.28
RAVENSWOOD,2166,Interior Electrical/Lighting,Interior Lighting Fixture,7217369.25,7268659.41
RAVENSWOOD,2166,Lead Based Paint,Lead Based Paint,57981009,57981009
RAVENSWOOD,2166,Plumbing,Building Drainage,296387.33,4127043.83
RAVENSWOOD,2166,Plumbing,Building Sewage System,,13009569.3
RAVENSWOOD,2166,Plumbing,Domestic Hot Water System,1900641,2131344.86
RAVENSWOOD,2166,Plumbing,Domestic Water System,74386.32,63560606.32
RAVENSWOOD,2166,Plumbing,Gas Risers,,18843170.5
RAVENSWOOD,2166,Plumbing,Non Residential Spaces Plumbing Fixtures,10203.18,10203.18
RAVENSWOOD,2166,Plumbing,Underground Hydronic Piping,5869397.3,5869397.3
RAVENSWOOD,2166,Roofs,Building Roof/Parapets/Misc,68839,68839
RAVENSWOOD,2166,Safety And Security,Additional Security,17180095.8,17180095.8
RAVENSWOOD,2166,Safety And Security,CCTV,,8416858.8
RAVENSWOOD,2166,Ventilation/Air Conditioning,Air Conditioning,30538.67,30538.67
RAVENSWOOD,2166,Ventilation/Air Conditioning,Exhaust Fan,17344.74,17344.74
RAVENSWOOD,2166,Waste Management,Garbage Chute,18848.76,18848.76
RAVENSWOOD,2166,Waste Management,Waste Infrastructure,6240353.51,6240353.51
RED HOOK EAST,1411,Apartments,Apartment 504 Access,3200000,3200000
RED HOOK EAST,1411,Apartments,Apartment Bathroom,45670757.11,65086869.91
RED HOOK EAST,1411,Apartments,Apartment Entrance Doors,9169198.6,9169198.6
RED HOOK EAST,1411,Apartments,Apartment Kitchen,33781347.61,54029593.21
RED HOOK EAST,1411,Apartments,Apartment Renovation,32214180.07,82302947.22
RED HOOK EAST,1411,Building Exterior/Facade/Window,Brickwork,154598.65,5754598.65
RED HOOK EAST,1411,Building Exterior/Facade/Window,Building Windows,60517448.46,60517448.46
RED HOOK EAST,1411,Building Exterior/Facade/Window,Entrances/Exits,1423585.57,2278981.03
RED HOOK EAST,1411,Building Exterior/Facade/Window,Foundations,274962.1,274962.1
RED HOOK EAST,1411,Common Areas/Lobbies,Building Common Area Finishes ,4938285.27,6372595.25
RED HOOK EAST,1411,Common Areas/Lobbies,Building Common Areas - Bathroom,569084.5,2048704.2
RED HOOK EAST,1411,Common Areas/Lobbies,Building Gymnasium,45313.31,266758.07
RED HOOK EAST,1411,Common Areas/Lobbies,Building Locker Room and Shower,,12168.4
RED HOOK EAST,1411,Common Areas/Lobbies,Interior Building Doors,1472962.75,2304255.1
RED HOOK EAST,1411,Common Areas/Lobbies,Interior Building Stairs,9398752.5,18045604.8
RED HOOK EAST,1411,Common Areas/Lobbies,Non Residential Kitchen,,2532540.12
RED HOOK EAST,1411,Elevators,Elevators,64385802.36,70239057.12
RED HOOK EAST,1411,Fire Protection,Fire Alarm,17336.47,193006.45
RED HOOK EAST,1411,Fire Protection,Fire Sprinkler,0,791886.4
RED HOOK EAST,1411,Fire Protection,Standpipe System,,153576
RED HOOK EAST,1411,Grounds,Building Exterior Walkways and Retaining Walls,4070075.46,4075948.86
RED HOOK EAST,1411,Grounds,Lighting - Exterior Security,598406.05,598406.05
RED HOOK EAST,1411,Grounds,Open Spaces,,0
RED HOOK EAST,1411,Grounds,Site Lighting,117617.5,117617.5
RED HOOK EAST,1411,Grounds,Stairs / Ramps,820595.8,1092162.3
RED HOOK EAST,1411,Grounds,Storm Piping,1809847,1809847
RED HOOK EAST,1411,Heating,Building Steam Piping,111840772.4,111969626.8
RED HOOK EAST,1411,Heating,Common Spaces Radiator / Convector / Baseboard,,1092389.23
RED HOOK EAST,1411,Heating,Decarbonization,0,0
RED HOOK EAST,1411,Heating,Heating System,4161.42,4161.42
RED HOOK EAST,1411,Heating,Through Wall/Window Heat Pump,5223.33,70049.91
RED HOOK EAST,1411,Interior Electrical/Lighting,Electrical System,7822548.85,11321620.51
RED HOOK EAST,1411,Interior Electrical/Lighting,Emergency and Exit Lighting and Panels,140845.38,173108.06
RED HOOK EAST,1411,Interior Electrical/Lighting,Interior Lighting Fixture,3296067.41,3296067.41
RED HOOK EAST,1411,Interior Electrical/Lighting,Public Address System,21667.7,21667.7
RED HOOK EAST,1411,Interior Electrical/Lighting,Telephone/Intercom,2001036.96,2001036.96
RED HOOK EAST,1411,Lead Based Paint,Lead Based Paint,23689304.69,23689304.69
RED HOOK EAST,1411,Plumbing,Building Drainage,7613510.14,7819145.5
RED HOOK EAST,1411,Plumbing,Building Sewage System,12424890.15,12976027.03
RED HOOK EAST,1411,Plumbing,Domestic Hot Water System,99437.08,482187.2
RED HOOK EAST,1411,Plumbing,Domestic Water System,39698433.75,79052758.5
RED HOOK EAST,1411,Plumbing,Gas Risers,,23643109.85
RED HOOK EAST,1411,Plumbing,Non Residential Spaces Plumbing Fixtures,7433.59,7433.59
RED HOOK EAST,1411,Roofs,Building Roof/Parapets/Misc,5638110.86,6636500.06
RED HOOK EAST,1411,Safety And Security,Additional Security,16643046,16643046
RED HOOK EAST,1411,Safety And Security,CCTV,5891801.16,18517089.36
RED HOOK EAST,1411,Safety And Security,Intrusion Alarm,107323.29,214646.58
RED HOOK EAST,1411,Ventilation/Air Conditioning,Air Conditioning,2779.96,461401.32
RED HOOK EAST,1411,Ventilation/Air Conditioning,Exhaust Fan,11887.69,11887.69
RED HOOK EAST,1411,Waste Management,Garbage Chute,32376,32376
RED HOOK EAST,1411,Waste Management,Waste Infrastructure,5566313.76,5566313.76
RED HOOK WEST,1480,Apartments,Apartment 504 Access,3400000,3400000
RED HOOK WEST,1480,Apartments,Apartment Bathroom,68524349.12,68524349.12
RED HOOK WEST,1480,Apartments,Apartment Entrance Doors,9345403.84,9658657.6
RED HOOK WEST,1480,Apartments,Apartment Kitchen,44561479.9,56756446
RED HOOK WEST,1480,Apartments,Apartment Renovation,88026774.09,98425197.09
RED HOOK WEST,1480,Building Exterior/Facade/Window,Brickwork,81788.9,4881788.9
RED HOOK WEST,1480,Building Exterior/Facade/Window,Building Windows,62236201.66,62236201.66
RED HOOK WEST,1480,Building Exterior/Facade/Window,Entrances/Exits,2536563.21,2720592.95
RED HOOK WEST,1480,Building Exterior/Facade/Window,Foundations,394318.3,394318.3
RED HOOK WEST,1480,Common Areas/Lobbies,Building Common Area Finishes ,4269747.36,5239080.8
RED HOOK WEST,1480,Common Areas/Lobbies,Building Common Areas - Bathroom,398886.25,740336.95
RED HOOK WEST,1480,Common Areas/Lobbies,Building Locker Room and Shower,1490,10931
RED HOOK WEST,1480,Common Areas/Lobbies,Interior Building Doors,3367289.67,3596516.27
RED HOOK WEST,1480,Common Areas/Lobbies,Interior Building Stairs,21429155.7,21429155.7
RED HOOK WEST,1480,Common Areas/Lobbies,Non Residential Kitchen,434743.23,2129691.21
RED HOOK WEST,1480,Elevators,Elevators,62922488.67,64209863.51
RED HOOK WEST,1480,Fire Protection,Fire Sprinkler,77854,511612
RED HOOK WEST,1480,Fire Protection,Standpipe System,5162.2,261122.2
RED HOOK WEST,1480,Grounds,Building Exterior Walkways and Retaining Walls,5584513.9,5603439.3
RED HOOK WEST,1480,Grounds,Lighting - Exterior Security,339781.2,339781.2
RED HOOK WEST,1480,Grounds,Open Spaces,,0
RED HOOK WEST,1480,Grounds,Site Lighting,180950,180950
RED HOOK WEST,1480,Grounds,Stairs / Ramps,624378.65,1490196.55
RED HOOK WEST,1480,Grounds,Storm Piping,1113752,1113752
RED HOOK WEST,1480,Heating,Building Steam Piping,100118205.9,100198877
RED HOOK WEST,1480,Heating,Common Spaces Radiator / Convector / Baseboard,129022.35,610705.79
RED HOOK WEST,1480,Heating,Decarbonization,0,0
RED HOOK WEST,1480,Heating,Steam Fan Coil Unit,,11905.57
RED HOOK WEST,1480,Heating,Through Wall/Window Heat Pump,2566.95,77366.85
RED HOOK WEST,1480,Interior Electrical/Lighting,Electrical System,5769602.1,8716594.89
RED HOOK WEST,1480,Interior Electrical/Lighting,Emergency and Exit Lighting and Panels,97150.91,97150.91
RED HOOK WEST,1480,Interior Electrical/Lighting,Interior Lighting Fixture,2862023.24,2862023.24
RED HOOK WEST,1480,Interior Electrical/Lighting,Telephone/Intercom,4002073.92,4076186.4
RED HOOK WEST,1480,Lead Based Paint,Lead Based Paint,21327019,21327019
RED HOOK WEST,1480,Plumbing,Building Drainage,8472779.91,9926382.6
RED HOOK WEST,1480,Plumbing,Building Sewage System,15562650.64,18802092.39
RED HOOK WEST,1480,Plumbing,Domestic Hot Water System,321958.9,524572.22
RED HOOK WEST,1480,Plumbing,Domestic Water System,35198393.48,114724266.2
RED HOOK WEST,1480,Plumbing,Gas Risers,,34193886.95
RED HOOK WEST,1480,Plumbing,Roof Tank,974717.88,974717.88
RED HOOK WEST,1480,Roofs,Building Roof/Parapets/Misc,2153301.73,2153301.73
RED HOOK WEST,1480,Safety And Security,Additional Security,13488220.2,13488220.2
RED HOOK WEST,1480,Safety And Security,CCTV,561123.92,9258544.68
RED HOOK WEST,1480,Safety And Security,Intrusion Alarm,321969.87,321969.87
RED HOOK WEST,1480,Ventilation/Air Conditioning,Air Conditioning,214436.46,249992.13
RED HOOK WEST,1480,Ventilation/Air Conditioning,Building Ductwork,1293.7,1293.7
RED HOOK WEST,1480,Ventilation/Air Conditioning,Exhaust Fan,9643.04,61054.18
RED HOOK WEST,1480,Waste Management,Garbage Chute,36636,36636
RED HOOK WEST,1480,Waste Management,Waste Infrastructure,5718835.36,5718835.36
REDFERN,604,Apartments,Apartment 504 Access,1400000,1400000
REDFERN,604,Apartments,Apartment Bathroom,28245821.24,28245821.24
REDFERN,604,Apartments,Apartment Entrance Doors,3941776.48,3941776.48
REDFERN,604,Apartments,Apartment Kitchen,23086067.9,23086067.9
REDFERN,604,Apartments,Apartment Renovation,57602025.11,63527871.75
REDFERN,604,Building Exterior/Facade/Window,Brickwork,555,3600555
REDFERN,604,Building Exterior/Facade/Window,Building Windows,28572206.08,28572206.08
REDFERN,604,Building Exterior/Facade/Window,Entrances/Exits,1114860.76,1114860.76
REDFERN,604,Building Exterior/Facade/Window,Foundations,50872.8,50872.8
REDFERN,604,Common Areas/Lobbies,Building Common Area Finishes ,2189044.01,2189044.01
REDFERN,604,Common Areas/Lobbies,Building Common Areas - Bathroom,227633.8,739809.85
REDFERN,604,Common Areas/Lobbies,Interior Building Doors,2091358.55,2091358.55
REDFERN,604,Common Areas/Lobbies,Interior Building Stairs,,7644318.85
REDFERN,604,Common Areas/Lobbies,Non Residential Kitchen,1266270.06,1266270.06
REDFERN,604,Elevators,Elevators,,23566114.92
REDFERN,604,Fire Protection,Fire Alarm,,175669.98
REDFERN,604,Grounds,Building Exterior Walkways and Retaining Walls,2164347.78,2187188.78
REDFERN,604,Grounds,Fixed Site Equipment,6718,6718
REDFERN,604,Grounds,Landscaping,4914.14,4914.14
REDFERN,604,Grounds,Lighting - Exterior Security,892273.44,892273.44
REDFERN,604,Grounds,Open Spaces,,0
REDFERN,604,Grounds,Parking Lot,3807333,3807333
REDFERN,604,Grounds,Paving - Non-Vehicular Area,4694251.95,4694251.95
REDFERN,604,Grounds,Playgrounds,446124,446124
REDFERN,604,Grounds,Site Fences,5788227,5788227
REDFERN,604,Grounds,Site Lighting,497612.5,497612.5
REDFERN,604,Grounds,Site Walls (Not Retaining Walls),342.9,342.9
REDFERN,604,Grounds,Stairs / Ramps,103344.15,367603.8
REDFERN,604,Grounds,Storm Piping,,974533
REDFERN,604,Heating,Building Steam Piping,33121202.8,33121202.8
REDFERN,604,Heating,Common Spaces Radiator / Convector / Baseboard,,739728.14
REDFERN,604,Heating,Decarbonization,0,0
REDFERN,604,Heating,Underground Steam and Condensate Return Piping,9881860,9881860
REDFERN,604,Interior Electrical/Lighting,Electrical System,795689.02,3721952.26
REDFERN,604,Interior Electrical/Lighting,Emergency and Exit Lighting and Panels,40319.98,86371.98
REDFERN,604,Interior Electrical/Lighting,Interior Lighting Fixture,2040373.05,2050882.25
REDFERN,604,Lead Based Paint,Lead Based Paint,4850156.67,4850156.67
REDFERN,604,Plumbing,Building Drainage,8222.28,2526761.7
REDFERN,604,Plumbing,Building Sewage System,13349.83,5362404.49
REDFERN,604,Plumbing,Domestic Hot Water System,,133957.08
REDFERN,604,Plumbing,Domestic Water System,,13838745
REDFERN,604,Plumbing,Gas Risers,,7026859.5
REDFERN,604,Plumbing,Non Residential Spaces Plumbing Fixtures,0,0
REDFERN,604,Plumbing,Underground Hydronic Piping,3347565,3347565
REDFERN,604,Plumbing,Underground Natural Gas Piping,600782,600782
REDFERN,604,Roofs,Building Roof/Parapets/Misc,13650256.2,13650256.2
REDFERN,604,Safety And Security,Additional Security,6382710.6,6382710.6
REDFERN,604,Safety And Security,CCTV,,280561.96
REDFERN,604,Safety And Security,Intrusion Alarm,214646.58,429293.16
REDFERN,604,Ventilation/Air Conditioning,Air Conditioning,1998.73,1998.73
REDFERN,604,Waste Management,Garbage Chute,34524.72,34524.72
REDFERN,604,Waste Management,Waste Infrastructure,3367146.95,3367146.95
REHAB PROGRAM (COLLEGE POINT),13,Apartments,Apartment 504 Access,200000,200000
REHAB PROGRAM (COLLEGE POINT),13,Apartments,Apartment Bathroom,600974.92,600974.92
REHAB PROGRAM (COLLEGE POINT),13,Apartments,Apartment Entrance Doors,84839.56,84839.56
REHAB PROGRAM (COLLEGE POINT),13,Apartments,Apartment Kitchen,498536.35,498536.35
REHAB PROGRAM (COLLEGE POINT),13,Apartments,Apartment Renovation,771153.71,884142.16
REHAB PROGRAM (COLLEGE POINT),13,Building Exterior/Facade/Window,Brickwork,,1300000
REHAB PROGRAM (COLLEGE POINT),13,Building Exterior/Facade/Window,Building Windows,280956.87,280956.87
REHAB PROGRAM (COLLEGE POINT),13,Building Exterior/Facade/Window,Entrances/Exits,57545.37,57545.37
REHAB PROGRAM (COLLEGE POINT),13,Common Areas/Lobbies,Building Common Area Finishes ,224540.22,224540.22
REHAB PROGRAM (COLLEGE POINT),13,Common Areas/Lobbies,Building Common Areas - Bathroom,,56908.45
REHAB PROGRAM (COLLEGE POINT),13,Common Areas/Lobbies,Interior Building Doors,112203.25,112203.25
REHAB PROGRAM (COLLEGE POINT),13,Common Areas/Lobbies,Non Residential Kitchen,12039.37,12039.37
REHAB PROGRAM (COLLEGE POINT),13,Grounds,Building Exterior Walkways and Retaining Walls,5139,5139
REHAB PROGRAM (COLLEGE POINT),13,Grounds,Fixed Site Equipment,6991.38,6991.38
REHAB PROGRAM (COLLEGE POINT),13,Grounds,Landscaping,3269.82,3269.82
REHAB PROGRAM (COLLEGE POINT),13,Grounds,Open Spaces,,0
REHAB PROGRAM (COLLEGE POINT),13,Grounds,Parking Lot,41710,41710
REHAB PROGRAM (COLLEGE POINT),13,Grounds,Paving - Non-Vehicular Area,83420,83420
REHAB PROGRAM (COLLEGE POINT),13,Grounds,Site Fences,123907,123907
REHAB PROGRAM (COLLEGE POINT),13,Grounds,Site Lighting,18095,18095
REHAB PROGRAM (COLLEGE POINT),13,Grounds,Stairs / Ramps,3412.4,3412.4
REHAB PROGRAM (COLLEGE POINT),13,Heating,Common Spaces Radiator / Convector / Baseboard,,103217.88
REHAB PROGRAM (COLLEGE POINT),13,Heating,Decarbonization,604662.54,604662.54
REHAB PROGRAM (COLLEGE POINT),13,Heating,Hot Water System,,633063.2
REHAB PROGRAM (COLLEGE POINT),13,Interior Electrical/Lighting,Electrical System,,1331929.11
REHAB PROGRAM (COLLEGE POINT),13,Interior Electrical/Lighting,Emergency Call System (For Sr Citizens),9165.94,9165.94
REHAB PROGRAM (COLLEGE POINT),13,Interior Electrical/Lighting,Interior Lighting Fixture,64389.06,64389.06
REHAB PROGRAM (COLLEGE POINT),13,Lead Based Paint,Lead Based Paint,115810.26,115810.26
REHAB PROGRAM (COLLEGE POINT),13,Plumbing,Building Drainage,,107038.44
REHAB PROGRAM (COLLEGE POINT),13,Plumbing,Building Sewage System,,175953.6
REHAB PROGRAM (COLLEGE POINT),13,Plumbing,Domestic Hot Water System,86966.86,107876.47
REHAB PROGRAM (COLLEGE POINT),13,Plumbing,Domestic Water System,,1125082.15
REHAB PROGRAM (COLLEGE POINT),13,Plumbing,Underground Hydronic Piping,111585.5,111585.5
REHAB PROGRAM (COLLEGE POINT),13,Plumbing,Underground Natural Gas Piping,69321,69321
REHAB PROGRAM (COLLEGE POINT),13,Roofs,Building Roof/Parapets/Misc,3439.05,1156008.32
REHAB PROGRAM (COLLEGE POINT),13,Safety And Security,Additional Security,100000,100000
REHAB PROGRAM (COLLEGE POINT),13,Waste Management,Waste Infrastructure,17359.78,17359.78
REHAB PROGRAM (DOUGLASS REHABS),112,Apartments,Apartment 504 Access,200000,200000
REHAB PROGRAM (DOUGLASS REHABS),112,Apartments,Apartment Bathroom,5177630.08,5177630.08
REHAB PROGRAM (DOUGLASS REHABS),112,Apartments,Apartment Entrance Doors,730925.44,730925.44
REHAB PROGRAM (DOUGLASS REHABS),112,Apartments,Apartment Kitchen,4295082.4,4295082.4
REHAB PROGRAM (DOUGLASS REHABS),112,Apartments,Apartment Renovation,7074809.77,8662705.25
REHAB PROGRAM (DOUGLASS REHABS),112,Building Exterior/Facade/Window,Brickwork,7287922.78,9811009.09
REHAB PROGRAM (DOUGLASS REHABS),112,Building Exterior/Facade/Window,Building Windows,4193005.17,4193005.17
REHAB PROGRAM (DOUGLASS REHABS),112,Building Exterior/Facade/Window,Entrances/Exits,438657.08,438657.08
REHAB PROGRAM (DOUGLASS REHABS),112,Building Exterior/Facade/Window,Foundations,315403.95,315403.95
REHAB PROGRAM (DOUGLASS REHABS),112,Common Areas/Lobbies,Building Common Area Finishes ,484121.82,484121.82
REHAB PROGRAM (DOUGLASS REHABS),112,Common Areas/Lobbies,Building Common Areas - Bathroom,56908.45,56908.45
REHAB PROGRAM (DOUGLASS REHABS),112,Common Areas/Lobbies,Interior Building Doors,425665.75,425665.75
REHAB PROGRAM (DOUGLASS REHABS),112,Common Areas/Lobbies,Interior Building Stairs,2580.29,2508914.34
REHAB PROGRAM (DOUGLASS REHABS),112,Elevators,Elevators,4389941.07,4389941.07
REHAB PROGRAM (DOUGLASS REHABS),112,Fire Protection,Fire Alarm,148292.72,260162.72
REHAB PROGRAM (DOUGLASS REHABS),112,Fire Protection,Fire Sprinkler,0,0
REHAB PROGRAM (DOUGLASS REHABS),112,Grounds,Building Exterior Walkways and Retaining Walls,5656.2,5656.2
REHAB PROGRAM (DOUGLASS REHABS),112,Grounds,Lighting - Exterior Security,111534.18,170236.38
REHAB PROGRAM (DOUGLASS REHABS),112,Grounds,Open Spaces,,0
REHAB PROGRAM (DOUGLASS REHABS),112,Grounds,Paving - Non-Vehicular Area,86715.09,86715.09
REHAB PROGRAM (DOUGLASS REHABS),112,Grounds,Site Fences,150458.5,150458.5
REHAB PROGRAM (DOUGLASS REHABS),112,Grounds,Stairs / Ramps,6283.4,83565.8
REHAB PROGRAM (DOUGLASS REHABS),112,Heating,Common Spaces Radiator / Convector / Baseboard,,137623.84
REHAB PROGRAM (DOUGLASS REHABS),112,Heating,Decarbonization,5209400.33,5209400.33
REHAB PROGRAM (DOUGLASS REHABS),112,Interior Electrical/Lighting,Electrical System,531094.52,4479011.67
REHAB PROGRAM (DOUGLASS REHABS),112,Interior Electrical/Lighting,Emergency and Exit Lighting and Panels,,48819.16
REHAB PROGRAM (DOUGLASS REHABS),112,Interior Electrical/Lighting,Interior Lighting Fixture,449116.68,466495.48
REHAB PROGRAM (DOUGLASS REHABS),112,Interior Electrical/Lighting,Telephone/Intercom,,444674.88
REHAB PROGRAM (DOUGLASS REHABS),112,Lead Based Paint,Lead Based Paint,822843.84,822843.84
REHAB PROGRAM (DOUGLASS REHABS),112,Plumbing,Building Drainage,14688.24,14688.24
REHAB PROGRAM (DOUGLASS REHABS),112,Plumbing,Domestic Hot Water System,14884.12,181375.78
REHAB PROGRAM (DOUGLASS REHABS),112,Plumbing,Underground Hydronic Piping,178536.8,178536.8
REHAB PROGRAM (DOUGLASS REHABS),112,Plumbing,Underground Natural Gas Piping,147884.8,147884.8
REHAB PROGRAM (DOUGLASS REHABS),112,Roofs,Building Roof/Parapets/Misc,1529128.89,1616697.75
REHAB PROGRAM (DOUGLASS REHABS),112,Safety And Security,Additional Security,2786208.6,2786208.6
REHAB PROGRAM (DOUGLASS REHABS),112,Waste Management,Waste Infrastructure,2021228.89,2021228.89
REHAB PROGRAM (TAFT REHABS),156,Apartments,Apartment 504 Access,400000,400000
REHAB PROGRAM (TAFT REHABS),156,Apartments,Apartment Bathroom,7119241.36,7119241.36
REHAB PROGRAM (TAFT REHABS),156,Apartments,Apartment Entrance Doors,1018074.72,1018074.72
REHAB PROGRAM (TAFT REHABS),156,Apartments,Apartment Kitchen,4180035.55,5905738.3
REHAB PROGRAM (TAFT REHABS),156,Apartments,Apartment Renovation,14604747.3,15783342.18
REHAB PROGRAM (TAFT REHABS),156,Building Exterior/Facade/Window,Brickwork,11296521.09,11296521.09
REHAB PROGRAM (TAFT REHABS),156,Building Exterior/Facade/Window,Building Windows,6621917.59,6621917.59
REHAB PROGRAM (TAFT REHABS),156,Building Exterior/Facade/Window,Entrances/Exits,304825.16,304825.16
REHAB PROGRAM (TAFT REHABS),156,Building Exterior/Facade/Window,Foundations,93324.31,93324.31
REHAB PROGRAM (TAFT REHABS),156,Common Areas/Lobbies,Building Common Area Finishes ,3087476.27,3087476.27
REHAB PROGRAM (TAFT REHABS),156,Common Areas/Lobbies,Building Common Areas - Bathroom,170725.35,512176.05
REHAB PROGRAM (TAFT REHABS),156,Common Areas/Lobbies,Interior Building Doors,761911.3,761911.3
REHAB PROGRAM (TAFT REHABS),156,Common Areas/Lobbies,Interior Building Stairs,5415.23,2386432.58
REHAB PROGRAM (TAFT REHABS),156,Common Areas/Lobbies,Non Residential Kitchen,422090.02,422090.02
REHAB PROGRAM (TAFT REHABS),156,Elevators,Elevators,4389941.07,5853254.76
REHAB PROGRAM (TAFT REHABS),156,Fire Protection,Fire Alarm,169218.48,169218.48
REHAB PROGRAM (TAFT REHABS),156,Fire Protection,Standpipe System,,51192
REHAB PROGRAM (TAFT REHABS),156,Grounds,Building Exterior Walkways and Retaining Walls,76740.3,115896.3
REHAB PROGRAM (TAFT REHABS),156,Grounds,Lighting - Exterior Security,93923.52,93923.52
REHAB PROGRAM (TAFT REHABS),156,Grounds,Open Spaces,,0
REHAB PROGRAM (TAFT REHABS),156,Grounds,Paving - Non-Vehicular Area,191866,191866
REHAB PROGRAM (TAFT REHABS),156,Grounds,Site Fences,130987.4,130987.4
REHAB PROGRAM (TAFT REHABS),156,Grounds,Stairs / Ramps,68819.8,162152.3
REHAB PROGRAM (TAFT REHABS),156,Heating,Common Spaces Radiator / Convector / Baseboard,,412871.52
REHAB PROGRAM (TAFT REHABS),156,Heating,Decarbonization,7255950.46,7255950.46
REHAB PROGRAM (TAFT REHABS),156,Interior Electrical/Lighting,Electrical System,266958.93,3966413.75
REHAB PROGRAM (TAFT REHABS),156,Interior Electrical/Lighting,Emergency and Exit Lighting and Panels,36246.77,43999.81
REHAB PROGRAM (TAFT REHABS),156,Interior Electrical/Lighting,Interior Lighting Fixture,740968.12,822619
REHAB PROGRAM (TAFT REHABS),156,Lead Based Paint,Lead Based Paint,1180227.12,1180227.12
REHAB PROGRAM (TAFT REHABS),156,Plumbing,Building Drainage,354.69,66337.29
REHAB PROGRAM (TAFT REHABS),156,Plumbing,Building Sewage System,78733.84,371989.84
REHAB PROGRAM (TAFT REHABS),156,Plumbing,Domestic Hot Water System,44652.36,224611.57
REHAB PROGRAM (TAFT REHABS),156,Plumbing,Domestic Water System,75111.02,1232059.02
REHAB PROGRAM (TAFT REHABS),156,Plumbing,Gas Risers,,419514
REHAB PROGRAM (TAFT REHABS),156,Plumbing,Underground Hydronic Piping,66951.3,66951.3
REHAB PROGRAM (TAFT REHABS),156,Plumbing,Underground Natural Gas Piping,18485.6,18485.6
REHAB PROGRAM (TAFT REHABS),156,Roofs,Building Roof/Parapets/Misc,3338892.52,3397271.76
REHAB PROGRAM (TAFT REHABS),156,Safety And Security,Additional Security,3298974,3298974
REHAB PROGRAM (TAFT REHABS),156,Safety And Security,CCTV,,1683371.76
REHAB PROGRAM (TAFT REHABS),156,Ventilation/Air Conditioning,Air Conditioning,1998.73,1998.73
REHAB PROGRAM (TAFT REHABS),156,Ventilation/Air Conditioning,Other Fans,0,0
REHAB PROGRAM (TAFT REHABS),156,Waste Management,Garbage Chute,852,852
REHAB PROGRAM (TAFT REHABS),156,Waste Management,Interior Compactor,255306.76,255306.76
REHAB PROGRAM (TAFT REHABS),156,Waste Management,Waste Infrastructure,1971007.76,1971007.76
REHAB PROGRAM (WISE REHAB),40,Apartments,Apartment 504 Access,200000,200000
REHAB PROGRAM (WISE REHAB),40,Apartments,Apartment Bathroom,1849153.6,1849153.6
REHAB PROGRAM (WISE REHAB),40,Apartments,Apartment Entrance Doors,261044.8,261044.8
REHAB PROGRAM (WISE REHAB),40,Apartments,Apartment Kitchen,1533958,1533958
REHAB PROGRAM (WISE REHAB),40,Apartments,Apartment Renovation,3825968.25,3825968.25
REHAB PROGRAM (WISE REHAB),40,Building Exterior/Facade/Window,Brickwork,2241729.51,2241729.51
REHAB PROGRAM (WISE REHAB),40,Building Exterior/Facade/Window,Building Windows,1594977.91,1594977.91
REHAB PROGRAM (WISE REHAB),40,Building Exterior/Facade/Window,Entrances/Exits,68721.86,68721.86
REHAB PROGRAM (WISE REHAB),40,Building Exterior/Facade/Window,Foundations,7957.5,7957.5
REHAB PROGRAM (WISE REHAB),40,Common Areas/Lobbies,Building Common Area Finishes ,301482.87,301482.87
REHAB PROGRAM (WISE REHAB),40,Common Areas/Lobbies,Building Common Areas - Bathroom,,56908.45
REHAB PROGRAM (WISE REHAB),40,Common Areas/Lobbies,Interior Building Doors,145233.5,145233.5
REHAB PROGRAM (WISE REHAB),40,Common Areas/Lobbies,Interior Building Stairs,,689241.86
REHAB PROGRAM (WISE REHAB),40,Elevators,Elevators,1463313.69,1463313.69
REHAB PROGRAM (WISE REHAB),40,Grounds,Lighting - Exterior Security,111534.18,111534.18
REHAB PROGRAM (WISE REHAB),40,Grounds,Open Spaces,,0
REHAB PROGRAM (WISE REHAB),40,Grounds,Paving - Non-Vehicular Area,85505.5,85505.5
REHAB PROGRAM (WISE REHAB),40,Grounds,Site Fences,28321.6,28321.6
REHAB PROGRAM (WISE REHAB),40,Grounds,Site Walls (Not Retaining Walls),3612,3612
REHAB PROGRAM (WISE REHAB),40,Grounds,Stairs / Ramps,2931.6,12516.3
REHAB PROGRAM (WISE REHAB),40,Heating,Common Spaces Radiator / Convector / Baseboard,,8601.49
REHAB PROGRAM (WISE REHAB),40,Heating,Decarbonization,2815274.48,2815274.48
REHAB PROGRAM (WISE REHAB),40,Interior Electrical/Lighting,Electrical System,152547.96,624772.33
REHAB PROGRAM (WISE REHAB),40,Interior Electrical/Lighting,Emergency and Exit Lighting and Panels,9112.6,9112.6
REHAB PROGRAM (WISE REHAB),40,Interior Electrical/Lighting,Interior Lighting Fixture,179460.56,179460.56
REHAB PROGRAM (WISE REHAB),40,Lead Based Paint,Lead Based Paint,276986.4,276986.4
REHAB PROGRAM (WISE REHAB),40,Plumbing,Building Sewage System,39366.92,39366.92
REHAB PROGRAM (WISE REHAB),40,Plumbing,Underground Hydronic Piping,,133902.6
REHAB PROGRAM (WISE REHAB),40,Plumbing,Underground Natural Gas Piping,,73942.4
REHAB PROGRAM (WISE REHAB),40,Roofs,Building Roof/Parapets/Misc,1150722.72,1150722.72
REHAB PROGRAM (WISE REHAB),40,Safety And Security,Additional Security,1246471.8,1246471.8
REHAB PROGRAM (WISE REHAB),40,Waste Management,Garbage Chute,852,852
REHAB PROGRAM (WISE REHAB),40,Waste Management,Waste Infrastructure,84940.69,84940.69
REID APARTMENTS,230,Apartments,Apartment 504 Access,600000,600000
REID APARTMENTS,230,Apartments,Apartment Bathroom,10632633.2,10632633.2
REID APARTMENTS,230,Apartments,Apartment Entrance Doors,1501007.6,1501007.6
REID APARTMENTS,230,Apartments,Apartment Kitchen,8820258.5,8820258.5
REID APARTMENTS,230,Apartments,Apartment Renovation,15165469.26,16129055.24
REID APARTMENTS,230,Building Exterior/Facade/Window,Brickwork,,400000
REID APARTMENTS,230,Building Exterior/Facade/Window,Building Windows,4870489.02,4870489.02
REID APARTMENTS,230,Building Exterior/Facade/Window,Entrances/Exits,112059.99,112059.99
REID APARTMENTS,230,Building Exterior/Facade/Window,Foundations,8538.85,8538.85
REID APARTMENTS,230,Common Areas/Lobbies,Building Common Area Finishes ,1519474.72,1519474.72
REID APARTMENTS,230,Common Areas/Lobbies,Building Common Areas - Bathroom,796718.3,796718.3
REID APARTMENTS,230,Common Areas/Lobbies,Interior Building Doors,867960.33,867960.33
REID APARTMENTS,230,Common Areas/Lobbies,Interior Building Stairs,1454.51,2695763.61
REID APARTMENTS,230,Common Areas/Lobbies,Non Residential Kitchen,1266270.06,1266270.06
REID APARTMENTS,230,Elevators,Elevators,2926627.38,2926627.38
REID APARTMENTS,230,Fire Protection,Fire Alarm,171297.4,171297.4
REID APARTMENTS,230,Fire Protection,Standpipe System,1935.89,1935.89
REID APARTMENTS,230,Grounds,Building Exterior Walkways and Retaining Walls,16663.38,19795.86
REID APARTMENTS,230,Grounds,Fixed Site Equipment,15433.08,15433.08
REID APARTMENTS,230,Grounds,Landscaping,18717.07,18717.07
REID APARTMENTS,230,Grounds,Lighting - Exterior Security,170236.38,170236.38
REID APARTMENTS,230,Grounds,Open Spaces,,821764.65
REID APARTMENTS,230,Grounds,Parking Lot,436080,436080
REID APARTMENTS,230,Grounds,Paving - Non-Vehicular Area,435869.5,435869.5
REID APARTMENTS,230,Grounds,Site Fences,336319,336319
REID APARTMENTS,230,Grounds,Site Lighting,298567.5,298567.5
REID APARTMENTS,230,Grounds,Stairs / Ramps,1706.2,102345.55
REID APARTMENTS,230,Heating,Common Spaces Radiator / Convector / Baseboard,,412871.52
REID APARTMENTS,230,Heating,Decarbonization,15976682.66,15976682.66
REID APARTMENTS,230,Interior Electrical/Lighting,Electrical System,610191.84,2072923.77
REID APARTMENTS,230,Interior Electrical/Lighting,Emergency and Exit Lighting and Panels,78301.37,82066.23
REID APARTMENTS,230,Interior Electrical/Lighting,Interior Lighting Fixture,732848.72,858156.92
REID APARTMENTS,230,Interior Electrical/Lighting,PA System,,21667.7
REID APARTMENTS,230,Interior Electrical/Lighting,Public Address System,21667.7,21667.7
REID APARTMENTS,230,Interior Electrical/Lighting,Telephone/Intercom,148224.96,222337.44
REID APARTMENTS,230,Lead Based Paint,Lead Based Paint,1834323,1834323
REID APARTMENTS,230,Plumbing,Building Drainage,5599.75,5599.75
REID APARTMENTS,230,Plumbing,Building Sewage System,93423.34,93423.34
REID APARTMENTS,230,Plumbing,Domestic Water System,4577,4577
REID APARTMENTS,230,Plumbing,Gas Risers,6991.95,6991.95
REID APARTMENTS,230,Plumbing,Non Residential Spaces Plumbing Fixtures,3401.06,3401.06
REID APARTMENTS,230,Plumbing,Roof Tank,54949.56,218596.46
REID APARTMENTS,230,Plumbing,Underground Hydronic Piping,,156219.7
REID APARTMENTS,230,Plumbing,Underground Natural Gas Piping,,46214
REID APARTMENTS,230,Roofs,Building Roof/Parapets/Misc,1830783.79,1830783.79
REID APARTMENTS,230,Safety And Security,Additional Security,1617793.8,1617793.8
REID APARTMENTS,230,Safety And Security,Intrusion Alarm,214646.58,214646.58
REID APARTMENTS,230,Ventilation/Air Conditioning,Air Conditioning,,171983.01
REID APARTMENTS,230,Ventilation/Air Conditioning,Exhaust Fan,7232.31,7232.31
REID APARTMENTS,230,Waste Management,Garbage Chute,4260,4260
REID APARTMENTS,230,Waste Management,Waste Infrastructure,2032802.08,2032802.08
RICHMOND TERRACE,489,Apartments,Apartment 504 Access,1200000,1200000
RICHMOND TERRACE,489,Apartments,Apartment Bathroom,26837915.99,26837915.99
RICHMOND TERRACE,489,Apartments,Apartment Entrance Doors,3191272.68,3191272.68
RICHMOND TERRACE,489,Apartments,Apartment Kitchen,15646371.6,18752636.55
RICHMOND TERRACE,489,Apartments,Apartment Renovation,25495292.73,32567776.73
RICHMOND TERRACE,489,Building Exterior/Facade/Window,Brickwork,17647456.24,17647456.24
RICHMOND TERRACE,489,Building Exterior/Facade/Window,Building Windows,14418979.52,21486846.92
RICHMOND TERRACE,489,Building Exterior/Facade/Window,Entrances/Exits,667801.47,701838.85
RICHMOND TERRACE,489,Building Exterior/Facade/Window,Foundations,61482.05,61482.05
RICHMOND TERRACE,489,Common Areas/Lobbies,Building Common Area Finishes ,1346441.15,4408086.13
RICHMOND TERRACE,489,Common Areas/Lobbies,Building Common Areas - Bathroom,910535.2,1081260.55
RICHMOND TERRACE,489,Common Areas/Lobbies,Building Locker Room and Shower,3147,3147
RICHMOND TERRACE,489,Common Areas/Lobbies,Interior Building Doors,1504925.97,2037823.12
RICHMOND TERRACE,489,Common Areas/Lobbies,Interior Building Stairs,3947476.05,6265835
RICHMOND TERRACE,489,Common Areas/Lobbies,Non Residential Kitchen,,1700229.35
RICHMOND TERRACE,489,Elevators,Elevators,8779882.14,17559764.28
RICHMOND TERRACE,489,Fire Protection,Fire Alarm,,175669.98
RICHMOND TERRACE,489,Fire Protection,Fire Sprinkler,516.21,516.21
RICHMOND TERRACE,489,Grounds,Building Exterior Walkways and Retaining Walls,1659432.15,1659432.15
RICHMOND TERRACE,489,Grounds,Fixed Site Equipment,1571.55,1571.55
RICHMOND TERRACE,489,Grounds,Landscaping,16260,16260
RICHMOND TERRACE,489,Grounds,Lighting - Exterior Security,5149.07,5149.07
RICHMOND TERRACE,489,Grounds,Open Spaces,,10839820.8
RICHMOND TERRACE,489,Grounds,Parking Lot,1630979.75,1630979.75
RICHMOND TERRACE,489,Grounds,Paving - Non-Vehicular Area,2335760,2335760
RICHMOND TERRACE,489,Grounds,Playgrounds,878959.2,878959.2
RICHMOND TERRACE,489,Grounds,Site Fences,5947536,5947536
RICHMOND TERRACE,489,Grounds,Site Lighting,7384.29,7384.29
RICHMOND TERRACE,489,Grounds,Site Walls (Not Retaining Walls),1274.9,1274.9
RICHMOND TERRACE,489,Grounds,Stairs / Ramps,151263,191577.25
RICHMOND TERRACE,489,Grounds,Storm Piping,10060.44,10060.44
RICHMOND TERRACE,489,Heating,Air Source Heat Pump,32725.31,301380.41
RICHMOND TERRACE,489,Heating,Decarbonization,50552780.03,50552780.03
RICHMOND TERRACE,489,Heating,Hot Water System,,110418
RICHMOND TERRACE,489,Heating,Through Wall/Window Heat Pump,,24933.3
RICHMOND TERRACE,489,Interior Electrical/Lighting,Electrical System,3547375.36,7320493.42
RICHMOND TERRACE,489,Interior Electrical/Lighting,Emergency and Exit Lighting and Panels,19552.66,98133.46
RICHMOND TERRACE,489,Interior Electrical/Lighting,Interior Lighting Fixture,664369.99,664369.99
RICHMOND TERRACE,489,Interior Electrical/Lighting,Telephone/Intercom,28506.44,28506.44
RICHMOND TERRACE,489,Lead Based Paint,Lead Based Paint,4238998.98,4238998.98
RICHMOND TERRACE,489,Plumbing,Building Drainage,59817.03,59817.03
RICHMOND TERRACE,489,Plumbing,Building Sewage System,36657,36657
RICHMOND TERRACE,489,Plumbing,Domestic Water System,68885.94,106441.45
RICHMOND TERRACE,489,Plumbing,Underground Hydronic Piping,446342,446342
RICHMOND TERRACE,489,Plumbing,Underground Natural Gas Piping,610024.8,610024.8
RICHMOND TERRACE,489,Roofs,Building Roof/Parapets/Misc,340389.45,9101987.65
RICHMOND TERRACE,489,Safety And Security,Additional Security,4307864.4,4307864.4
RICHMOND TERRACE,489,Safety And Security,Intrusion Alarm,,107323.29
RICHMOND TERRACE,489,Ventilation/Air Conditioning,Air Conditioning,7317.87,12196.45
RICHMOND TERRACE,489,Ventilation/Air Conditioning,Building Ductwork,2003.93,2003.93
RICHMOND TERRACE,489,Ventilation/Air Conditioning,Exhaust Fan,1205.38,10552.86
RICHMOND TERRACE,489,Waste Management,Waste Infrastructure,1968935.23,1968935.23
RIIS,1191,Apartments,Apartment 504 Access,2800000,2800000
RIIS,1191,Apartments,Apartment Bathroom,55751981.04,55751981.04
RIIS,1191,Apartments,Apartment Entrance Doors,7772608.92,7772608.92
RIIS,1191,Apartments,Apartment Kitchen,45635250.5,45635250.5
RIIS,1191,Apartments,Apartment Renovation,83309437.47,99480458.03
RIIS,1191,Building Exterior/Facade/Window,Brickwork,9734,37440547.9
RIIS,1191,Building Exterior/Facade/Window,Building Windows,9202933.09,58520941.17
RIIS,1191,Building Exterior/Facade/Window,Entrances/Exits,1091536.41,1168408.33
RIIS,1191,Building Exterior/Facade/Window,Foundations,109423.6,109423.6
RIIS,1191,Common Areas/Lobbies,Building Common Area Finishes ,4164023.51,4340544.11
RIIS,1191,Common Areas/Lobbies,Building Common Areas - Bathroom,227633.8,1479619.7
RIIS,1191,Common Areas/Lobbies,Interior Building Doors,3087620.05,3087620.05
RIIS,1191,Common Areas/Lobbies,Interior Building Stairs,,17732313.4
RIIS,1191,Common Areas/Lobbies,Non Residential Kitchen,1688360.08,2110450.1
RIIS,1191,Elevators,Elevators,32192901.18,38046155.94
RIIS,1191,Fire Protection,Fire Sprinkler,,573895.2
RIIS,1191,Fire Protection,Standpipe System,,1420066.08
RIIS,1191,Grounds,Fixed Site Equipment,3495.69,3495.69
RIIS,1191,Grounds,Landscaping,20975.42,20975.42
RIIS,1191,Grounds,Lighting - Exterior Security,1344280.38,1344280.38
RIIS,1191,Grounds,Open Spaces,,0
RIIS,1191,Grounds,Parking Lot,4978293.5,4978293.5
RIIS,1191,Grounds,Paving - Non-Vehicular Area,5297170,5297170
RIIS,1191,Grounds,Playgrounds,711900,711900
RIIS,1191,Grounds,Site Fences,4018127,4018127
RIIS,1191,Grounds,Site Lighting,244282.5,244282.5
RIIS,1191,Grounds,Site Walls (Not Retaining Walls),26080.4,26080.4
RIIS,1191,Grounds,Stairs / Ramps,26692.8,186815.8
RIIS,1191,Grounds,Storm Piping,,2895755.2
RIIS,1191,Heating,Decarbonization,123308044.6,123308044.6
RIIS,1191,Interior Electrical/Lighting,Electrical System,264135.59,25339095.99
RIIS,1191,Interior Electrical/Lighting,Emergency and Exit Lighting and Panels,17285.8,55110.62
RIIS,1191,Interior Electrical/Lighting,Interior Lighting Fixture,3026950.39,3026950.39
RIIS,1191,Lead Based Paint,Lead Based Paint,8793181.02,8793181.02
RIIS,1191,Plumbing,Building Drainage,205635.36,6703847.19
RIIS,1191,Plumbing,Building Sewage System,,6487189.29
RIIS,1191,Plumbing,Domestic Water System,15198.47,39225757.82
RIIS,1191,Plumbing,Roof Tank,27474.78,2304204.34
RIIS,1191,Plumbing,Underground Hydronic Piping,9150011,9150011
RIIS,1191,Plumbing,Underground Natural Gas Piping,2403128,2403128
RIIS,1191,Roofs,Building Roof/Parapets/Misc,3299.6,3299.6
RIIS,1191,Safety And Security,Additional Security,7261800,7261800
RIIS,1191,Safety And Security,CCTV,,3927867.44
RIIS,1191,Safety And Security,Intrusion Alarm,,214646.58
RIIS,1191,Ventilation/Air Conditioning,Air Conditioning,1102.44,1102.44
RIIS,1191,Waste Management,Garbage Chute,7785.6,7785.6
RIIS,1191,Waste Management,Waste Infrastructure,2884064.8,2884064.8
RIIS II,578,Apartments,Apartment 504 Access,1400000,1400000
RIIS II,578,Apartments,Apartment Bathroom,26581583,26581583
RIIS II,578,Apartments,Apartment Entrance Doors,3772097.36,3772097.36
RIIS II,578,Apartments,Apartment Kitchen,22050646.25,22050646.25
RIIS II,578,Apartments,Apartment Renovation,42732032.22,50285601.59
RIIS II,578,Building Exterior/Facade/Window,Brickwork,7317,17252835.51
RIIS II,578,Building Exterior/Facade/Window,Building Loading Dock,383.6,383.6
RIIS II,578,Building Exterior/Facade/Window,Building Windows,25666817.82,25666817.82
RIIS II,578,Building Exterior/Facade/Window,Entrances/Exits,490111.15,490111.15
RIIS II,578,Building Exterior/Facade/Window,Foundations,168018.19,168018.19
RIIS II,578,Common Areas/Lobbies,Building Common Area Finishes ,2161132.4,2365414.4
RIIS II,578,Common Areas/Lobbies,Building Common Areas - Bathroom,341450.7,739809.85
RIIS II,578,Common Areas/Lobbies,Interior Building Doors,1433388.45,1433388.45
RIIS II,578,Common Areas/Lobbies,Interior Building Stairs,,8772169.18
RIIS II,578,Common Areas/Lobbies,Non Residential Kitchen,1266270.06,1688360.08
RIIS II,578,Elevators,Elevators,17559764.28,17559764.28
RIIS II,578,Fire Protection,Fire Alarm,,175669.98
RIIS II,578,Fire Protection,Fire Sprinkler,,122342
RIIS II,578,Fire Protection,Standpipe System,,486324
RIIS II,578,Grounds,Building Exterior Walkways and Retaining Walls,1838.76,1838.76
RIIS II,578,Grounds,Fixed Site Equipment,34243.44,34243.44
RIIS II,578,Grounds,Landscaping,6368.5,6368.5
RIIS II,578,Grounds,Lighting - Exterior Security,56551.45,637703.23
RIIS II,578,Grounds,Open Spaces,,0
RIIS II,578,Grounds,Paving - Non-Vehicular Area,3591231,3591231
RIIS II,578,Grounds,Playgrounds,85428,85428
RIIS II,578,Grounds,Site Fences,2371934,2371934
RIIS II,578,Grounds,Site Lighting,21354.65,265637.15
RIIS II,578,Grounds,Stairs / Ramps,438618.4,674094.4
RIIS II,578,Grounds,Storm Piping,,1113752
RIIS II,578,Heating,Decarbonization,59842191.24,59842191.24
RIIS II,578,Heating,Heating System,,14950
RIIS II,578,Heating,Through Wall/Window Heat Pump,19946.64,19946.64
RIIS II,578,Interior Electrical/Lighting,Electrical System,601721.82,6062771.03
RIIS II,578,Interior Electrical/Lighting,Emergency and Exit Lighting and Panels,23670.87,23670.87
RIIS II,578,Interior Electrical/Lighting,Interior Lighting Fixture,950694.38,1395956.78
RIIS II,578,Interior Electrical/Lighting,Telephone/Intercom,,518787.36
RIIS II,578,Lead Based Paint,Lead Based Paint,3961908.36,3961908.36
RIIS II,578,Plumbing,Building Drainage,88129.44,1041211.44
RIIS II,578,Plumbing,Building Sewage System,,3372444
RIIS II,578,Plumbing,Domestic Water System,,23142665
RIIS II,578,Plumbing,Underground Hydronic Piping,5088298.8,5088298.8
RIIS II,578,Plumbing,Underground Natural Gas Piping,1940988,1940988
RIIS II,578,Safety And Security,Additional Security,3751351.8,3751351.8
RIIS II,578,Ventilation/Air Conditioning,Exhaust Fan,1445.4,1445.4
RIIS II,578,Waste Management,Waste Infrastructure,2581094.15,2581094.15
ROBBINS PLAZA,150,Apartments,Apartment 504 Access,400000,400000
ROBBINS PLAZA,150,Apartments,Apartment Bathroom,6934326,6934326
ROBBINS PLAZA,150,Apartments,Apartment Entrance Doors,978918,978918
ROBBINS PLAZA,150,Apartments,Apartment Kitchen,5752342.5,5752342.5
ROBBINS PLAZA,150,Apartments,Apartment Renovation,8922333.23,9051416.23
ROBBINS PLAZA,150,Building Exterior/Facade/Window,Brickwork,,4251626.08
ROBBINS PLAZA,150,Building Exterior/Facade/Window,Building Windows,2516825.28,2516825.28
ROBBINS PLAZA,150,Building Exterior/Facade/Window,Entrances/Exits,106002.81,106002.81
ROBBINS PLAZA,150,Building Exterior/Facade/Window,Foundations,3477.5,3477.5
ROBBINS PLAZA,150,Common Areas/Lobbies,Building Common Area Finishes ,855745.28,855745.28
ROBBINS PLAZA,150,Common Areas/Lobbies,Building Common Areas - Bathroom,113816.9,569084.5
ROBBINS PLAZA,150,Common Areas/Lobbies,Interior Building Doors,716496.95,716496.95
ROBBINS PLAZA,150,Common Areas/Lobbies,Interior Building Stairs,,2568992.4
ROBBINS PLAZA,150,Common Areas/Lobbies,Non Residential Kitchen,422090.02,422090.02
ROBBINS PLAZA,150,Elevators,Elevators,2926627.38,2926627.38
ROBBINS PLAZA,150,Fire Protection,Fire Alarm,169218.48,169218.48
ROBBINS PLAZA,150,Grounds,Landscaping,2457.07,2457.07
ROBBINS PLAZA,150,Grounds,Lighting - Exterior Security,93923.52,93923.52
ROBBINS PLAZA,150,Grounds,Open Spaces,,0
ROBBINS PLAZA,150,Grounds,Paving - Non-Vehicular Area,52554.6,52554.6
ROBBINS PLAZA,150,Grounds,Site Fences,38942.2,38942.2
ROBBINS PLAZA,150,Grounds,Site Lighting,,9047.5
ROBBINS PLAZA,150,Grounds,Stairs / Ramps,4132.6,97843.1
ROBBINS PLAZA,150,Heating,Common Spaces Radiator / Convector / Baseboard,,369864.07
ROBBINS PLAZA,150,Heating,Decarbonization,6976875.44,6976875.44
ROBBINS PLAZA,150,Interior Electrical/Lighting,Electrical System,,55540.82
ROBBINS PLAZA,150,Interior Electrical/Lighting,Emergency and Exit Lighting and Panels,1675.17,60138.09
ROBBINS PLAZA,150,Interior Electrical/Lighting,Emergency Generator Set,266050.73,266050.73
ROBBINS PLAZA,150,Interior Electrical/Lighting,Interior Lighting Fixture,397583.28,397583.28
ROBBINS PLAZA,150,Lead Based Paint,Lead Based Paint,1235074.2,1235074.2
ROBBINS PLAZA,150,Plumbing,Domestic Hot Water System,83540.36,83540.36
ROBBINS PLAZA,150,Plumbing,Roof Tank,1056541.33,1056541.33
ROBBINS PLAZA,150,Plumbing,Underground Hydronic Piping,,178536.8
ROBBINS PLAZA,150,Plumbing,Underground Natural Gas Piping,,46214
ROBBINS PLAZA,150,Roofs,Building Roof/Parapets/Misc,1311917.46,1370296.7
ROBBINS PLAZA,150,Safety And Security,Additional Security,919837.8,919837.8
ROBBINS PLAZA,150,Ventilation/Air Conditioning,Air Conditioning,30538.67,30538.67
ROBBINS PLAZA,150,Waste Management,Garbage Chute,13898.88,13898.88
ROBBINS PLAZA,150,Waste Management,Waste Infrastructure,84940.69,84940.69
ROBINSON,189,Apartments,Apartment 504 Access,400000,400000
ROBINSON,189,Apartments,Apartment Bathroom,9291996.84,9291996.84
ROBINSON,189,Apartments,Apartment Entrance Doors,1233436.68,1233436.68
ROBINSON,189,Apartments,Apartment Kitchen,7247951.55,7247951.55
ROBINSON,189,Apartments,Apartment Renovation,16959693.03,19009509.26
ROBINSON,189,Building Exterior/Facade/Window,Brickwork,2441659.93,2441659.93
ROBINSON,189,Building Exterior/Facade/Window,Building Windows,6789234.38,6789234.38
ROBINSON,189,Building Exterior/Facade/Window,Entrances/Exits,309064.24,309064.24
ROBINSON,189,Common Areas/Lobbies,Building Common Area Finishes ,1383454.01,1383454.01
ROBINSON,189,Common Areas/Lobbies,Building Common Areas - Bathroom,682901.4,796718.3
ROBINSON,189,Common Areas/Lobbies,Interior Building Doors,858986.55,858986.55
ROBINSON,189,Common Areas/Lobbies,Interior Building Stairs,,1190508.67
ROBINSON,189,Common Areas/Lobbies,Non Residential Kitchen,1266270.06,1266270.06
ROBINSON,189,Elevators,Elevators,5853254.76,5853254.76
ROBINSON,189,Fire Protection,Fire Alarm,47625.4,47625.4
ROBINSON,189,Grounds,Building Exterior Walkways and Retaining Walls,12297.78,12297.78
ROBINSON,189,Grounds,Fixed Site Equipment,3495.69,3495.69
ROBINSON,189,Grounds,Landscaping,542,542
ROBINSON,189,Grounds,Lighting - Exterior Security,340472.76,340472.76
ROBINSON,189,Grounds,Open Spaces,,1786459.37
ROBINSON,189,Grounds,Parking Lot,68821.5,68821.5
ROBINSON,189,Grounds,Paving - Non-Vehicular Area,921791,921791
ROBINSON,189,Grounds,Playgrounds,199332,199332
ROBINSON,189,Grounds,Site Fences,654937,654937
ROBINSON,189,Grounds,Site Lighting,108570,108570
ROBINSON,189,Grounds,Site Walls (Not Retaining Walls),2501.55,2501.55
ROBINSON,189,Grounds,Stairs / Ramps,36770,107965
ROBINSON,189,Heating,Common Spaces Radiator / Convector / Baseboard,129022.35,189232.78
ROBINSON,189,Heating,Decarbonization,0,0
ROBINSON,189,Heating,Hot Water System,,6728136.8
ROBINSON,189,Interior Electrical/Lighting,Electrical System,,3662835.8
ROBINSON,189,Interior Electrical/Lighting,Emergency and Exit Lighting and Panels,45052.17,64959.97
ROBINSON,189,Interior Electrical/Lighting,Interior Lighting Fixture,960387.36,960387.36
ROBINSON,189,Interior Electrical/Lighting,Telephone/Intercom,,148224.96
ROBINSON,189,Lead Based Paint,Lead Based Paint,1599304.98,1599304.98
ROBINSON,189,Plumbing,Building Sewage System,78733.84,78733.84
ROBINSON,189,Plumbing,Domestic Hot Water System,98424.48,119334.09
ROBINSON,189,Plumbing,Roof Tank,1138364.78,1138364.78
ROBINSON,189,Plumbing,Underground Hydronic Piping,,178536.8
ROBINSON,189,Plumbing,Underground Natural Gas Piping,,36971.2
ROBINSON,189,Roofs,Building Roof/Parapets/Misc,3340114.1,3340114.1
ROBINSON,189,Safety And Security,Additional Security,1139014.8,1139014.8
ROBINSON,189,Safety And Security,Intrusion Alarm,,107323.29
ROBINSON,189,Waste Management,Garbage Chute,22585.68,22585.68
ROBINSON,189,Waste Management,Waste Infrastructure,2100382.98,2100382.98
ROOSEVELT I,763,Apartments,Apartment 504 Access,1800000,1800000
ROOSEVELT I,763,Apartments,Apartment Bathroom,41421040.64,41421040.64
ROOSEVELT I,763,Apartments,Apartment Entrance Doors,4979429.56,4979429.56
ROOSEVELT I,763,Apartments,Apartment Kitchen,29221899.9,29221899.9
ROOSEVELT I,763,Apartments,Apartment Renovation,77246143.87,79246345.47
ROOSEVELT I,763,Building Exterior/Facade/Window,Brickwork,2441659.93,23699790.32
ROOSEVELT I,763,Building Exterior/Facade/Window,Building Windows,28719451.97,28719451.97
ROOSEVELT I,763,Building Exterior/Facade/Window,Entrances/Exits,512034.68,512034.68
ROOSEVELT I,763,Building Exterior/Facade/Window,Foundations,41817.05,41817.05
ROOSEVELT I,763,Common Areas/Lobbies,Building Common Area Finishes ,3179313.83,3179313.83
ROOSEVELT I,763,Common Areas/Lobbies,Building Common Areas - Bathroom,625992.95,796718.3
ROOSEVELT I,763,Common Areas/Lobbies,Interior Building Doors,2618828.6,2618828.6
ROOSEVELT I,763,Common Areas/Lobbies,Interior Building Stairs,,12594328.6
ROOSEVELT I,763,Common Areas/Lobbies,Non Residential Kitchen,422090.02,422090.02
ROOSEVELT I,763,Elevators,Elevators,,17789408.1
ROOSEVELT I,763,Fire Protection,Standpipe System,43880,43880
ROOSEVELT I,763,Grounds,Building Exterior Walkways and Retaining Walls,414567.42,414567.42
ROOSEVELT I,763,Grounds,Lighting - Exterior Security,545930.46,545930.46
ROOSEVELT I,763,Grounds,Open Spaces,,4785650.5
ROOSEVELT I,763,Grounds,Parking Lot,1894222.5,1894222.5
ROOSEVELT I,763,Grounds,Paving - Non-Vehicular Area,1501560,1501560
ROOSEVELT I,763,Grounds,Playgrounds,987168,987168
ROOSEVELT I,763,Grounds,Site Fences,2168372.5,2168372.5
ROOSEVELT I,763,Grounds,Site Lighting,343805,343805
ROOSEVELT I,763,Heating,Building Steam Piping,79310,48983544.94
ROOSEVELT I,763,Heating,Common Spaces Radiator / Convector / Baseboard,,301052.15
ROOSEVELT I,763,Heating,Decarbonization,0,0
ROOSEVELT I,763,Heating,Heating System,13824049.33,14148888.01
ROOSEVELT I,763,Heating,Underground Steam and Condensate Return Piping,19763720,19763720
ROOSEVELT I,763,Interior Electrical/Lighting,Electrical System,1778321.83,4921101.67
ROOSEVELT I,763,Interior Electrical/Lighting,Emergency and Exit Lighting and Panels,20292.21,20292.21
ROOSEVELT I,763,Interior Electrical/Lighting,Interior Lighting Fixture,2915584.1,2915584.1
ROOSEVELT I,763,Interior Electrical/Lighting,Public Address System,21667.7,21667.7
ROOSEVELT I,763,Interior Electrical/Lighting,Telephone/Intercom,222337.44,592899.84
ROOSEVELT I,763,Lead Based Paint,Lead Based Paint,3378718.58,3378718.58
ROOSEVELT I,763,Plumbing,Building Drainage,83082.24,83082.24
ROOSEVELT I,763,Plumbing,Building Sewage System,6105.6,6105.6
ROOSEVELT I,763,Plumbing,Domestic Hot Water System,89304.72,1002484.32
ROOSEVELT I,763,Plumbing,Roof Tank,2194906.11,2194906.11
ROOSEVELT I,763,Plumbing,Underground Hydronic Piping,223171,223171
ROOSEVELT I,763,Plumbing,Underground Natural Gas Piping,1848560,1848560
ROOSEVELT I,763,Safety And Security,Additional Security,4972774.8,4972774.8
ROOSEVELT I,763,Safety And Security,Intrusion Alarm,107323.29,107323.29
ROOSEVELT I,763,Ventilation/Air Conditioning,Air Conditioning,65074.8,65074.8
ROOSEVELT I,763,Waste Management,Garbage Chute,3441.36,3441.36
ROOSEVELT I,763,Waste Management,Waste Infrastructure,2469078.71,2469078.71
ROOSEVELT II,342,Apartments,Apartment 504 Access,800000,800000
ROOSEVELT II,342,Apartments,Apartment Bathroom,15810263.28,15810263.28
ROOSEVELT II,342,Apartments,Apartment Entrance Doors,2231933.04,2231933.04
ROOSEVELT II,342,Apartments,Apartment Kitchen,13115340.9,13115340.9
ROOSEVELT II,342,Apartments,Apartment Renovation,32243441.84,33024103.54
ROOSEVELT II,342,Building Exterior/Facade/Window,Brickwork,6734476.64,9746466.82
ROOSEVELT II,342,Building Exterior/Facade/Window,Building Windows,11823197.58,11823197.58
ROOSEVELT II,342,Building Exterior/Facade/Window,Entrances/Exits,281665.35,281665.35
ROOSEVELT II,342,Building Exterior/Facade/Window,Foundations,12831.05,12831.05
ROOSEVELT II,342,Common Areas/Lobbies,Building Common Area Finishes ,1906069.47,1906069.47
ROOSEVELT II,342,Common Areas/Lobbies,Building Common Areas - Bathroom,,398359.15
ROOSEVELT II,342,Common Areas/Lobbies,Interior Building Doors,1192125.28,1192125.28
ROOSEVELT II,342,Common Areas/Lobbies,Interior Building Stairs,3881.24,5893766.25
ROOSEVELT II,342,Common Areas/Lobbies,Non Residential Kitchen,422090.02,422090.02
ROOSEVELT II,342,Elevators,Elevators,,8779882.14
ROOSEVELT II,342,Fire Protection,Fire Alarm,,175669.98
ROOSEVELT II,342,Fire Protection,Standpipe System,21641.01,21641.01
ROOSEVELT II,342,Grounds,Building Exterior Walkways and Retaining Walls,63098.93,63098.93
ROOSEVELT II,342,Grounds,Lighting - Exterior Security,340472.76,340472.76
ROOSEVELT II,342,Grounds,Open Spaces,,4019157.9
ROOSEVELT II,342,Grounds,Parking Lot,362491.5,362491.5
ROOSEVELT II,342,Grounds,Paving - Non-Vehicular Area,771635,771635
ROOSEVELT II,342,Grounds,Playgrounds,268149,268149
ROOSEVELT II,342,Grounds,Site Fences,2927745.4,2927745.4
ROOSEVELT II,342,Grounds,Site Lighting,343805,343805
ROOSEVELT II,342,Grounds,Stairs / Ramps,5971.7,200397.15
ROOSEVELT II,342,Heating,Building Steam Piping,80671.12,23409325.32
ROOSEVELT II,342,Heating,Common Spaces Radiator / Convector / Baseboard,,232240.23
ROOSEVELT II,342,Heating,Decarbonization,0,0
ROOSEVELT II,342,Heating,Underground Steam and Condensate Return Piping,,9881860
ROOSEVELT II,342,Interior Electrical/Lighting,Electrical System,1094679.35,4157855.88
ROOSEVELT II,342,Interior Electrical/Lighting,Emergency and Exit Lighting and Panels,47285.1,47285.1
ROOSEVELT II,342,Interior Electrical/Lighting,Interior Lighting Fixture,1579050.4,1579050.4
ROOSEVELT II,342,Interior Electrical/Lighting,Telephone/Intercom,74112.48,296449.92
ROOSEVELT II,342,Lead Based Paint,Lead Based Paint,1428677.1,1428677.1
ROOSEVELT II,342,Plumbing,Building Drainage,7867.59,7867.59
ROOSEVELT II,342,Plumbing,Building Sewage System,157467.68,236201.52
ROOSEVELT II,342,Plumbing,Domestic Hot Water System,29768.24,349045.56
ROOSEVELT II,342,Plumbing,Roof Tank,163646.9,163646.9
ROOSEVELT II,342,Plumbing,Underground Hydronic Piping,,223171
ROOSEVELT II,342,Plumbing,Underground Natural Gas Piping,,184856
ROOSEVELT II,342,Roofs,Building Roof/Parapets/Misc,843824.1,4333699.34
ROOSEVELT II,342,Safety And Security,Additional Security,2471217,2471217
ROOSEVELT II,342,Safety And Security,CCTV,,280561.96
ROOSEVELT II,342,Safety And Security,Intrusion Alarm,,107323.29
ROOSEVELT II,342,Ventilation/Air Conditioning,Air Conditioning,,150211.01
ROOSEVELT II,342,Ventilation/Air Conditioning,Building Ductwork,430.85,430.85
ROOSEVELT II,342,Ventilation/Air Conditioning,Exhaust Fan,39521.69,39521.69
ROOSEVELT II,342,Waste Management,Waste Infrastructure,2430729.22,2430729.22
RUTGERS,721,Apartments,Apartment 504 Access,1600000,1600000
RUTGERS,721,Apartments,Apartment Bathroom,27050996.3,33648237.01
RUTGERS,721,Apartments,Apartment Entrance Doors,4705332.52,4705332.52
RUTGERS,721,Apartments,Apartment Kitchen,20938526.7,27649592.95
RUTGERS,721,Apartments,Apartment Renovation,12541342.76,45051308.72
RUTGERS,721,Building Exterior/Facade/Window,Brickwork,0,21258130.39
RUTGERS,721,Building Exterior/Facade/Window,Building Windows,26852334.3,26852334.3
RUTGERS,721,Building Exterior/Facade/Window,Entrances/Exits,494500.82,522481.02
RUTGERS,721,Building Exterior/Facade/Window,Foundations,12872,12872
RUTGERS,721,Common Areas/Lobbies,Building Common Area Finishes ,1157979.39,1853802.54
RUTGERS,721,Common Areas/Lobbies,Building Common Areas - Bathroom,341450.7,625992.95
RUTGERS,721,Common Areas/Lobbies,Building Gymnasium,,73814.92
RUTGERS,721,Common Areas/Lobbies,Building Locker Room and Shower,1567,14155
RUTGERS,721,Common Areas/Lobbies,Interior Building Doors,1597706.14,2967201.34
RUTGERS,721,Common Areas/Lobbies,Interior Building Stairs,10025336,12594328.35
RUTGERS,721,Common Areas/Lobbies,Non Residential Kitchen,431592.16,1709901.59
RUTGERS,721,Elevators,Elevators,14633136.9,14633136.9
RUTGERS,721,Fire Protection,Fire Alarm,,175669.98
RUTGERS,721,Fire Protection,Fire Sprinkler,8897.6,8897.6
RUTGERS,721,Grounds,Building Exterior Walkways and Retaining Walls,933665.66,933665.66
RUTGERS,721,Grounds,Landscaping,27100,27100
RUTGERS,721,Grounds,Lighting - Exterior Security,188679.58,188679.58
RUTGERS,721,Grounds,Open Spaces,,2338425.19
RUTGERS,721,Grounds,Parking Lot,1673457,1809014.5
RUTGERS,721,Grounds,Paving - Non-Vehicular Area,2465061,2465061
RUTGERS,721,Grounds,Playgrounds,337.4,337.4
RUTGERS,721,Grounds,Site Fences,2619748,2619748
RUTGERS,721,Grounds,Site Lighting,81427.5,81427.5
RUTGERS,721,Grounds,Site Walls (Not Retaining Walls),824.5,824.5
RUTGERS,721,Grounds,Stairs / Ramps,458580.4,769277.9
RUTGERS,721,Heating,Air Source Heat Pump,,53731.02
RUTGERS,721,Heating,Building Steam Piping,35573159.25,35573159.25
RUTGERS,721,Heating,Common Spaces Radiator / Convector / Baseboard,494.68,275742.36
RUTGERS,721,Heating,Decarbonization,17209807.84,17209807.84
RUTGERS,721,Heating,Heating System,52121.37,17610849.51
RUTGERS,721,Heating,Through Wall/Window Heat Pump,6350.25,26296.89
RUTGERS,721,Interior Electrical/Lighting,Electrical System,3549609.49,3771772.77
RUTGERS,721,Interior Electrical/Lighting,Emergency and Exit Lighting and Panels,3981.56,82142.2
RUTGERS,721,Interior Electrical/Lighting,Interior Lighting Fixture,1659517.07,1659517.07
RUTGERS,721,Interior Electrical/Lighting,Public Address System,21667.7,21667.7
RUTGERS,721,Interior Electrical/Lighting,Telephone/Intercom,592899.84,592899.84
RUTGERS,721,Lead Based Paint,Lead Based Paint,5582153.22,5582153.22
RUTGERS,721,Plumbing,Building Drainage,709.38,59462.34
RUTGERS,721,Plumbing,Building Sewage System,10269.3,10269.3
RUTGERS,721,Plumbing,Domestic Water System,43174.2,43174.2
RUTGERS,721,Plumbing,Gas Risers,,425791.8
RUTGERS,721,Plumbing,Non Residential Spaces Plumbing Fixtures,12097.59,12097.59
RUTGERS,721,Plumbing,Roof Tank,54949.56,300419.91
RUTGERS,721,Plumbing,Underground Natural Gas Piping,1432634,1432634
RUTGERS,721,Roofs,Building Roof/Parapets/Misc,618077.19,5214363.19
RUTGERS,721,Safety And Security,Additional Security,3848107.2,3848107.2
RUTGERS,721,Safety And Security,CCTV,195672.49,1598482.29
RUTGERS,721,Safety And Security,Intrusion Alarm,107323.29,107323.29
RUTGERS,721,Ventilation/Air Conditioning,Air Conditioning,2658.07,213946.42
RUTGERS,721,Ventilation/Air Conditioning,Building Ductwork,4439.08,4439.08
RUTGERS,721,Waste Management,Garbage Chute,2556,2556
RUTGERS,721,Waste Management,Waste Infrastructure,2384138.02,2384138.02
RUTLAND TOWERS,61,Apartments,Apartment 504 Access,200000,200000
RUTLAND TOWERS,61,Apartments,Apartment Bathroom,2819959.24,2819959.24
RUTLAND TOWERS,61,Apartments,Apartment Entrance Doors,398093.32,398093.32
RUTLAND TOWERS,61,Apartments,Apartment Kitchen,2339285.95,2339285.95
RUTLAND TOWERS,61,Apartments,Apartment Renovation,5069455.71,5185862.07
RUTLAND TOWERS,61,Building Exterior/Facade/Window,Brickwork,,400000
RUTLAND TOWERS,61,Building Exterior/Facade/Window,Building Windows,1799352.13,1799352.13
RUTLAND TOWERS,61,Building Exterior/Facade/Window,Entrances/Exits,68721.86,68721.86
RUTLAND TOWERS,61,Building Exterior/Facade/Window,Foundations,8693.75,8693.75
RUTLAND TOWERS,61,Common Areas/Lobbies,Building Common Area Finishes ,366176.63,366176.63
RUTLAND TOWERS,61,Common Areas/Lobbies,Building Common Areas - Bathroom,56908.45,56908.45
RUTLAND TOWERS,61,Common Areas/Lobbies,Interior Building Doors,168320.05,168320.05
RUTLAND TOWERS,61,Common Areas/Lobbies,Interior Building Stairs,1254.85,627838.36
RUTLAND TOWERS,61,Elevators,Elevators,1463313.69,1463313.69
RUTLAND TOWERS,61,Fire Protection,Fire Alarm,171297.4,171297.4
RUTLAND TOWERS,61,Grounds,Building Exterior Walkways and Retaining Walls,6427.5,6427.5
RUTLAND TOWERS,61,Grounds,Fixed Site Equipment,1165.23,1165.23
RUTLAND TOWERS,61,Grounds,Landscaping,3812.07,3812.07
RUTLAND TOWERS,61,Grounds,Lighting - Exterior Security,99793.74,99793.74
RUTLAND TOWERS,61,Grounds,Open Spaces,,278074.55
RUTLAND TOWERS,61,Grounds,Parking Lot,221924,221924
RUTLAND TOWERS,61,Grounds,Paving - Non-Vehicular Area,62565,62565
RUTLAND TOWERS,61,Grounds,Playgrounds,37968,37968
RUTLAND TOWERS,61,Grounds,Site Fences,141608,141608
RUTLAND TOWERS,61,Grounds,Stairs / Ramps,7300.9,86142.95
RUTLAND TOWERS,61,Heating,Common Spaces Radiator / Convector / Baseboard,43007.45,43007.45
RUTLAND TOWERS,61,Heating,Decarbonization,2837262.68,2837262.68
RUTLAND TOWERS,61,Interior Electrical/Lighting,Electrical System,,680313.15
RUTLAND TOWERS,61,Interior Electrical/Lighting,Emergency and Exit Lighting and Panels,1675.17,1675.17
RUTLAND TOWERS,61,Interior Electrical/Lighting,Interior Lighting Fixture,236895.93,247290.53
RUTLAND TOWERS,61,Interior Electrical/Lighting,Telephone/Intercom,148224.96,148224.96
RUTLAND TOWERS,61,Lead Based Paint,Lead Based Paint,668989.62,668989.62
RUTLAND TOWERS,61,Plumbing,Building Drainage,20287.99,20287.99
RUTLAND TOWERS,61,Plumbing,Domestic Hot Water System,7503.72,107938.13
RUTLAND TOWERS,61,Plumbing,Domestic Water System,4577,4577
RUTLAND TOWERS,61,Plumbing,Underground Hydronic Piping,,111585.5
RUTLAND TOWERS,61,Plumbing,Underground Natural Gas Piping,,36971.2
RUTLAND TOWERS,61,Roofs,Building Roof/Parapets/Misc,1954116.53,1954116.53
RUTLAND TOWERS,61,Safety And Security,Additional Security,723004.8,723004.8
RUTLAND TOWERS,61,Ventilation/Air Conditioning,Building Ductwork,2359.62,2359.62
RUTLAND TOWERS,61,Ventilation/Air Conditioning,Exhaust Fan,16864.72,16864.72
RUTLAND TOWERS,61,Waste Management,Waste Infrastructure,84940.69,84940.69
SACK WERN,413,Apartments,Apartment 504 Access,1000000,1000000
SACK WERN,413,Apartments,Apartment Bathroom,21357724.08,21357724.08
SACK WERN,413,Apartments,Apartment Entrance Doors,2695287.56,2695287.56
SACK WERN,413,Apartments,Apartment Kitchen,15838116.35,15838116.35
SACK WERN,413,Apartments,Apartment Renovation,40390125.57,44454326.4
SACK WERN,413,Building Exterior/Facade/Window,Brickwork,628,2800628
SACK WERN,413,Building Exterior/Facade/Window,Building Windows,12832628.3,12832628.3
SACK WERN,413,Building Exterior/Facade/Window,Entrances/Exits,738384.44,738384.44
SACK WERN,413,Building Exterior/Facade/Window,Foundations,109622.68,109622.68
SACK WERN,413,Common Areas/Lobbies,Building Common Area Finishes ,2790032.42,2790032.42
SACK WERN,413,Common Areas/Lobbies,Building Common Areas - Bathroom,227633.8,1251985.9
SACK WERN,413,Common Areas/Lobbies,Interior Building Doors,2165377.6,2165377.6
SACK WERN,413,Common Areas/Lobbies,Interior Building Stairs,5245.18,6647030.41
SACK WERN,413,Common Areas/Lobbies,Non Residential Kitchen,2121898.98,2121898.98
SACK WERN,413,Elevators,Elevators,10243195.83,10243195.83
SACK WERN,413,Fire Protection,Fire Alarm,17336.47,196390.78
SACK WERN,413,Fire Protection,Fire Sprinkler,5162.2,5162.2
SACK WERN,413,Grounds,Building Exterior Walkways and Retaining Walls,175679.44,179856.08
SACK WERN,413,Grounds,Fixed Site Equipment,1165.23,1165.23
SACK WERN,413,Grounds,Lighting - Exterior Security,745517.94,745517.94
SACK WERN,413,Grounds,Open Spaces,,2579515.95
SACK WERN,413,Grounds,Parking Lot,,3639850.74
SACK WERN,413,Grounds,Paving - Non-Vehicular Area,1015638.5,1015638.5
SACK WERN,413,Grounds,Playgrounds,441852.6,441852.6
SACK WERN,413,Grounds,Site Fences,2062166.5,2062166.5
SACK WERN,413,Grounds,Site Lighting,280472.5,280472.5
SACK WERN,413,Grounds,Stairs / Ramps,55455.91,219673.77
SACK WERN,413,Grounds,Storm Piping,60362.64,60362.64
SACK WERN,413,Heating,Common Spaces Radiator / Convector / Baseboard,94616.39,455878.97
SACK WERN,413,Heating,Decarbonization,28856563.39,28856563.39
SACK WERN,413,Heating,Heating System,27011.01,27011.01
SACK WERN,413,Heating,Through Wall/Window Heat Pump,11336.91,11336.91
SACK WERN,413,Interior Electrical/Lighting,Electrical System,1315031.27,4651323.01
SACK WERN,413,Interior Electrical/Lighting,Emergency and Exit Lighting and Panels,61532.59,63415.02
SACK WERN,413,Interior Electrical/Lighting,Interior Lighting Fixture,1731180.18,1733387.79
SACK WERN,413,Interior Electrical/Lighting,Telephone/Intercom,222337.44,667012.32
SACK WERN,413,Lead Based Paint,Lead Based Paint,413000,413000
SACK WERN,413,Plumbing,Building Drainage,118371.36,118371.36
SACK WERN,413,Plumbing,Domestic Water System,75412.62,840960.62
SACK WERN,413,Plumbing,Gas Risers,9066.01,9066.01
SACK WERN,413,Plumbing,Non Residential Spaces Plumbing Fixtures,12097.59,12097.59
SACK WERN,413,Plumbing,Underground Hydronic Piping,,892684
SACK WERN,413,Plumbing,Underground Natural Gas Piping,,369712
SACK WERN,413,Roofs,Building Roof/Parapets/Misc,78834.8,78834.8
SACK WERN,413,Safety And Security,Additional Security,3705723,3705723
SACK WERN,413,Safety And Security,Intrusion Alarm,321969.87,429293.16
SACK WERN,413,Ventilation/Air Conditioning,Air Conditioning,47173.14,47173.14
SACK WERN,413,Ventilation/Air Conditioning,Exhaust Fan,9157.74,9157.74
SACK WERN,413,Waste Management,Waste Infrastructure,2478793.68,2478793.68
SAINT MARY'S PARK,1007,Apartments,Apartment 504 Access,2400000,2400000
SAINT MARY'S PARK,1007,Apartments,Apartment Bathroom,46552441.88,46552441.88
SAINT MARY'S PARK,1007,Apartments,Apartment Entrance Doors,6571802.84,6571802.84
SAINT MARY'S PARK,1007,Apartments,Apartment Kitchen,38617392.65,38617392.65
SAINT MARY'S PARK,1007,Apartments,Apartment Renovation,81664889.76,91401344.09
SAINT MARY'S PARK,1007,Building Exterior/Facade/Window,Brickwork,2512,25512268.47
SAINT MARY'S PARK,1007,Building Exterior/Facade/Window,Building Windows,37263850.04,37263850.04
SAINT MARY'S PARK,1007,Building Exterior/Facade/Window,Entrances/Exits,631636.6,631636.6
SAINT MARY'S PARK,1007,Building Exterior/Facade/Window,Foundations,55115.54,55115.54
SAINT MARY'S PARK,1007,Common Areas/Lobbies,Building Common Area Finishes ,5895770.41,5895770.41
SAINT MARY'S PARK,1007,Common Areas/Lobbies,Building Common Areas - Bathroom,341450.7,1081260.55
SAINT MARY'S PARK,1007,Common Areas/Lobbies,Interior Building Doors,3223668.6,3223668.6
SAINT MARY'S PARK,1007,Common Areas/Lobbies,Interior Building Stairs,,14850029.25
SAINT MARY'S PARK,1007,Common Areas/Lobbies,Non Residential Kitchen,1688360.08,1688360.08
SAINT MARY'S PARK,1007,Elevators,Elevators,,17559764.28
SAINT MARY'S PARK,1007,Fire Protection,Standpipe System,241986.25,241986.25
SAINT MARY'S PARK,1007,Grounds,Building Exterior Walkways and Retaining Walls,49275.11,49275.11
SAINT MARY'S PARK,1007,Grounds,Fixed Site Equipment,2178.77,2178.77
SAINT MARY'S PARK,1007,Grounds,Landscaping,2981,2981
SAINT MARY'S PARK,1007,Grounds,Lighting - Exterior Security,587022,628113.54
SAINT MARY'S PARK,1007,Grounds,Open Spaces,,8026952.77
SAINT MARY'S PARK,1007,Grounds,Parking Lot,1154663,1154663
SAINT MARY'S PARK,1007,Grounds,Paving - Non-Vehicular Area,1251300,1251300
SAINT MARY'S PARK,1007,Grounds,Playgrounds,,199332
SAINT MARY'S PARK,1007,Grounds,Site Fences,6503347.4,6503347.4
SAINT MARY'S PARK,1007,Grounds,Site Lighting,235235,235235
SAINT MARY'S PARK,1007,Grounds,Site Walls (Not Retaining Walls),1685.6,1685.6
SAINT MARY'S PARK,1007,Grounds,Stairs / Ramps,93586.76,158240.76
SAINT MARY'S PARK,1007,Grounds,Storm Piping,,2505942
SAINT MARY'S PARK,1007,Heating,Decarbonization,104316904.7,104316904.7
SAINT MARY'S PARK,1007,Interior Electrical/Lighting,Electrical System,1805165.46,7560816.61
SAINT MARY'S PARK,1007,Interior Electrical/Lighting,Emergency and Exit Lighting and Panels,50599.86,50599.86
SAINT MARY'S PARK,1007,Interior Electrical/Lighting,Interior Lighting Fixture,3522688.48,3560109.04
SAINT MARY'S PARK,1007,Interior Electrical/Lighting,PA System,,21667.7
SAINT MARY'S PARK,1007,Interior Electrical/Lighting,Telephone/Intercom,,74112.48
SAINT MARY'S PARK,1007,Lead Based Paint,Lead Based Paint,3524641.05,3524641.05
SAINT MARY'S PARK,1007,Plumbing,Building Drainage,132194.16,1561817.16
SAINT MARY'S PARK,1007,Plumbing,Building Sewage System,,4637110.5
SAINT MARY'S PARK,1007,Plumbing,Roof Tank,245470.35,245470.35
SAINT MARY'S PARK,1007,Plumbing,Underground Hydronic Piping,5356104,5356104
SAINT MARY'S PARK,1007,Plumbing,Underground Natural Gas Piping,462140,462140
SAINT MARY'S PARK,1007,Roofs,Building Roof/Parapets/Misc,9000053.64,9000053.64
SAINT MARY'S PARK,1007,Safety And Security,Additional Security,3751351.8,3751351.8
SAINT MARY'S PARK,1007,Safety And Security,CCTV,,1402809.8
SAINT MARY'S PARK,1007,Safety And Security,Intrusion Alarm,107323.29,214646.58
SAINT MARY'S PARK,1007,Ventilation/Air Conditioning,Air Conditioning,0,114655.34
SAINT MARY'S PARK,1007,Ventilation/Air Conditioning,Building Ductwork,10516.75,10516.75
SAINT MARY'S PARK,1007,Waste Management,Garbage Chute,12263.28,12263.28
SAINT MARY'S PARK,1007,Waste Management,Waste Infrastructure,2720270.85,2720270.85
SAINT NICHOLAS,1526,Apartments,Apartment 504 Access,3600000,3600000
SAINT NICHOLAS,1526,Apartments,Apartment Bathroom,70406523.32,70406523.32
SAINT NICHOLAS,1526,Apartments,Apartment Entrance Doors,9958859.12,9958859.12
SAINT NICHOLAS,1526,Apartments,Apartment Kitchen,58405450.85,58405450.85
SAINT NICHOLAS,1526,Apartments,Apartment Renovation,101941933.2,154633699.4
SAINT NICHOLAS,1526,Building Exterior/Facade/Window,Brickwork,,39155872.32
SAINT NICHOLAS,1526,Building Exterior/Facade/Window,Building Windows,69828822.14,69828822.14
SAINT NICHOLAS,1526,Building Exterior/Facade/Window,Foundations,9041.5,9041.5
SAINT NICHOLAS,1526,Common Areas/Lobbies,Building Common Area Finishes ,4949840.41,5519617.22
SAINT NICHOLAS,1526,Common Areas/Lobbies,Building Common Areas - Bathroom,341450.7,1764161.95
SAINT NICHOLAS,1526,Common Areas/Lobbies,Interior Building Doors,4784449,4871034.25
SAINT NICHOLAS,1526,Common Areas/Lobbies,Interior Building Stairs,,23120931.61
SAINT NICHOLAS,1526,Common Areas/Lobbies,Non Residential Kitchen,2115239.02,2537329.04
SAINT NICHOLAS,1526,Elevators,Elevators,40972783.32,40972783.32
SAINT NICHOLAS,1526,Fire Protection,Fire Alarm,,287539.98
SAINT NICHOLAS,1526,Fire Protection,Fire Sprinkler,0,0
SAINT NICHOLAS,1526,Fire Protection,Standpipe System,,1940176.8
SAINT NICHOLAS,1526,Grounds,Building Exterior Walkways and Retaining Walls,96266.72,419956.32
SAINT NICHOLAS,1526,Grounds,Fixed Site Equipment,11792.48,11792.48
SAINT NICHOLAS,1526,Grounds,Landscaping,44227.26,44227.26
SAINT NICHOLAS,1526,Grounds,Lighting - Exterior Security,35031.61,35031.61
SAINT NICHOLAS,1526,Grounds,Open Spaces,,0
SAINT NICHOLAS,1526,Grounds,Parking Lot,1108312.75,1108312.75
SAINT NICHOLAS,1526,Grounds,Paving - Non-Vehicular Area,5630850,5630850
SAINT NICHOLAS,1526,Grounds,Playgrounds,899367,899367
SAINT NICHOLAS,1526,Grounds,Site Fences,4814672,4814672
SAINT NICHOLAS,1526,Grounds,Stairs / Ramps,,654100
SAINT NICHOLAS,1526,Grounds,Storm Piping,28053.01,3230090.01
SAINT NICHOLAS,1526,Heating,Building Steam Piping,78775079,78879841.76
SAINT NICHOLAS,1526,Heating,Common Spaces Radiator / Convector / Baseboard,0,1100990.72
SAINT NICHOLAS,1526,Heating,Decarbonization,36400772.49,36400772.49
SAINT NICHOLAS,1526,Heating,Heating System,20536452.42,21097123.87
SAINT NICHOLAS,1526,Heating,Underground Steam and Condensate Return Piping,13834604,13834604
SAINT NICHOLAS,1526,Interior Electrical/Lighting,Electrical System,38136.99,12815549.81
SAINT NICHOLAS,1526,Interior Electrical/Lighting,Emergency and Exit Lighting and Panels,8375.85,67989.23
SAINT NICHOLAS,1526,Interior Electrical/Lighting,Interior Lighting Fixture,3540827.15,3555448.35
SAINT NICHOLAS,1526,Interior Electrical/Lighting,Telephone/Intercom,466776.34,911451.22
SAINT NICHOLAS,1526,Lead Based Paint,Lead Based Paint,25425590.34,25425590.34
SAINT NICHOLAS,1526,Plumbing,Building Drainage,190947.12,3064855.92
SAINT NICHOLAS,1526,Plumbing,Domestic Water System,,54924962.5
SAINT NICHOLAS,1526,Plumbing,Non Residential Spaces Plumbing Fixtures,7433.59,7433.59
SAINT NICHOLAS,1526,Plumbing,Roof Tank,490940.7,490940.7
SAINT NICHOLAS,1526,Plumbing,Underground Natural Gas Piping,2033416,2033416
SAINT NICHOLAS,1526,Safety And Security,Additional Security,8004444,8004444
SAINT NICHOLAS,1526,Safety And Security,Intrusion Alarm,,214646.58
SAINT NICHOLAS,1526,Ventilation/Air Conditioning,Air Conditioning,0,332078.04
SAINT NICHOLAS,1526,Ventilation/Air Conditioning,Building Ductwork,3392.5,3392.5
SAINT NICHOLAS,1526,Ventilation/Air Conditioning,Exhaust Fan,9643.08,9643.08
SAINT NICHOLAS,1526,Waste Management,Garbage Chute,36317.76,36317.76
SAINT NICHOLAS,1526,Waste Management,Waste Infrastructure,2654247.33,2654247.33
SAMUEL (CITY),664,Apartments,Apartment 504 Access,1600000,1600000
SAMUEL (CITY),664,Apartments,Apartment Bathroom,33654595.52,33654595.52
SAMUEL (CITY),664,Apartments,Apartment Entrance Doors,4333343.68,4333343.68
SAMUEL (CITY),664,Apartments,Apartment Kitchen,25463702.8,25463702.8
SAMUEL (CITY),664,Apartments,Apartment Renovation,50637134.88,54397106.68
SAMUEL (CITY),664,Building Exterior/Facade/Window,Brickwork,3192.6,6403192.6
SAMUEL (CITY),664,Building Exterior/Facade/Window,Building Windows,34362549.19,35362045.59
SAMUEL (CITY),664,Building Exterior/Facade/Window,Entrances/Exits,413476.34,2285283.96
SAMUEL (CITY),664,Building Exterior/Facade/Window,Foundations,4486396.8,4486396.8
SAMUEL (CITY),664,Common Areas/Lobbies,Building Common Area Finishes ,6240933.38,10072171.76
SAMUEL (CITY),664,Common Areas/Lobbies,Building Common Areas - Bathroom,1482803.98,2051888.48
SAMUEL (CITY),664,Common Areas/Lobbies,Building Gymnasium,336370.52,336370.52
SAMUEL (CITY),664,Common Areas/Lobbies,Interior Building Doors,2881662.1,3047511.4
SAMUEL (CITY),664,Common Areas/Lobbies,Interior Building Stairs,8828.44,760728.66
SAMUEL (CITY),664,Common Areas/Lobbies,Non Residential Kitchen,1710288.38,2554468.42
SAMUEL (CITY),664,Elevators,Elevators,4855681,4855681
SAMUEL (CITY),664,Fire Protection,Fire Alarm,20348.57,196018.55
SAMUEL (CITY),664,Fire Protection,Fire Sprinkler,88243.76,88243.76
SAMUEL (CITY),664,Fire Protection,Standpipe System,7743.56,7743.56
SAMUEL (CITY),664,Grounds,Building Exterior Walkways and Retaining Walls,306417.1,306417.1
SAMUEL (CITY),664,Grounds,Landscaping,7371.21,7371.21
SAMUEL (CITY),664,Grounds,Lighting - Exterior Security,2553545.7,2553545.7
SAMUEL (CITY),664,Grounds,Open Spaces,,0
SAMUEL (CITY),664,Grounds,Parking Lot,109020,109020
SAMUEL (CITY),664,Grounds,Paving - Non-Vehicular Area,200208,200208
SAMUEL (CITY),664,Grounds,Playgrounds,147126,147126
SAMUEL (CITY),664,Grounds,Site Fences,180550.2,180550.2
SAMUEL (CITY),664,Grounds,Stairs / Ramps,115730.35,462809.89
SAMUEL (CITY),664,Heating,Air Source Heat Pump,134327.55,134327.55
SAMUEL (CITY),664,Heating,Decarbonization,68784930.19,68784930.19
SAMUEL (CITY),664,Heating,Heating System,4989.92,4989.92
SAMUEL (CITY),664,Heating,Hot Water System,30571063.6,32189791.48
SAMUEL (CITY),664,Heating,Through Wall/Window Heat Pump,19946.64,19946.64
SAMUEL (CITY),664,Interior Electrical/Lighting,Electrical System,4826.83,42963.82
SAMUEL (CITY),664,Interior Electrical/Lighting,Emergency and Exit Lighting and Panels,98163.03,101828.98
SAMUEL (CITY),664,Interior Electrical/Lighting,Interior Lighting Fixture,5584147.11,5584147.11
SAMUEL (CITY),664,Interior Electrical/Lighting,PA System,,130006.2
SAMUEL (CITY),664,Lead Based Paint,Lead Based Paint,0,0
SAMUEL (CITY),664,Plumbing,Building Drainage,4634753.81,4634753.81
SAMUEL (CITY),664,Plumbing,Building Sewage System,12310428.55,16865721.85
SAMUEL (CITY),664,Plumbing,Domestic Water System,4483924,4483924
SAMUEL (CITY),664,Plumbing,Gas Risers,453828.67,10576701.49
SAMUEL (CITY),664,Plumbing,Non Residential Spaces Plumbing Fixtures,8065.06,8065.06
SAMUEL (CITY),664,Plumbing,Roof Tank,343837.17,1318555.05
SAMUEL (CITY),664,Plumbing,Underground Hydronic Piping,1149330.65,1149330.65
SAMUEL (CITY),664,Plumbing,Underground Natural Gas Piping,365090.6,365090.6
SAMUEL (CITY),664,Roofs,Building Roof/Parapets/Misc,16434566.5,18668768.74
SAMUEL (CITY),664,Safety And Security,Additional Security,18372383.4,18372383.4
SAMUEL (CITY),664,Safety And Security,CCTV,,1122247.84
SAMUEL (CITY),664,Safety And Security,Intrusion Alarm,,214646.58
SAMUEL (CITY),664,Ventilation/Air Conditioning,Air Conditioning,,472405.03
SAMUEL (CITY),664,Ventilation/Air Conditioning,Building Ductwork,127180.56,127180.56
SAMUEL (CITY),664,Ventilation/Air Conditioning,Exhaust Fan,66488.18,66488.18
SAMUEL (CITY),664,Waste Management,Garbage Chute,63645.36,63645.36
SAMUEL (CITY),664,Waste Management,Waste Infrastructure,4761042.96,4761042.96
SARATOGA VILLAGE,125,Apartments,Apartment 504 Access,200000,200000
SARATOGA VILLAGE,125,Apartments,Apartment Bathroom,5778605,5778605
SARATOGA VILLAGE,125,Apartments,Apartment Entrance Doors,815765,815765
SARATOGA VILLAGE,125,Apartments,Apartment Kitchen,4793618.75,4793618.75
SARATOGA VILLAGE,125,Apartments,Apartment Renovation,13255470.19,13255470.19
SARATOGA VILLAGE,125,Building Exterior/Facade/Window,Brickwork,,4251626.08
SARATOGA VILLAGE,125,Building Exterior/Facade/Window,Building Windows,3796681.28,3796681.28
SARATOGA VILLAGE,125,Building Exterior/Facade/Window,Entrances/Exits,87653.44,87653.44
SARATOGA VILLAGE,125,Building Exterior/Facade/Window,Foundations,2782,2782
SARATOGA VILLAGE,125,Common Areas/Lobbies,Building Common Area Finishes ,376699.31,540210.41
SARATOGA VILLAGE,125,Common Areas/Lobbies,Building Common Areas - Bathroom,,455267.6
SARATOGA VILLAGE,125,Common Areas/Lobbies,Interior Building Doors,543053.3,566018.45
SARATOGA VILLAGE,125,Common Areas/Lobbies,Interior Building Stairs,,2193042.29
SARATOGA VILLAGE,125,Common Areas/Lobbies,Non Residential Kitchen,,422090.02
SARATOGA VILLAGE,125,Elevators,Elevators,2926627.38,2926627.38
SARATOGA VILLAGE,125,Fire Protection,Fire Alarm,,175669.98
SARATOGA VILLAGE,125,Fire Protection,Standpipe System,19705.12,19705.12
SARATOGA VILLAGE,125,Grounds,Building Exterior Walkways and Retaining Walls,29186.4,29186.4
SARATOGA VILLAGE,125,Grounds,Lighting - Exterior Security,111534.18,111534.18
SARATOGA VILLAGE,125,Grounds,Open Spaces,,1198587.35
SARATOGA VILLAGE,125,Grounds,Parking Lot,299805,299805
SARATOGA VILLAGE,125,Grounds,Paving - Non-Vehicular Area,734096,734096
SARATOGA VILLAGE,125,Grounds,Playgrounds,56002.8,56002.8
SARATOGA VILLAGE,125,Grounds,Site Fences,403582.8,403582.8
SARATOGA VILLAGE,125,Grounds,Site Lighting,28519.51,28519.51
SARATOGA VILLAGE,125,Grounds,Stairs / Ramps,3141.7,55970.95
SARATOGA VILLAGE,125,Heating,Common Spaces Radiator / Convector / Baseboard,,68811.92
SARATOGA VILLAGE,125,Heating,Decarbonization,8797732.75,8797732.75
SARATOGA VILLAGE,125,Interior Electrical/Lighting,Electrical System,225998.6,823885.1
SARATOGA VILLAGE,125,Interior Electrical/Lighting,Emergency and Exit Lighting and Panels,8695.75,22941.35
SARATOGA VILLAGE,125,Interior Electrical/Lighting,Interior Lighting Fixture,384008.37,384008.37
SARATOGA VILLAGE,125,Lead Based Paint,Lead Based Paint,459591.94,459591.94
SARATOGA VILLAGE,125,Plumbing,Building Sewage System,118100.76,118100.76
SARATOGA VILLAGE,125,Plumbing,Roof Tank,,163646.9
SARATOGA VILLAGE,125,Plumbing,Underground Hydronic Piping,111585.5,111585.5
SARATOGA VILLAGE,125,Plumbing,Underground Natural Gas Piping,46214,46214
SARATOGA VILLAGE,125,Roofs,Building Roof/Parapets/Misc,573527.54,573527.54
SARATOGA VILLAGE,125,Safety And Security,Additional Security,1617793.8,1617793.8
SARATOGA VILLAGE,125,Safety And Security,Intrusion Alarm,,107323.29
SARATOGA VILLAGE,125,Ventilation/Air Conditioning,Air Conditioning,6161.7,255220.23
SARATOGA VILLAGE,125,Waste Management,Waste Infrastructure,96513.88,96513.88
SEDGWICK,786,Apartments,Apartment 504 Access,1800000,1800000
SEDGWICK,786,Apartments,Apartment Bathroom,36705698.96,36705698.96
SEDGWICK,786,Apartments,Apartment Entrance Doors,5129530.32,5129530.32
SEDGWICK,786,Apartments,Apartment Kitchen,30142274.7,30142274.7
SEDGWICK,786,Apartments,Apartment Renovation,58964215.56,65000272.46
SEDGWICK,786,Building Exterior/Facade/Window,Brickwork,13460922.19,20724538.45
SEDGWICK,786,Building Exterior/Facade/Window,Building Windows,28563573.67,28563573.67
SEDGWICK,786,Building Exterior/Facade/Window,Entrances/Exits,677766.19,677766.19
SEDGWICK,786,Building Exterior/Facade/Window,Foundations,138189.4,138189.4
SEDGWICK,786,Common Areas/Lobbies,Building Common Area Finishes ,5325023.56,5325023.56
SEDGWICK,786,Common Areas/Lobbies,Building Common Areas - Bathroom,569084.5,1365802.8
SEDGWICK,786,Common Areas/Lobbies,Interior Building Doors,2998685.45,2998685.45
SEDGWICK,786,Common Areas/Lobbies,Interior Building Stairs,32293.64,13441180.8
SEDGWICK,786,Common Areas/Lobbies,Non Residential Kitchen,1691296.44,1691296.44
SEDGWICK,786,Elevators,Elevators,31568.61,20517960.27
SEDGWICK,786,Fire Protection,Fire Alarm,70836.16,358376.14
SEDGWICK,786,Fire Protection,Standpipe System,1935.89,800531.09
SEDGWICK,786,Grounds,Building Exterior Walkways and Retaining Walls,545148.8,545148.8
SEDGWICK,786,Grounds,Lighting - Exterior Security,710296.62,710296.62
SEDGWICK,786,Grounds,Open Spaces,,4751111.3
SEDGWICK,786,Grounds,Parking Lot,909058,909058
SEDGWICK,786,Grounds,Paving - Non-Vehicular Area,625650,625650
SEDGWICK,786,Grounds,Playgrounds,526806,526806
SEDGWICK,786,Grounds,Site Fences,3540200,3540200
SEDGWICK,786,Grounds,Site Lighting,189997.5,189997.5
SEDGWICK,786,Grounds,Stairs / Ramps,108037.15,164855.1
SEDGWICK,786,Grounds,Storm Piping,,2366723
SEDGWICK,786,Heating,Decarbonization,81112349.91,81112349.91
SEDGWICK,786,Interior Electrical/Lighting,Electrical System,1473225.91,7698784.08
SEDGWICK,786,Interior Electrical/Lighting,Emergency and Exit Lighting and Panels,46098.08,46098.08
SEDGWICK,786,Interior Electrical/Lighting,Interior Lighting Fixture,2541196.26,2541196.26
SEDGWICK,786,Lead Based Paint,Lead Based Paint,11528905.78,11528905.78
SEDGWICK,786,Plumbing,Building Drainage,102817.68,1129213.68
SEDGWICK,786,Plumbing,Building Sewage System,,4013941.5
SEDGWICK,786,Plumbing,Domestic Water System,,17787087.5
SEDGWICK,786,Plumbing,Gas Risers,,7761009
SEDGWICK,786,Plumbing,Roof Tank,163646.9,163646.9
SEDGWICK,786,Plumbing,Underground Hydronic Piping,2678052,2678052
SEDGWICK,786,Plumbing,Underground Natural Gas Piping,693210,693210
SEDGWICK,786,Safety And Security,Additional Security,4352552.4,4352552.4
SEDGWICK,786,Safety And Security,CCTV,,1122247.84
SEDGWICK,786,Safety And Security,Intrusion Alarm,,214646.58
SEDGWICK,786,Ventilation/Air Conditioning,Air Conditioning,70834.5,312991.1
SEDGWICK,786,Ventilation/Air Conditioning,Building Ductwork,786.54,786.54
SEDGWICK,786,Waste Management,Waste Infrastructure,2758918.79,2758918.79
SEWARD PARK EXTENSION,360,Apartments,Apartment 504 Access,800000,800000
SEWARD PARK EXTENSION,360,Apartments,Apartment Bathroom,18029247.6,18029247.6
SEWARD PARK EXTENSION,360,Apartments,Apartment Entrance Doors,2349403.2,2349403.2
SEWARD PARK EXTENSION,360,Apartments,Apartment Kitchen,13728924.1,13728924.1
SEWARD PARK EXTENSION,360,Apartments,Apartment Renovation,33722206.27,35889876.03
SEWARD PARK EXTENSION,360,Building Exterior/Facade/Window,Brickwork,628,8703880.16
SEWARD PARK EXTENSION,360,Building Exterior/Facade/Window,Building Windows,14193155.68,14193155.68
SEWARD PARK EXTENSION,360,Building Exterior/Facade/Window,Entrances/Exits,489134.78,489134.78
SEWARD PARK EXTENSION,360,Building Exterior/Facade/Window,Foundations,487649,487649
SEWARD PARK EXTENSION,360,Common Areas/Lobbies,Building Common Area Finishes ,2203314,2203314
SEWARD PARK EXTENSION,360,Common Areas/Lobbies,Building Common Areas - Bathroom,,853626.75
SEWARD PARK EXTENSION,360,Common Areas/Lobbies,Interior Building Doors,1522110.6,1522110.6
SEWARD PARK EXTENSION,360,Common Areas/Lobbies,Interior Building Stairs,3873.59,4891224.99
SEWARD PARK EXTENSION,360,Common Areas/Lobbies,Non Residential Kitchen,3376720.16,3376720.16
SEWARD PARK EXTENSION,360,Elevators,Elevators,5772.27,5935574.97
SEWARD PARK EXTENSION,360,Fire Protection,Fire Alarm,57348.48,344888.46
SEWARD PARK EXTENSION,360,Fire Protection,Standpipe System,32197.89,32197.89
SEWARD PARK EXTENSION,360,Grounds,Building Exterior Walkways and Retaining Walls,159557.9,159557.9
SEWARD PARK EXTENSION,360,Grounds,Landscaping,542,542
SEWARD PARK EXTENSION,360,Grounds,Lighting - Exterior Security,381564.3,381564.3
SEWARD PARK EXTENSION,360,Grounds,Open Spaces,,3338219.15
SEWARD PARK EXTENSION,360,Grounds,Parking Lot,746787,746787
SEWARD PARK EXTENSION,360,Grounds,Paving - Non-Vehicular Area,2042538.7,2042538.7
SEWARD PARK EXTENSION,360,Grounds,Playgrounds,,298048.8
SEWARD PARK EXTENSION,360,Grounds,Site Fences,628385.5,628385.5
SEWARD PARK EXTENSION,360,Grounds,Site Walls (Not Retaining Walls),77932.25,77932.25
SEWARD PARK EXTENSION,360,Grounds,Stairs / Ramps,83541.7,623289.2
SEWARD PARK EXTENSION,360,Heating,Decarbonization,37293034.44,37293034.44
SEWARD PARK EXTENSION,360,Interior Electrical/Lighting,Electrical System,642682.15,830543.76
SEWARD PARK EXTENSION,360,Interior Electrical/Lighting,Emergency and Exit Lighting and Panels,45156.72,64433.3
SEWARD PARK EXTENSION,360,Interior Electrical/Lighting,Interior Lighting Fixture,1670345.65,1670345.65
SEWARD PARK EXTENSION,360,Interior Electrical/Lighting,Telephone/Intercom,74112.48,296449.92
SEWARD PARK EXTENSION,360,Lead Based Paint,Lead Based Paint,2966234.4,2966234.4
SEWARD PARK EXTENSION,360,Plumbing,Building Drainage,88129.44,88129.44
SEWARD PARK EXTENSION,360,Plumbing,Building Sewage System,118100.76,118100.76
SEWARD PARK EXTENSION,360,Plumbing,Roof Tank,2276729.56,2276729.56
SEWARD PARK EXTENSION,360,Plumbing,Underground Hydronic Piping,,1807685.1
SEWARD PARK EXTENSION,360,Plumbing,Underground Natural Gas Piping,,221827.2
SEWARD PARK EXTENSION,360,Roofs,Building Roof/Parapets/Misc,3469799.1,3469799.1
SEWARD PARK EXTENSION,360,Safety And Security,Additional Security,2634063.6,2634063.6
SEWARD PARK EXTENSION,360,Safety And Security,CCTV,,280561.96
SEWARD PARK EXTENSION,360,Safety And Security,Intrusion Alarm,,214646.58
SEWARD PARK EXTENSION,360,Ventilation/Air Conditioning,Air Conditioning,7994.92,69072.26
SEWARD PARK EXTENSION,360,Waste Management,Garbage Chute,2556,2556
SEWARD PARK EXTENSION,360,Waste Management,Waste Infrastructure,193027.75,193027.75
SHEEPSHEAD BAY,1056,Apartments,Apartment 504 Access,2400000,2400000
SHEEPSHEAD BAY,1056,Apartments,Apartment Bathroom,48771426.2,48771426.2
SHEEPSHEAD BAY,1056,Apartments,Apartment Entrance Doors,6891582.72,6891582.72
SHEEPSHEAD BAY,1056,Apartments,Apartment Kitchen,40458142.25,40458142.25
SHEEPSHEAD BAY,1056,Apartments,Apartment Renovation,83834800.55,95193038.75
SHEEPSHEAD BAY,1056,Building Exterior/Facade/Window,Brickwork,4647.2,7204647.2
SHEEPSHEAD BAY,1056,Building Exterior/Facade/Window,Building Windows,53349417.69,53349417.69
SHEEPSHEAD BAY,1056,Building Exterior/Facade/Window,Entrances/Exits,2543574,2543574
SHEEPSHEAD BAY,1056,Building Exterior/Facade/Window,Foundations,382921.54,382921.54
SHEEPSHEAD BAY,1056,Common Areas/Lobbies,Building Common Area Finishes ,5516322.01,5516322.01
SHEEPSHEAD BAY,1056,Common Areas/Lobbies,Building Common Areas - Bathroom,284542.25,739809.85
SHEEPSHEAD BAY,1056,Common Areas/Lobbies,Interior Building Doors,3557534.45,3557534.45
SHEEPSHEAD BAY,1056,Common Areas/Lobbies,Interior Building Stairs,,13158253.76
SHEEPSHEAD BAY,1056,Common Areas/Lobbies,Non Residential Kitchen,1266270.06,1266270.06
SHEEPSHEAD BAY,1056,Elevators,Elevators,52679292.84,52679292.84
SHEEPSHEAD BAY,1056,Fire Protection,Fire Sprinkler,0,0
SHEEPSHEAD BAY,1056,Grounds,Building Exterior Walkways and Retaining Walls,7713,7713
SHEEPSHEAD BAY,1056,Grounds,Lighting - Exterior Security,1878470.4,1878470.4
SHEEPSHEAD BAY,1056,Grounds,Open Spaces,,7250696
SHEEPSHEAD BAY,1056,Grounds,Parking Lot,1636423.05,1636423.05
SHEEPSHEAD BAY,1056,Grounds,Playgrounds,,952047.6
SHEEPSHEAD BAY,1056,Grounds,Site Fences,6290935.4,6290935.4
SHEEPSHEAD BAY,1056,Grounds,Site Lighting,1085700,1085700
SHEEPSHEAD BAY,1056,Grounds,Stairs / Ramps,198546.27,626662.87
SHEEPSHEAD BAY,1056,Grounds,Storm Piping,,4677758.4
SHEEPSHEAD BAY,1056,Heating,Decarbonization,109185717.5,109185717.5
SHEEPSHEAD BAY,1056,Heating,Heating System,1247.48,1247.48
SHEEPSHEAD BAY,1056,Interior Electrical/Lighting,Electrical System,2063139.49,25334542.01
SHEEPSHEAD BAY,1056,Interior Electrical/Lighting,Emergency and Exit Lighting and Panels,16227.8,37267.23
SHEEPSHEAD BAY,1056,Interior Electrical/Lighting,Interior Lighting Fixture,3310699.26,3331717.66
SHEEPSHEAD BAY,1056,Interior Electrical/Lighting,Public Address System,43335.4,43335.4
SHEEPSHEAD BAY,1056,Interior Electrical/Lighting,Telephone/Intercom,1630474.56,1630474.56
SHEEPSHEAD BAY,1056,Lead Based Paint,Lead Based Paint,11026160.3,11026160.3
SHEEPSHEAD BAY,1056,Plumbing,Building Drainage,249700.08,2964176.37
SHEEPSHEAD BAY,1056,Plumbing,Building Sewage System,2439.9,7985234.79
SHEEPSHEAD BAY,1056,Plumbing,Domestic Water System,337999.59,46970874.67
SHEEPSHEAD BAY,1056,Plumbing,Underground Hydronic Piping,4876286.35,4876286.35
SHEEPSHEAD BAY,1056,Plumbing,Underground Natural Gas Piping,1552790.4,1552790.4
SHEEPSHEAD BAY,1056,Roofs,Building Roof/Parapets/Misc,45264,45264
SHEEPSHEAD BAY,1056,Safety And Security,Additional Security,13234116,13234116
SHEEPSHEAD BAY,1056,Safety And Security,CCTV,,5050115.28
SHEEPSHEAD BAY,1056,Safety And Security,Intrusion Alarm,214646.58,321969.87
SHEEPSHEAD BAY,1056,Ventilation/Air Conditioning,Air Conditioning,37415.98,37415.98
SHEEPSHEAD BAY,1056,Ventilation/Air Conditioning,Exhaust Fan,8432.38,8432.38
SHEEPSHEAD BAY,1056,Waste Management,Garbage Chute,35599.2,35599.2
SHEEPSHEAD BAY,1056,Waste Management,Waste Infrastructure,5845768.53,5845768.53
SHELTON HOUSE,155,Apartments,Apartment 504 Access,400000,400000
SHELTON HOUSE,155,Apartments,Apartment Bathroom,7165470.2,7165470.2
SHELTON HOUSE,155,Apartments,Apartment Entrance Doors,1011548.6,1011548.6
SHELTON HOUSE,155,Apartments,Apartment Kitchen,5944087.25,5944087.25
SHELTON HOUSE,155,Apartments,Apartment Renovation,12308338.95,12333283.17
SHELTON HOUSE,155,Building Exterior/Facade/Window,Brickwork,628,400628
SHELTON HOUSE,155,Building Exterior/Facade/Window,Building Windows,3551991.63,3551991.63
SHELTON HOUSE,155,Building Exterior/Facade/Window,Entrances/Exits,30285.9,30285.9
SHELTON HOUSE,155,Building Exterior/Facade/Window,Foundations,13559.4,13559.4
SHELTON HOUSE,155,Common Areas/Lobbies,Building Common Area Finishes ,568109.6,568109.6
SHELTON HOUSE,155,Common Areas/Lobbies,Building Common Areas - Bathroom,,113816.9
SHELTON HOUSE,155,Common Areas/Lobbies,Interior Building Doors,492211.85,492211.85
SHELTON HOUSE,155,Common Areas/Lobbies,Interior Building Stairs,4228.84,1570687.62
SHELTON HOUSE,155,Elevators,Elevators,2926627.38,2926627.38
SHELTON HOUSE,155,Fire Protection,Fire Alarm,,179054.31
SHELTON HOUSE,155,Grounds,Building Exterior Walkways and Retaining Walls,39156,39156
SHELTON HOUSE,155,Grounds,Landscaping,2457.07,2457.07
SHELTON HOUSE,155,Grounds,Lighting - Exterior Security,152625.72,152625.72
SHELTON HOUSE,155,Grounds,Open Spaces,,0
SHELTON HOUSE,155,Grounds,Parking Lot,50052,50052
SHELTON HOUSE,155,Grounds,Paving - Non-Vehicular Area,230239.2,230239.2
SHELTON HOUSE,155,Grounds,Site Fences,219492.4,219492.4
SHELTON HOUSE,155,Grounds,Site Lighting,27142.5,27142.5
SHELTON HOUSE,155,Grounds,Stairs / Ramps,15250,53588.8
SHELTON HOUSE,155,Heating,Common Spaces Radiator / Convector / Baseboard,,172029.8
SHELTON HOUSE,155,Heating,Decarbonization,10768424.88,10768424.88
SHELTON HOUSE,155,Interior Electrical/Lighting,Electrical System,378546.56,1543853.21
SHELTON HOUSE,155,Interior Electrical/Lighting,Emergency and Exit Lighting and Panels,54342.19,54342.19
SHELTON HOUSE,155,Interior Electrical/Lighting,Interior Lighting Fixture,460813.88,469129.56
SHELTON HOUSE,155,Lead Based Paint,Lead Based Paint,155000,155000
SHELTON HOUSE,155,Plumbing,Building Sewage System,157467.68,157467.68
SHELTON HOUSE,155,Plumbing,Roof Tank,974717.88,1138364.78
SHELTON HOUSE,155,Plumbing,Underground Natural Gas Piping,,36971.2
SHELTON HOUSE,155,Roofs,Building Roof/Parapets/Misc,21807,2168962.66
SHELTON HOUSE,155,Safety And Security,Additional Security,745348.8,745348.8
SHELTON HOUSE,155,Ventilation/Air Conditioning,Exhaust Fan,0,0
SHELTON HOUSE,155,Waste Management,Waste Infrastructure,2021228.89,2021228.89
SMITH,1935,Apartments,Apartment 504 Access,4600000,4600000
SMITH,1935,Apartments,Apartment Bathroom,88759372.8,88759372.8
SMITH,1935,Apartments,Apartment Entrance Doors,12628042.2,12628042.2
SMITH,1935,Apartments,Apartment Kitchen,73629984,73629984
SMITH,1935,Apartments,Apartment Renovation,179098855.3,190542201.2
SMITH,1935,Building Exterior/Facade/Window,Brickwork,6743473.14,49358904.38
SMITH,1935,Building Exterior/Facade/Window,Building Loading Dock,5236.15,5236.15
SMITH,1935,Building Exterior/Facade/Window,Entrances/Exits,758264.88,758264.88
SMITH,1935,Building Exterior/Facade/Window,Foundations,219465.85,219465.85
SMITH,1935,Common Areas/Lobbies,Building Common Area Finishes ,9093439.95,9093439.95
SMITH,1935,Common Areas/Lobbies,Building Common Areas - Bathroom,1251985.9,2731605.6
SMITH,1935,Common Areas/Lobbies,Building Gymnasium,199526.92,199526.92
SMITH,1935,Common Areas/Lobbies,Interior Building Doors,5925245.95,5925245.95
SMITH,1935,Common Areas/Lobbies,Interior Building Stairs,7425.64,27013175.03
SMITH,1935,Common Areas/Lobbies,Non Residential Kitchen,3376720.16,3376720.16
SMITH,1935,Elevators,Elevators,35119528.56,35119528.56
SMITH,1935,Fire Protection,Fire Sprinkler,0,0
SMITH,1935,Fire Protection,Standpipe System,,2769487.2
SMITH,1935,Grounds,Building Exterior Walkways and Retaining Walls,190985.43,190985.43
SMITH,1935,Grounds,Landscaping,18175.07,18175.07
SMITH,1935,Grounds,Open Spaces,,0
SMITH,1935,Grounds,Parking Lot,3415479,3415479
SMITH,1935,Grounds,Paving - Non-Vehicular Area,7418540.6,7418540.6
SMITH,1935,Grounds,Site Fences,8461078,8461078
SMITH,1935,Grounds,Stairs / Ramps,153709,338086.3
SMITH,1935,Grounds,Storm Piping,,1670628
SMITH,1935,Heating,Building Steam Piping,118438069.4,118970279.4
SMITH,1935,Heating,Common Spaces Radiator / Convector / Baseboard,,1599877.14
SMITH,1935,Heating,Decarbonization,0,0
SMITH,1935,Heating,Heating System,184966.99,21831631.9
SMITH,1935,Heating,Hot Water Heat Exchanger,,184531.01
SMITH,1935,Heating,Steam Fan Coil Unit,,285733.68
SMITH,1935,Heating,Underground Steam and Condensate Return Piping,16403887.6,16403887.6
SMITH,1935,Interior Electrical/Lighting,Electrical System,1959524.78,16341885.09
SMITH,1935,Interior Electrical/Lighting,Emergency and Exit Lighting and Panels,149902.98,193490.06
SMITH,1935,Interior Electrical/Lighting,Interior Lighting Fixture,4972777.4,4972777.4
SMITH,1935,Interior Electrical/Lighting,Public Address System,21667.7,21667.7
SMITH,1935,Lead Based Paint,Lead Based Paint,15407648.7,15407648.7
SMITH,1935,Plumbing,Building Drainage,220323.6,4912419.6
SMITH,1935,Plumbing,Building Sewage System,,10267625.7
SMITH,1935,Plumbing,Domestic Hot Water System,7512.72,7512.72
SMITH,1935,Plumbing,Domestic Water System,,49742860.7
SMITH,1935,Plumbing,Roof Tank,163646.9,327293.8
SMITH,1935,Plumbing,Underground Natural Gas Piping,1737646.4,1737646.4
SMITH,1935,Roofs,Building Roof/Parapets/Misc,59409,59409
SMITH,1935,Safety And Security,Additional Security,8405489.4,8405489.4
SMITH,1935,Safety And Security,Intrusion Alarm,107323.29,751263.03
SMITH,1935,Ventilation/Air Conditioning,Air Conditioning,168846.79,707670.39
SMITH,1935,Ventilation/Air Conditioning,Building Ductwork,21462.8,21462.8
SMITH,1935,Ventilation/Air Conditioning,Exhaust Fan,2650.78,2650.78
SMITH,1935,Waste Management,Garbage Chute,114917.52,114917.52
SMITH,1935,Waste Management,Waste Infrastructure,2548018.48,2548018.48
SOTOMAYOR HOUSES,1497,Apartments,Apartment 504 Access,3400000,3400000
SOTOMAYOR HOUSES,1497,Apartments,Apartment Bathroom,69204573.48,69204573.48
SOTOMAYOR HOUSES,1497,Apartments,Apartment Entrance Doors,9769601.64,9769601.64
SOTOMAYOR HOUSES,1497,Apartments,Apartment Kitchen,57408378.15,57408378.15
SOTOMAYOR HOUSES,1497,Apartments,Apartment Renovation,142319729.3,167789364.3
SOTOMAYOR HOUSES,1497,Building Exterior/Facade/Window,Brickwork,5202.2,11305202.2
SOTOMAYOR HOUSES,1497,Building Exterior/Facade/Window,Building Windows,58226090.31,58525939.23
SOTOMAYOR HOUSES,1497,Building Exterior/Facade/Window,Entrances/Exits,3240046.14,3240046.14
SOTOMAYOR HOUSES,1497,Building Exterior/Facade/Window,Foundations,290491.48,290491.48
SOTOMAYOR HOUSES,1497,Common Areas/Lobbies,Building Common Area Finishes ,6926927.58,6926927.58
SOTOMAYOR HOUSES,1497,Common Areas/Lobbies,Building Common Areas - Bathroom,,1251985.9
SOTOMAYOR HOUSES,1497,Common Areas/Lobbies,Building Gymnasium,647817.96,647817.96
SOTOMAYOR HOUSES,1497,Common Areas/Lobbies,Building Locker Room and Shower,5035.2,5035.2
SOTOMAYOR HOUSES,1497,Common Areas/Lobbies,Interior Building Doors,5931525.81,5931525.81
SOTOMAYOR HOUSES,1497,Common Areas/Lobbies,Interior Building Stairs,15058.19,26456882.41
SOTOMAYOR HOUSES,1497,Common Areas/Lobbies,Non Residential Kitchen,1731361.28,2575541.32
SOTOMAYOR HOUSES,1497,Elevators,Elevators,41937310.13,41937310.13
SOTOMAYOR HOUSES,1497,Fire Protection,Fire Alarm,,179054.31
SOTOMAYOR HOUSES,1497,Fire Protection,Fire Sprinkler,55041.88,588897.88
SOTOMAYOR HOUSES,1497,Grounds,Building Exterior Walkways and Retaining Walls,246129.38,264402.18
SOTOMAYOR HOUSES,1497,Grounds,Fixed Site Equipment,6232.47,6232.47
SOTOMAYOR HOUSES,1497,Grounds,Landscaping,15117.04,15117.04
SOTOMAYOR HOUSES,1497,Grounds,Lighting - Exterior Security,2348088,2348088
SOTOMAYOR HOUSES,1497,Grounds,Open Spaces,,18387008.16
SOTOMAYOR HOUSES,1497,Grounds,Parking Lot,4761036.85,4761036.85
SOTOMAYOR HOUSES,1497,Grounds,Paving - Non-Vehicular Area,3292378.85,3292378.85
SOTOMAYOR HOUSES,1497,Grounds,Playgrounds,1421901.6,1421901.6
SOTOMAYOR HOUSES,1497,Grounds,Site Fences,13413817.8,13413817.8
SOTOMAYOR HOUSES,1497,Grounds,Site Lighting,1004272.5,1004272.5
SOTOMAYOR HOUSES,1497,Grounds,Stairs / Ramps,295381.76,2161203.36
SOTOMAYOR HOUSES,1497,Grounds,Storm Piping,3985429.18,3985429.18
SOTOMAYOR HOUSES,1497,Heating,Building Steam Piping,81704522.53,81921347.29
SOTOMAYOR HOUSES,1497,Heating,Common Spaces Radiator / Convector / Baseboard,409039.07,529459.93
SOTOMAYOR HOUSES,1497,Heating,Decarbonization,0,0
SOTOMAYOR HOUSES,1497,Heating,Heating System,172631.69,172631.69
SOTOMAYOR HOUSES,1497,Heating,Hot Water System,15302,733755.12
SOTOMAYOR HOUSES,1497,Heating,Steam Fan Coil Unit,,35716.71
SOTOMAYOR HOUSES,1497,Heating,Underground Steam and Condensate Return Piping,49409300,49409300
SOTOMAYOR HOUSES,1497,Interior Electrical/Lighting,Electrical System,57943.45,36816127.27
SOTOMAYOR HOUSES,1497,Interior Electrical/Lighting,Emergency and Exit Lighting and Panels,55246.43,147740.25
SOTOMAYOR HOUSES,1497,Interior Electrical/Lighting,Interior Lighting Fixture,3965632.91,7306700.75
SOTOMAYOR HOUSES,1497,Lead Based Paint,Lead Based Paint,32581750.82,32581750.82
SOTOMAYOR HOUSES,1497,Plumbing,Building Drainage,38113.28,2362167.08
SOTOMAYOR HOUSES,1497,Plumbing,Building Sewage System,0,9402520.5
SOTOMAYOR HOUSES,1497,Plumbing,Domestic Hot Water System,1366446.29,1601594.19
SOTOMAYOR HOUSES,1497,Plumbing,Domestic Water System,26126.5,29400041
SOTOMAYOR HOUSES,1497,Plumbing,Non Residential Spaces Plumbing Fixtures,72585.54,72585.54
SOTOMAYOR HOUSES,1497,Plumbing,Roof Tank,2924153.64,2924153.64
SOTOMAYOR HOUSES,1497,Plumbing,Underground Hydronic Piping,13390260,13390260
SOTOMAYOR HOUSES,1497,Plumbing,Underground Natural Gas Piping,5545680,5545680
SOTOMAYOR HOUSES,1497,Roofs,Building Roof/Parapets/Misc,29052926.31,29052926.31
SOTOMAYOR HOUSES,1497,Safety And Security,Additional Security,13878622.8,13878622.8
SOTOMAYOR HOUSES,1497,Safety And Security,CCTV,,280561.96
SOTOMAYOR HOUSES,1497,Safety And Security,Intrusion Alarm,126422.46,233745.75
SOTOMAYOR HOUSES,1497,Ventilation/Air Conditioning,Air Conditioning,174646.96,174646.96
SOTOMAYOR HOUSES,1497,Ventilation/Air Conditioning,Building Ductwork,4749.5,4749.5
SOTOMAYOR HOUSES,1497,Ventilation/Air Conditioning,Exhaust Fan,18550.13,18550.13
SOTOMAYOR HOUSES,1497,Waste Management,Garbage Chute,109894.08,109894.08
SOTOMAYOR HOUSES,1497,Waste Management,Waste Infrastructure,5022038.96,5022038.96
SOUNDVIEW,1259,Apartments,Apartment 504 Access,3000000,3000000
SOUNDVIEW,1259,Apartments,Apartment Bathroom,57878507.68,57878507.68
SOUNDVIEW,1259,Apartments,Apartment Entrance Doors,8216385.08,8216385.08
SOUNDVIEW,1259,Apartments,Apartment Kitchen,48012885.4,48012885.4
SOUNDVIEW,1259,Apartments,Apartment Renovation,97116206.54,105609117.9
SOUNDVIEW,1259,Building Exterior/Facade/Window,Brickwork,11115.6,5211115.6
SOUNDVIEW,1259,Building Exterior/Facade/Window,Building Windows,46157096.37,46157096.37
SOUNDVIEW,1259,Building Exterior/Facade/Window,Entrances/Exits,1739299.14,1739299.14
SOUNDVIEW,1259,Building Exterior/Facade/Window,Foundations,268272.25,268272.25
SOUNDVIEW,1259,Common Areas/Lobbies,Building Common Area Finishes ,5583085.64,5689155.14
SOUNDVIEW,1259,Common Areas/Lobbies,Building Common Areas - Bathroom,227633.8,1365802.8
SOUNDVIEW,1259,Common Areas/Lobbies,Interior Building Doors,4698076.2,4698076.2
SOUNDVIEW,1259,Common Areas/Lobbies,Interior Building Stairs,9337.49,18556209.46
SOUNDVIEW,1259,Common Areas/Lobbies,Non Residential Kitchen,1716846.9,2561026.94
SOUNDVIEW,1259,Elevators,Elevators,38046155.94,38046155.94
SOUNDVIEW,1259,Fire Protection,Fire Alarm,175669.98,175669.98
SOUNDVIEW,1259,Fire Protection,Fire Sprinkler,62283.2,62283.2
SOUNDVIEW,1259,Grounds,Building Exterior Walkways and Retaining Walls,278983.98,278983.98
SOUNDVIEW,1259,Grounds,Fixed Site Equipment,13982.76,13982.76
SOUNDVIEW,1259,Grounds,Landscaping,88004.81,88004.81
SOUNDVIEW,1259,Grounds,Lighting - Exterior Security,1925432.16,1925432.16
SOUNDVIEW,1259,Grounds,Open Spaces,,0
SOUNDVIEW,1259,Grounds,Parking Lot,2717438.1,2717438.1
SOUNDVIEW,1259,Grounds,Paving - Non-Vehicular Area,5768701.55,5768701.55
SOUNDVIEW,1259,Grounds,Playgrounds,428563.8,428563.8
SOUNDVIEW,1259,Grounds,Site Fences,7611430,7611430
SOUNDVIEW,1259,Grounds,Site Lighting,741895,741895
SOUNDVIEW,1259,Grounds,Stairs / Ramps,327976.33,842355.23
SOUNDVIEW,1259,Grounds,Storm Piping,110664.84,2198949.84
SOUNDVIEW,1259,Heating,Decarbonization,100290783.4,100290783.4
SOUNDVIEW,1259,Heating,Through Wall/Window Heat Pump,1555.63,1555.63
SOUNDVIEW,1259,Interior Electrical/Lighting,Electrical System,1956916.24,15835986.62
SOUNDVIEW,1259,Interior Electrical/Lighting,Emergency and Exit Lighting and Panels,60160.72,60160.72
SOUNDVIEW,1259,Interior Electrical/Lighting,Interior Lighting Fixture,3881511.96,3881511.96
SOUNDVIEW,1259,Interior Electrical/Lighting,Telephone/Intercom,,296449.92
SOUNDVIEW,1259,Lead Based Paint,Lead Based Paint,8764452.78,8764452.78
SOUNDVIEW,1259,Plumbing,Building Drainage,266485.2,3178960.17
SOUNDVIEW,1259,Plumbing,Building Sewage System,76023.92,8378834.42
SOUNDVIEW,1259,Plumbing,Domestic Hot Water System,804485.06,893789.78
SOUNDVIEW,1259,Plumbing,Domestic Water System,32609.5,20751634.5
SOUNDVIEW,1259,Plumbing,Gas Risers,9066.01,16020517.01
SOUNDVIEW,1259,Plumbing,Non Residential Spaces Plumbing Fixtures,12097.59,12097.59
SOUNDVIEW,1259,Plumbing,Roof Tank,2440376.46,2440376.46
SOUNDVIEW,1259,Plumbing,Underground Hydronic Piping,4017078,4017078
SOUNDVIEW,1259,Plumbing,Underground Natural Gas Piping,924280,924280
SOUNDVIEW,1259,Roofs,Building Roof/Parapets/Misc,649666.52,23022362.34
SOUNDVIEW,1259,Safety And Security,Additional Security,9945226.2,9945226.2
SOUNDVIEW,1259,Safety And Security,Intrusion Alarm,429293.16,536616.45
SOUNDVIEW,1259,Ventilation/Air Conditioning,Air Conditioning,85046.93,123584.69
SOUNDVIEW,1259,Ventilation/Air Conditioning,Building Ductwork,4602.45,4602.45
SOUNDVIEW,1259,Ventilation/Air Conditioning,Exhaust Fan,30844.03,30844.03
SOUNDVIEW,1259,Waste Management,Garbage Chute,3408,3408
SOUNDVIEW,1259,Waste Management,Waste Infrastructure,4852157.58,4852157.58
SOUTH BEACH,422,Apartments,Apartment 504 Access,1000000,1000000
SOUTH BEACH,422,Apartments,Apartment Bathroom,19416112.8,19416112.8
SOUTH BEACH,422,Apartments,Apartment Entrance Doors,2754022.64,2754022.64
SOUTH BEACH,422,Apartments,Apartment Kitchen,16106559,16106559
SOUTH BEACH,422,Apartments,Apartment Renovation,30012360.04,34537225.14
SOUTH BEACH,422,Building Exterior/Facade/Window,Brickwork,4442116.94,20034790.33
SOUTH BEACH,422,Building Exterior/Facade/Window,Building Windows,21617183.56,21617183.56
SOUTH BEACH,422,Building Exterior/Facade/Window,Entrances/Exits,919410.22,919410.22
SOUTH BEACH,422,Building Exterior/Facade/Window,Foundations,24342.5,24342.5
SOUTH BEACH,422,Common Areas/Lobbies,Building Common Area Finishes ,2455934.68,2528429.6
SOUTH BEACH,422,Common Areas/Lobbies,Building Common Areas - Bathroom,341450.7,569084.5
SOUTH BEACH,422,Common Areas/Lobbies,Interior Building Doors,1984309.25,1984309.25
SOUTH BEACH,422,Common Areas/Lobbies,Interior Building Stairs,,5764568.32
SOUTH BEACH,422,Common Areas/Lobbies,Non Residential Kitchen,1688360.08,1688360.08
SOUTH BEACH,422,Elevators,Elevators,23237080.19,23237080.19
SOUTH BEACH,422,Fire Protection,Fire Alarm,,351339.96
SOUTH BEACH,422,Fire Protection,Fire Sprinkler,,750067.68
SOUTH BEACH,422,Grounds,Building Exterior Walkways and Retaining Walls,204990.77,204990.77
SOUTH BEACH,422,Grounds,Fixed Site Equipment,4357.54,4357.54
SOUTH BEACH,422,Grounds,Lighting - Exterior Security,792479.7,792479.7
SOUTH BEACH,422,Grounds,Open Spaces,,7396600.94
SOUTH BEACH,422,Grounds,Parking Lot,2151390.5,2151390.5
SOUTH BEACH,422,Grounds,Paving - Non-Vehicular Area,2590191,2590191
SOUTH BEACH,422,Grounds,Playgrounds,227808,227808
SOUTH BEACH,422,Grounds,Site Fences,4389848,4389848
SOUTH BEACH,422,Grounds,Site Lighting,262377.5,262377.5
SOUTH BEACH,422,Grounds,Site Walls (Not Retaining Walls),2398.9,2398.9
SOUTH BEACH,422,Grounds,Stairs / Ramps,145522.3,472861.5
SOUTH BEACH,422,Grounds,Storm Piping,,1893378.4
SOUTH BEACH,422,Heating,Decarbonization,43612131.94,43612131.94
SOUTH BEACH,422,Interior Electrical/Lighting,Electrical System,1508539.56,17047111.13
SOUTH BEACH,422,Interior Electrical/Lighting,Emergency and Exit Lighting and Panels,64325.24,64325.24
SOUTH BEACH,422,Interior Electrical/Lighting,Interior Lighting Fixture,1394342.86,1598512.5
SOUTH BEACH,422,Interior Electrical/Lighting,Telephone/Intercom,74112.48,741124.8
SOUTH BEACH,422,Interior Electrical/Lighting,Transformer,1116140.41,1275589.04
SOUTH BEACH,422,Lead Based Paint,Lead Based Paint,4012096.44,4012096.44
SOUTH BEACH,422,Plumbing,Building Drainage,29376.48,2821718.25
SOUTH BEACH,422,Plumbing,Building Sewage System,,2689524.09
SOUTH BEACH,422,Plumbing,Domestic Water System,,17863708.8
SOUTH BEACH,422,Plumbing,Gas Risers,,5833342.17
SOUTH BEACH,422,Plumbing,Underground Hydronic Piping,2320978.4,2320978.4
SOUTH BEACH,422,Plumbing,Underground Natural Gas Piping,850337.6,850337.6
SOUTH BEACH,422,Safety And Security,Additional Security,6349665,6349665
SOUTH BEACH,422,Safety And Security,Intrusion Alarm,107323.29,107323.29
SOUTH BEACH,422,Ventilation/Air Conditioning,Air Conditioning,32537.4,32537.4
SOUTH BEACH,422,Waste Management,Garbage Chute,1737.36,1737.36
SOUTH BEACH,422,Waste Management,Waste Infrastructure,3019440.93,3019440.93
SOUTH BRONX AREA (SITE 402),114,Apartments,Apartment 504 Access,200000,200000
SOUTH BRONX AREA (SITE 402),114,Apartments,Apartment Bathroom,10262802.48,10262802.48
SOUTH BRONX AREA (SITE 402),114,Apartments,Apartment Entrance Doors,743977.68,743977.68
SOUTH BRONX AREA (SITE 402),114,Apartments,Apartment Kitchen,4371780.3,4371780.3
SOUTH BRONX AREA (SITE 402),114,Apartments,Apartment Renovation,9747675.19,12498016.37
SOUTH BRONX AREA (SITE 402),114,Building Exterior/Facade/Window,Brickwork,1483,1483
SOUTH BRONX AREA (SITE 402),114,Building Exterior/Facade/Window,Building Windows,4768982.98,4768982.98
SOUTH BRONX AREA (SITE 402),114,Building Exterior/Facade/Window,Entrances/Exits,1008913.52,1008913.52
SOUTH BRONX AREA (SITE 402),114,Building Exterior/Facade/Window,Foundations,21579.26,21579.26
SOUTH BRONX AREA (SITE 402),114,Common Areas/Lobbies,Building Common Area Finishes ,563458.93,563458.93
SOUTH BRONX AREA (SITE 402),114,Common Areas/Lobbies,Building Common Areas - Bathroom,,113816.9
SOUTH BRONX AREA (SITE 402),114,Common Areas/Lobbies,Interior Building Doors,305868.15,305868.15
SOUTH BRONX AREA (SITE 402),114,Common Areas/Lobbies,Interior Building Stairs,,2882284.16
SOUTH BRONX AREA (SITE 402),114,Common Areas/Lobbies,Non Residential Kitchen,422090.02,422090.02
SOUTH BRONX AREA (SITE 402),114,Grounds,Building Exterior Walkways and Retaining Walls,99626.25,109023.69
SOUTH BRONX AREA (SITE 402),114,Grounds,Open Spaces,,1463772.85
SOUTH BRONX AREA (SITE 402),114,Grounds,Parking Lot,419727,419727
SOUTH BRONX AREA (SITE 402),114,Grounds,Paving - Non-Vehicular Area,302397.5,302397.5
SOUTH BRONX AREA (SITE 402),114,Grounds,Playgrounds,66444,66444
SOUTH BRONX AREA (SITE 402),114,Grounds,Site Fences,991256,991256
SOUTH BRONX AREA (SITE 402),114,Grounds,Site Walls (Not Retaining Walls),4049.1,4049.1
SOUTH BRONX AREA (SITE 402),114,Grounds,Stairs / Ramps,104583.44,104583.44
SOUTH BRONX AREA (SITE 402),114,Heating,Decarbonization,3406968.25,3406968.25
SOUTH BRONX AREA (SITE 402),114,Heating,Heating System,,4611225.08
SOUTH BRONX AREA (SITE 402),114,Interior Electrical/Lighting,Electrical System,,3434562.05
SOUTH BRONX AREA (SITE 402),114,Interior Electrical/Lighting,Interior Lighting Fixture,317446.02,317446.02
SOUTH BRONX AREA (SITE 402),114,Interior Electrical/Lighting,Telephone/Intercom,,296449.92
SOUTH BRONX AREA (SITE 402),114,Lead Based Paint,Lead Based Paint,0,0
SOUTH BRONX AREA (SITE 402),114,Plumbing,Domestic Water System,218728,218728
SOUTH BRONX AREA (SITE 402),114,Roofs,Building Roof/Parapets/Misc,8553089.38,13473521.35
SOUTH BRONX AREA (SITE 402),114,Safety And Security,Additional Security,400000,400000
SOUTH BRONX AREA (SITE 402),114,Waste Management,Waste Infrastructure,1971007.76,1971007.76
SOUTH JAMAICA I,448,Apartments,Apartment 504 Access,1000000,1000000
SOUTH JAMAICA I,448,Apartments,Apartment Bathroom,19140537.34,20712317.9
SOUTH JAMAICA I,448,Apartments,Apartment Entrance Doors,2936754,2936754
SOUTH JAMAICA I,448,Apartments,Apartment Kitchen,3144613.9,17180329.6
SOUTH JAMAICA I,448,Apartments,Apartment Renovation,7012113.89,22729916.86
SOUTH JAMAICA I,448,Building Exterior/Facade/Window,Brickwork,195285.95,195285.95
SOUTH JAMAICA I,448,Building Exterior/Facade/Window,Building Windows,4732386.38,18225587.78
SOUTH JAMAICA I,448,Building Exterior/Facade/Window,Entrances/Exits,212222.76,1631817.48
SOUTH JAMAICA I,448,Building Exterior/Facade/Window,Foundations,60892.35,60892.35
SOUTH JAMAICA I,448,Common Areas/Lobbies,Building Common Area Finishes ,1084398.53,1445529.53
SOUTH JAMAICA I,448,Common Areas/Lobbies,Building Common Areas - Bathroom,170725.35,284542.25
SOUTH JAMAICA I,448,Common Areas/Lobbies,Building Locker Room and Shower,8392,8392
SOUTH JAMAICA I,448,Common Areas/Lobbies,Interior Building Doors,845569.68,1261261.38
SOUTH JAMAICA I,448,Common Areas/Lobbies,Interior Building Stairs,7143051.9,7143051.9
SOUTH JAMAICA I,448,Common Areas/Lobbies,Non Residential Kitchen,422090.02,422090.02
SOUTH JAMAICA I,448,Grounds,Building Exterior Walkways and Retaining Walls,545786.16,545786.16
SOUTH JAMAICA I,448,Grounds,Fixed Site Equipment,5321.87,5321.87
SOUTH JAMAICA I,448,Grounds,Landscaping,15900.74,15900.74
SOUTH JAMAICA I,448,Grounds,Lighting - Exterior Security,134845.46,134845.46
SOUTH JAMAICA I,448,Grounds,Open Spaces,,3634625.06
SOUTH JAMAICA I,448,Grounds,Parking Lot,373503.5,373503.5
SOUTH JAMAICA I,448,Grounds,Paving - Non-Vehicular Area,,264441.4
SOUTH JAMAICA I,448,Grounds,Site Fences,2775516.8,2775516.8
SOUTH JAMAICA I,448,Grounds,Site Lighting,150840.44,150840.44
SOUTH JAMAICA I,448,Grounds,Stairs / Ramps,25014.65,255652.25
SOUTH JAMAICA I,448,Grounds,Storm Piping,1252971,1252971
SOUTH JAMAICA I,448,Heating,Common Spaces Radiator / Convector / Baseboard,197834.27,1195607.11
SOUTH JAMAICA I,448,Heating,Decarbonization,34432587.42,34432587.42
SOUTH JAMAICA I,448,Heating,Through Wall/Window Heat Pump,4233.5,14206.82
SOUTH JAMAICA I,448,Interior Electrical/Lighting,Electrical System,14036191.45,14036191.45
SOUTH JAMAICA I,448,Interior Electrical/Lighting,Emergency and Exit Lighting and Panels,3665.95,9638.29
SOUTH JAMAICA I,448,Interior Electrical/Lighting,Interior Lighting Fixture,110255.9,110255.9
SOUTH JAMAICA I,448,Lead Based Paint,Lead Based Paint,6195304.59,6195304.59
SOUTH JAMAICA I,448,Plumbing,Building Drainage,1831806.83,1831806.83
SOUTH JAMAICA I,448,Plumbing,Building Sewage System,4976109.04,5212310.56
SOUTH JAMAICA I,448,Plumbing,Domestic Water System,,23041119.5
SOUTH JAMAICA I,448,Plumbing,Gas Risers,5829.48,5829.48
SOUTH JAMAICA I,448,Plumbing,Underground Natural Gas Piping,1109136,1109136
SOUTH JAMAICA I,448,Roofs,Building Roof/Parapets/Misc,111897.7,136759.3
SOUTH JAMAICA I,448,Safety And Security,Additional Security,8708632.8,8708632.8
SOUTH JAMAICA I,448,Safety And Security,CCTV,24158489.18,28928042.5
SOUTH JAMAICA I,448,Ventilation/Air Conditioning,Air Conditioning,34080.4,109793.48
SOUTH JAMAICA I,448,Ventilation/Air Conditioning,Building Ductwork,11097.7,11097.7
SOUTH JAMAICA I,448,Waste Management,Garbage Chute,2589.36,2589.36
SOUTH JAMAICA I,448,Waste Management,Waste Infrastructure,4235897.26,4235897.26
SOUTH JAMAICA II,600,Apartments,Apartment 504 Access,1400000,1400000
SOUTH JAMAICA II,600,Apartments,Apartment Bathroom,16462481.46,27927233.78
SOUTH JAMAICA II,600,Apartments,Apartment Entrance Doors,3817780.2,3915672
SOUTH JAMAICA II,600,Apartments,Apartment Kitchen,5072591.51,23096598.01
SOUTH JAMAICA II,600,Apartments,Apartment Renovation,7805168.41,37069300.47
SOUTH JAMAICA II,600,Building Exterior/Facade/Window,Brickwork,62448,3262448
SOUTH JAMAICA II,600,Building Exterior/Facade/Window,Building Windows,10075411.09,30065339.09
SOUTH JAMAICA II,600,Building Exterior/Facade/Window,Entrances/Exits,291614.04,1480814.46
SOUTH JAMAICA II,600,Building Exterior/Facade/Window,Foundations,156571,156571
SOUTH JAMAICA II,600,Common Areas/Lobbies,Building Common Area Finishes ,1734010.33,3557044.86
SOUTH JAMAICA II,600,Common Areas/Lobbies,Building Common Areas - Bathroom,56908.45,625992.95
SOUTH JAMAICA II,600,Common Areas/Lobbies,Building Locker Room and Shower,679.36,679.36
SOUTH JAMAICA II,600,Common Areas/Lobbies,Interior Building Doors,2508624.16,2977567.36
SOUTH JAMAICA II,600,Common Areas/Lobbies,Interior Building Stairs,12656986.7,12970278.45
SOUTH JAMAICA II,600,Common Areas/Lobbies,Non Residential Kitchen,426245.46,1728463.53
SOUTH JAMAICA II,600,Elevators,Elevators,10243195.83,11706509.52
SOUTH JAMAICA II,600,Fire Protection,Fire Alarm,,175669.98
SOUTH JAMAICA II,600,Fire Protection,Fire Sprinkler,3180.4,3180.4
SOUTH JAMAICA II,600,Grounds,Building Exterior Walkways and Retaining Walls,523137.72,588397.72
SOUTH JAMAICA II,600,Grounds,Fixed Site Equipment,15251.39,15251.39
SOUTH JAMAICA II,600,Grounds,Landscaping,27883.58,27883.58
SOUTH JAMAICA II,600,Grounds,Lighting - Exterior Security,193159.8,193159.8
SOUTH JAMAICA II,600,Grounds,Open Spaces,,0
SOUTH JAMAICA II,600,Grounds,Parking Lot,1587774.5,1587774.5
SOUTH JAMAICA II,600,Grounds,Paving - Non-Vehicular Area,371219,371219
SOUTH JAMAICA II,600,Grounds,Playgrounds,1931622,1931622
SOUTH JAMAICA II,600,Grounds,Site Fences,4881227.76,4881227.76
SOUTH JAMAICA II,600,Grounds,Site Lighting,60584.87,60584.87
SOUTH JAMAICA II,600,Grounds,Site Walls (Not Retaining Walls),4235.1,4235.1
SOUTH JAMAICA II,600,Grounds,Stairs / Ramps,105324.8,817787.5
SOUTH JAMAICA II,600,Grounds,Storm Piping,,2088285
SOUTH JAMAICA II,600,Heating,Common Spaces Radiator / Convector / Baseboard,163428.31,679517.71
SOUTH JAMAICA II,600,Heating,Decarbonization,46115072.43,46115072.43
SOUTH JAMAICA II,600,Heating,Through Wall/Window Heat Pump,,24933.3
SOUTH JAMAICA II,600,Interior Electrical/Lighting,Electrical System,15214462.66,15328873.63
SOUTH JAMAICA II,600,Interior Electrical/Lighting,Emergency and Exit Lighting and Panels,60865.45,102356.22
SOUTH JAMAICA II,600,Interior Electrical/Lighting,Interior Lighting Fixture,35335.27,35335.27
SOUTH JAMAICA II,600,Lead Based Paint,Lead Based Paint,7940296.62,7940296.62
SOUTH JAMAICA II,600,Plumbing,Building Drainage,17525.76,2856320.16
SOUTH JAMAICA II,600,Plumbing,Building Sewage System,39366.92,5368507.62
SOUTH JAMAICA II,600,Plumbing,Domestic Water System,15198.47,21089088.37
SOUTH JAMAICA II,600,Plumbing,Gas Risers,,48943.3
SOUTH JAMAICA II,600,Plumbing,Underground Natural Gas Piping,1894774,1894774
SOUTH JAMAICA II,600,Roofs,Building Roof/Parapets/Misc,7161774.44,10516702.44
SOUTH JAMAICA II,600,Safety And Security,Additional Security,9401590.8,9401590.8
SOUTH JAMAICA II,600,Safety And Security,CCTV,391344.98,1233030.86
SOUTH JAMAICA II,600,Safety And Security,Intrusion Alarm,19099.17,126422.46
SOUTH JAMAICA II,600,Ventilation/Air Conditioning,Air Conditioning,63857.3,80932.33
SOUTH JAMAICA II,600,Ventilation/Air Conditioning,Building Ductwork,28207.56,28207.56
SOUTH JAMAICA II,600,Ventilation/Air Conditioning,Exhaust Fan,1205.38,71311.48
SOUTH JAMAICA II,600,Waste Management,Garbage Chute,3474.72,3474.72
SOUTH JAMAICA II,600,Waste Management,Waste Infrastructure,4815579.8,4815579.8
STANTON STREET,13,Apartments,Apartment 504 Access,200000,200000
STANTON STREET,13,Apartments,Apartment Bathroom,785890.28,785890.28
STANTON STREET,13,Apartments,Apartment Entrance Doors,84839.56,84839.56
STANTON STREET,13,Apartments,Apartment Kitchen,498536.35,498536.35
STANTON STREET,13,Apartments,Apartment Renovation,1283740.94,1298248.42
STANTON STREET,13,Building Exterior/Facade/Window,Brickwork,,2598778.9
STANTON STREET,13,Building Exterior/Facade/Window,Building Windows,593139.29,593139.29
STANTON STREET,13,Building Exterior/Facade/Window,Entrances/Exits,68721.86,68721.86
STANTON STREET,13,Building Exterior/Facade/Window,Foundations,1014.3,1014.3
STANTON STREET,13,Common Areas/Lobbies,Building Common Area Finishes ,195658.04,195658.04
STANTON STREET,13,Common Areas/Lobbies,Building Common Areas - Bathroom,113816.9,227633.8
STANTON STREET,13,Common Areas/Lobbies,Interior Building Doors,270245.75,270245.75
STANTON STREET,13,Common Areas/Lobbies,Non Residential Kitchen,422090.02,422090.02
STANTON STREET,13,Elevators,Elevators,1463313.69,1463313.69
STANTON STREET,13,Fire Protection,Fire Alarm,,175669.98
STANTON STREET,13,Grounds,Building Exterior Walkways and Retaining Walls,1617.5,1617.5
STANTON STREET,13,Grounds,Open Spaces,,0
STANTON STREET,13,Grounds,Paving - Non-Vehicular Area,35453.5,35453.5
STANTON STREET,13,Grounds,Playgrounds,34171.2,34171.2
STANTON STREET,13,Grounds,Site Fences,26551.5,26551.5
STANTON STREET,13,Heating,Decarbonization,604662.54,604662.54
STANTON STREET,13,Interior Electrical/Lighting,Emergency and Exit Lighting and Panels,,3350.34
STANTON STREET,13,Interior Electrical/Lighting,Interior Lighting Fixture,8186.26,8186.26
STANTON STREET,13,Interior Electrical/Lighting,Telephone/Intercom,,74112.48
STANTON STREET,13,Lead Based Paint,Lead Based Paint,0,0
STANTON STREET,13,Plumbing,Domestic Hot Water System,7442.06,166491.66
STANTON STREET,13,Roofs,Building Roof/Parapets/Misc,501065.84,501065.84
STANTON STREET,13,Safety And Security,Additional Security,723004.8,723004.8
STANTON STREET,13,Safety And Security,CCTV,280561.96,280561.96
STANTON STREET,13,Ventilation/Air Conditioning,Air Conditioning,,57327.67
STANTON STREET,13,Waste Management,Interior Compactor,63826.69,63826.69
STANTON STREET,13,Waste Management,Waste Infrastructure,17359.78,17359.78
STAPLETON,693,Apartments,Apartment 504 Access,1600000,1600000
STAPLETON,693,Apartments,Apartment Bathroom,37167987.36,37167987.36
STAPLETON,693,Apartments,Apartment Entrance Doors,4522601.16,4522601.16
STAPLETON,693,Apartments,Apartment Kitchen,26499124.45,26499124.45
STAPLETON,693,Apartments,Apartment Renovation,62363067.84,68115831.73
STAPLETON,693,Building Exterior/Facade/Window,Brickwork,16070.61,18262387.98
STAPLETON,693,Building Exterior/Facade/Window,Building Windows,23228928.16,23464523.74
STAPLETON,693,Building Exterior/Facade/Window,Entrances/Exits,399773.88,399773.88
STAPLETON,693,Building Exterior/Facade/Window,Foundations,263711.5,263711.5
STAPLETON,693,Common Areas/Lobbies,Building Common Area Finishes ,5283342.17,6795750.79
STAPLETON,693,Common Areas/Lobbies,Building Common Areas - Bathroom,398359.15,1251985.9
STAPLETON,693,Common Areas/Lobbies,Building Gymnasium,,676184.92
STAPLETON,693,Common Areas/Lobbies,Building Locker Room and Shower,,25176
STAPLETON,693,Common Areas/Lobbies,Interior Building Doors,3213239.3,3320410
STAPLETON,693,Common Areas/Lobbies,Interior Building Stairs,,12030403.44
STAPLETON,693,Common Areas/Lobbies,Non Residential Kitchen,2114041.84,2536131.86
STAPLETON,693,Elevators,Elevators,16096450.59,16096450.59
STAPLETON,693,Fire Protection,Fire Alarm,306096.9,3149156.64
STAPLETON,693,Grounds,Building Exterior Walkways and Retaining Walls,34878.6,34878.6
STAPLETON,693,Grounds,Fixed Site Equipment,583.28,583.28
STAPLETON,693,Grounds,Lighting - Exterior Security,205457.7,205457.7
STAPLETON,693,Grounds,Open Spaces,,3494441.28
STAPLETON,693,Grounds,Parking Lot,3222280,3222280
STAPLETON,693,Grounds,Paving - Non-Vehicular Area,2127210,2127210
STAPLETON,693,Grounds,Playgrounds,465108,465108
STAPLETON,693,Grounds,Site Fences,750522.4,750522.4
STAPLETON,693,Grounds,Stairs / Ramps,125307.6,197192.85
STAPLETON,693,Heating,Common Spaces Radiator / Convector / Baseboard,,567698.34
STAPLETON,693,Heating,Decarbonization,137854157.9,137854157.9
STAPLETON,693,Heating,Hot Water System,,25787755.84
STAPLETON,693,Heating,Through Wall/Window Heat Pump,0,0
STAPLETON,693,Interior Electrical/Lighting,Electrical System,114410.97,10856190.22
STAPLETON,693,Interior Electrical/Lighting,Emergency and Exit Lighting and Panels,179760.6,257291
STAPLETON,693,Interior Electrical/Lighting,Interior Lighting Fixture,2500753.3,2500753.3
STAPLETON,693,Interior Electrical/Lighting,Public Address System,,21667.7
STAPLETON,693,Interior Electrical/Lighting,Telephone/Intercom,,667012.32
STAPLETON,693,Interior Electrical/Lighting,Transformer,3476219.22,3476219.22
STAPLETON,693,Lead Based Paint,Lead Based Paint,6338981.46,6338981.46
STAPLETON,693,Plumbing,Building Drainage,132194.16,146882.4
STAPLETON,693,Plumbing,Building Sewage System,78733.84,157467.68
STAPLETON,693,Roofs,Building Roof/Parapets/Misc,1728380.28,17396508.77
STAPLETON,693,Safety And Security,Additional Security,5180309.4,5180309.4
STAPLETON,693,Ventilation/Air Conditioning,Air Conditioning,38719.42,38719.42
STAPLETON,693,Ventilation/Air Conditioning,Building Ductwork,2219.54,2219.54
STAPLETON,693,Waste Management,Waste Infrastructure,3114183.1,3114183.1
STEBBINS AVENUE-HEWITT PLACE,120,Apartments,Apartment 504 Access,200000,200000
STEBBINS AVENUE-HEWITT PLACE,120,Apartments,Apartment Bathroom,5871062.68,5871062.68
STEBBINS AVENUE-HEWITT PLACE,120,Apartments,Apartment Entrance Doors,783134.4,783134.4
STEBBINS AVENUE-HEWITT PLACE,120,Apartments,Apartment Kitchen,4563525.05,4563525.05
STEBBINS AVENUE-HEWITT PLACE,120,Apartments,Apartment Renovation,11356641.1,12304246.64
STEBBINS AVENUE-HEWITT PLACE,120,Building Exterior/Facade/Window,Brickwork,,5197557.8
STEBBINS AVENUE-HEWITT PLACE,120,Building Exterior/Facade/Window,Building Windows,3208018.14,3208018.14
STEBBINS AVENUE-HEWITT PLACE,120,Building Exterior/Facade/Window,Entrances/Exits,702663.12,702663.12
STEBBINS AVENUE-HEWITT PLACE,120,Building Exterior/Facade/Window,Foundations,11080.4,11080.4
STEBBINS AVENUE-HEWITT PLACE,120,Common Areas/Lobbies,Building Common Area Finishes ,587743.74,587743.74
STEBBINS AVENUE-HEWITT PLACE,120,Common Areas/Lobbies,Building Common Areas - Bathroom,,113816.9
STEBBINS AVENUE-HEWITT PLACE,120,Common Areas/Lobbies,Interior Building Doors,652967.9,652967.9
STEBBINS AVENUE-HEWITT PLACE,120,Common Areas/Lobbies,Interior Building Stairs,,2067725.59
STEBBINS AVENUE-HEWITT PLACE,120,Common Areas/Lobbies,Non Residential Kitchen,422090.02,422090.02
STEBBINS AVENUE-HEWITT PLACE,120,Grounds,Building Exterior Walkways and Retaining Walls,36390.04,36390.04
STEBBINS AVENUE-HEWITT PLACE,120,Grounds,Fixed Site Equipment,2178.77,2178.77
STEBBINS AVENUE-HEWITT PLACE,120,Grounds,Lighting - Exterior Security,375694.08,375694.08
STEBBINS AVENUE-HEWITT PLACE,120,Grounds,Open Spaces,,2351483.17
STEBBINS AVENUE-HEWITT PLACE,120,Grounds,Parking Lot,,136275
STEBBINS AVENUE-HEWITT PLACE,120,Grounds,Paving - Non-Vehicular Area,271115,271115
STEBBINS AVENUE-HEWITT PLACE,120,Grounds,Site Fences,1416080,1416080
STEBBINS AVENUE-HEWITT PLACE,120,Grounds,Stairs / Ramps,151456,805556
STEBBINS AVENUE-HEWITT PLACE,120,Heating,Common Spaces Radiator / Convector / Baseboard,,120420.86
STEBBINS AVENUE-HEWITT PLACE,120,Heating,Decarbonization,8375441.57,8375441.57
STEBBINS AVENUE-HEWITT PLACE,120,Interior Electrical/Lighting,Electrical System,0,2894997.51
STEBBINS AVENUE-HEWITT PLACE,120,Interior Electrical/Lighting,Emergency and Exit Lighting and Panels,10051.02,10051.02
STEBBINS AVENUE-HEWITT PLACE,120,Interior Electrical/Lighting,Interior Lighting Fixture,371614.9,371614.9
STEBBINS AVENUE-HEWITT PLACE,120,Lead Based Paint,Lead Based Paint,0,0
STEBBINS AVENUE-HEWITT PLACE,120,Plumbing,Building Drainage,44064.72,44064.72
STEBBINS AVENUE-HEWITT PLACE,120,Roofs,Building Roof/Parapets/Misc,5902350.17,5902350.17
STEBBINS AVENUE-HEWITT PLACE,120,Safety And Security,Additional Security,200000,200000
STEBBINS AVENUE-HEWITT PLACE,120,Waste Management,Waste Infrastructure,1971007.76,1971007.76
STERLING PLACE REHABS (SAINT JOHNS-STERLING),83,Apartments,Apartment 504 Access,200000,200000
STERLING PLACE REHABS (SAINT JOHNS-STERLING),83,Apartments,Apartment Bathroom,3836993.72,3836993.72
STERLING PLACE REHABS (SAINT JOHNS-STERLING),83,Apartments,Apartment Entrance Doors,541667.96,541667.96
STERLING PLACE REHABS (SAINT JOHNS-STERLING),83,Apartments,Apartment Kitchen,3182962.85,3182962.85
STERLING PLACE REHABS (SAINT JOHNS-STERLING),83,Apartments,Apartment Renovation,7810700.7,8420291.26
STERLING PLACE REHABS (SAINT JOHNS-STERLING),83,Building Exterior/Facade/Window,Brickwork,2467959.2,2467959.2
STERLING PLACE REHABS (SAINT JOHNS-STERLING),83,Building Exterior/Facade/Window,Building Windows,5512043.77,5512043.77
STERLING PLACE REHABS (SAINT JOHNS-STERLING),83,Building Exterior/Facade/Window,Entrances/Exits,304960.52,304960.52
STERLING PLACE REHABS (SAINT JOHNS-STERLING),83,Building Exterior/Facade/Window,Fire Escapes,,3311168.76
STERLING PLACE REHABS (SAINT JOHNS-STERLING),83,Building Exterior/Facade/Window,Foundations,478161.06,478161.06
STERLING PLACE REHABS (SAINT JOHNS-STERLING),83,Common Areas/Lobbies,Building Common Area Finishes ,634396.96,634396.96
STERLING PLACE REHABS (SAINT JOHNS-STERLING),83,Common Areas/Lobbies,Interior Building Doors,260089.6,260089.6
STERLING PLACE REHABS (SAINT JOHNS-STERLING),83,Common Areas/Lobbies,Interior Building Stairs,,1253167.03
STERLING PLACE REHABS (SAINT JOHNS-STERLING),83,Grounds,Building Exterior Walkways and Retaining Walls,24588,24588
STERLING PLACE REHABS (SAINT JOHNS-STERLING),83,Grounds,Fixed Site Equipment,2178.77,2178.77
STERLING PLACE REHABS (SAINT JOHNS-STERLING),83,Grounds,Lighting - Exterior Security,434396.28,434396.28
STERLING PLACE REHABS (SAINT JOHNS-STERLING),83,Grounds,Open Spaces,,0
STERLING PLACE REHABS (SAINT JOHNS-STERLING),83,Grounds,Paving - Non-Vehicular Area,192283.1,192283.1
STERLING PLACE REHABS (SAINT JOHNS-STERLING),83,Grounds,Site Fences,316847.9,316847.9
STERLING PLACE REHABS (SAINT JOHNS-STERLING),83,Grounds,Stairs / Ramps,89560.48,290839.18
STERLING PLACE REHABS (SAINT JOHNS-STERLING),83,Heating,Common Spaces Radiator / Convector / Baseboard,,447277.48
STERLING PLACE REHABS (SAINT JOHNS-STERLING),83,Heating,Decarbonization,2524806.83,2524806.83
STERLING PLACE REHABS (SAINT JOHNS-STERLING),83,Heating,Heating System,1500000,2634985.76
STERLING PLACE REHABS (SAINT JOHNS-STERLING),83,Interior Electrical/Lighting,Electrical System,113077.32,2775923.56
STERLING PLACE REHABS (SAINT JOHNS-STERLING),83,Interior Electrical/Lighting,Emergency and Exit Lighting and Panels,1990.78,1990.78
STERLING PLACE REHABS (SAINT JOHNS-STERLING),83,Interior Electrical/Lighting,Interior Lighting Fixture,478290.66,478290.66
STERLING PLACE REHABS (SAINT JOHNS-STERLING),83,Lead Based Paint,Lead Based Paint,83000,83000
STERLING PLACE REHABS (SAINT JOHNS-STERLING),83,Plumbing,Building Drainage,2622.53,2622.53
STERLING PLACE REHABS (SAINT JOHNS-STERLING),83,Plumbing,Non Residential Spaces Plumbing Fixtures,0,0
STERLING PLACE REHABS (SAINT JOHNS-STERLING),83,Roofs,Building Roof/Parapets/Misc,10841484.07,10949010.49
STERLING PLACE REHABS (SAINT JOHNS-STERLING),83,Safety And Security,Additional Security,2403244.2,2403244.2
STERLING PLACE REHABS (SAINT JOHNS-STERLING),83,Waste Management,Waste Infrastructure,2308912.3,2308912.3
STERLING PLACE REHABS (STERLING-BUFFALO),125,Apartments,Apartment 504 Access,200000,200000
STERLING PLACE REHABS (STERLING-BUFFALO),125,Apartments,Apartment Bathroom,7257927.88,7257927.88
STERLING PLACE REHABS (STERLING-BUFFALO),125,Apartments,Apartment Entrance Doors,815765,815765
STERLING PLACE REHABS (STERLING-BUFFALO),125,Apartments,Apartment Kitchen,4793618.75,4793618.75
STERLING PLACE REHABS (STERLING-BUFFALO),125,Apartments,Apartment Renovation,11748241.31,14277760.03
STERLING PLACE REHABS (STERLING-BUFFALO),125,Building Exterior/Facade/Window,Building Windows,6828838.53,6828838.53
STERLING PLACE REHABS (STERLING-BUFFALO),125,Building Exterior/Facade/Window,Entrances/Exits,403048.52,403048.52
STERLING PLACE REHABS (STERLING-BUFFALO),125,Building Exterior/Facade/Window,Foundations,102374.08,102374.08
STERLING PLACE REHABS (STERLING-BUFFALO),125,Common Areas/Lobbies,Building Common Area Finishes ,895902.82,895902.82
STERLING PLACE REHABS (STERLING-BUFFALO),125,Common Areas/Lobbies,Interior Building Doors,305928.85,305928.85
STERLING PLACE REHABS (STERLING-BUFFALO),125,Common Areas/Lobbies,Interior Building Stairs,,1754433.84
STERLING PLACE REHABS (STERLING-BUFFALO),125,Grounds,Building Exterior Walkways and Retaining Walls,51584,51584
STERLING PLACE REHABS (STERLING-BUFFALO),125,Grounds,Lighting - Exterior Security,551800.68,551800.68
STERLING PLACE REHABS (STERLING-BUFFALO),125,Grounds,Open Spaces,,0
STERLING PLACE REHABS (STERLING-BUFFALO),125,Grounds,Paving - Non-Vehicular Area,496349,496349
STERLING PLACE REHABS (STERLING-BUFFALO),125,Grounds,Site Fences,139837.9,139837.9
STERLING PLACE REHABS (STERLING-BUFFALO),125,Grounds,Site Walls (Not Retaining Walls),5099.6,5099.6
STERLING PLACE REHABS (STERLING-BUFFALO),125,Grounds,Stairs / Ramps,70671.04,195272.14
STERLING PLACE REHABS (STERLING-BUFFALO),125,Heating,Common Spaces Radiator / Convector / Baseboard,,412871.52
STERLING PLACE REHABS (STERLING-BUFFALO),125,Heating,Decarbonization,3802419.92,3802419.92
STERLING PLACE REHABS (STERLING-BUFFALO),125,Heating,Heating System,,3952478.64
STERLING PLACE REHABS (STERLING-BUFFALO),125,Interior Electrical/Lighting,Electrical System,2963307.46,4268138.14
STERLING PLACE REHABS (STERLING-BUFFALO),125,Interior Electrical/Lighting,Emergency and Exit Lighting and Panels,5972.34,5972.34
STERLING PLACE REHABS (STERLING-BUFFALO),125,Interior Electrical/Lighting,Interior Lighting Fixture,499735.42,499735.42
STERLING PLACE REHABS (STERLING-BUFFALO),125,Lead Based Paint,Lead Based Paint,125000,125000
STERLING PLACE REHABS (STERLING-BUFFALO),125,Plumbing,Building Drainage,2622.53,2622.53
STERLING PLACE REHABS (STERLING-BUFFALO),125,Roofs,Building Roof/Parapets/Misc,4394373.47,4394373.47
STERLING PLACE REHABS (STERLING-BUFFALO),125,Safety And Security,Additional Security,2992802.4,2992802.4
STERLING PLACE REHABS (STERLING-BUFFALO),125,Ventilation/Air Conditioning,Exhaust Fan,4336.2,4336.2
STERLING PLACE REHABS (STERLING-BUFFALO),125,Waste Management,Garbage Chute,5145.36,5145.36
STERLING PLACE REHABS (STERLING-BUFFALO),125,Waste Management,Waste Infrastructure,2444074.11,2444074.11
STRAUS,267,Apartments,Apartment 504 Access,600000,600000
STRAUS,267,Apartments,Apartment Bathroom,8373040.26,13709697.55
STRAUS,267,Apartments,Apartment Entrance Doors,1742474.04,1742474.04
STRAUS,267,Apartments,Apartment Kitchen,6056640.54,10313373.99
STRAUS,267,Apartments,Apartment Renovation,3520145.61,15820645.03
STRAUS,267,Building Exterior/Facade/Window,Brickwork,,8602422.62
STRAUS,267,Building Exterior/Facade/Window,Building Windows,7113820,7113820
STRAUS,267,Building Exterior/Facade/Window,Entrances/Exits,215326.97,215326.97
STRAUS,267,Building Exterior/Facade/Window,Foundations,7001.1,7001.1
STRAUS,267,Common Areas/Lobbies,Building Common Area Finishes ,95469.28,507109.25
STRAUS,267,Common Areas/Lobbies,Building Common Areas - Bathroom,56908.45,56908.45
STRAUS,267,Common Areas/Lobbies,Interior Building Doors,930822.96,1007252.06
STRAUS,267,Common Areas/Lobbies,Interior Building Stairs,,4887351.3
STRAUS,267,Common Areas/Lobbies,Non Residential Kitchen,,844180.04
STRAUS,267,Elevators,Elevators,5853254.76,5853254.76
STRAUS,267,Grounds,Building Exterior Walkways and Retaining Walls,322977.9,322977.9
STRAUS,267,Grounds,Fixed Site Equipment,4720.92,4720.92
STRAUS,267,Grounds,Lighting - Exterior Security,5870.22,5870.22
STRAUS,267,Grounds,Open Spaces,,1793506.22
STRAUS,267,Grounds,Parking Lot,665022,665022
STRAUS,267,Grounds,Paving - Non-Vehicular Area,859226,859226
STRAUS,267,Grounds,Playgrounds,,198382.8
STRAUS,267,Grounds,Site Fences,442525,442525
STRAUS,267,Grounds,Stairs / Ramps,22397.95,79981.75
STRAUS,267,Heating,Air Source Heat Pump,4416.07,31281.58
STRAUS,267,Heating,Decarbonization,40505960.3,40505960.3
STRAUS,267,Heating,Through Wall/Window Heat Pump,,4986.66
STRAUS,267,Interior Electrical/Lighting,Electrical System,1699224.51,1699224.51
STRAUS,267,Interior Electrical/Lighting,Emergency and Exit Lighting and Panels,,36774.42
STRAUS,267,Interior Electrical/Lighting,Interior Lighting Fixture,287513.28,287513.28
STRAUS,267,Lead Based Paint,Lead Based Paint,2063082.54,2063082.54
STRAUS,267,Plumbing,Building Drainage,103172.37,103172.37
STRAUS,267,Plumbing,Building Sewage System,19810.8,98544.64
STRAUS,267,Plumbing,Non Residential Spaces Plumbing Fixtures,3401.06,3401.06
STRAUS,267,Plumbing,Roof Tank,,163646.9
STRAUS,267,Plumbing,Underground Natural Gas Piping,,46214
STRAUS,267,Roofs,Building Roof/Parapets/Misc,14274.7,1880462.7
STRAUS,267,Safety And Security,Additional Security,2218994.4,2218994.4
STRAUS,267,Safety And Security,CCTV,,4769553.32
STRAUS,267,Ventilation/Air Conditioning,Air Conditioning,96494.59,96494.59
STRAUS,267,Ventilation/Air Conditioning,Exhaust Fan,1205.38,1205.38
STRAUS,267,Waste Management,Waste Infrastructure,181454.56,181454.56
STUYVESANT GARDENS I,331,Apartments,Apartment 504 Access,800000,800000
STUYVESANT GARDENS I,331,Apartments,Apartment Bathroom,18075476.44,18075476.44
STUYVESANT GARDENS I,331,Apartments,Apartment Entrance Doors,2160145.72,2160145.72
STUYVESANT GARDENS I,331,Apartments,Apartment Kitchen,12693502.45,12693502.45
STUYVESANT GARDENS I,331,Apartments,Apartment Renovation,32489182.07,35962215.8
STUYVESANT GARDENS I,331,Building Exterior/Facade/Window,Brickwork,,12993894.49
STUYVESANT GARDENS I,331,Building Exterior/Facade/Window,Building Windows,7304017.39,7304017.39
STUYVESANT GARDENS I,331,Building Exterior/Facade/Window,Entrances/Exits,1374098.15,1374098.15
STUYVESANT GARDENS I,331,Building Exterior/Facade/Window,Foundations,27936.35,27936.35
STUYVESANT GARDENS I,331,Common Areas/Lobbies,Building Common Area Finishes ,2827625.68,2827625.68
STUYVESANT GARDENS I,331,Common Areas/Lobbies,Building Common Areas - Bathroom,,1707253.5
STUYVESANT GARDENS I,331,Common Areas/Lobbies,Interior Building Doors,1866618.2,1866618.2
STUYVESANT GARDENS I,331,Common Areas/Lobbies,Interior Building Stairs,,6579126.88
STUYVESANT GARDENS I,331,Common Areas/Lobbies,Non Residential Kitchen,844180.04,1266270.06
STUYVESANT GARDENS I,331,Fire Protection,Fire Alarm,,398965.36
STUYVESANT GARDENS I,331,Grounds,Building Exterior Walkways and Retaining Walls,1229.4,26289.24
STUYVESANT GARDENS I,331,Grounds,Fixed Site Equipment,2178.77,2178.77
STUYVESANT GARDENS I,331,Grounds,Landscaping,3929.5,3929.5
STUYVESANT GARDENS I,331,Grounds,Lighting - Exterior Security,1303188.84,1303188.84
STUYVESANT GARDENS I,331,Grounds,Open Spaces,,3682333.87
STUYVESANT GARDENS I,331,Grounds,Parking Lot,1460095,1460095
STUYVESANT GARDENS I,331,Grounds,Paving - Non-Vehicular Area,1251300,1251300
STUYVESANT GARDENS I,331,Grounds,Playgrounds,1181754,1181754
STUYVESANT GARDENS I,331,Grounds,Site Fences,1239070,1239070
STUYVESANT GARDENS I,331,Grounds,Site Walls (Not Retaining Walls),722.4,722.4
STUYVESANT GARDENS I,331,Grounds,Stairs / Ramps,14042.95,301583.95
STUYVESANT GARDENS I,331,Heating,Common Spaces Radiator / Convector / Baseboard,653713.24,1341832.44
STUYVESANT GARDENS I,331,Heating,Decarbonization,25310582.7,25310582.7
STUYVESANT GARDENS I,331,Interior Electrical/Lighting,Electrical System,187861.61,5141457.2
STUYVESANT GARDENS I,331,Interior Electrical/Lighting,Emergency and Exit Lighting and Panels,31432.32,123418.4
STUYVESANT GARDENS I,331,Interior Electrical/Lighting,Interior Lighting Fixture,2455121.56,2455121.56
STUYVESANT GARDENS I,331,Lead Based Paint,Lead Based Paint,3236855.82,3236855.82
STUYVESANT GARDENS I,331,Plumbing,Building Drainage,73441.2,73441.2
STUYVESANT GARDENS I,331,Plumbing,Underground Hydronic Piping,,1673782.5
STUYVESANT GARDENS I,331,Plumbing,Underground Natural Gas Piping,,258798.4
STUYVESANT GARDENS I,331,Safety And Security,Additional Security,6765469.2,6765469.2
STUYVESANT GARDENS I,331,Safety And Security,CCTV,,561123.92
STUYVESANT GARDENS I,331,Safety And Security,Intrusion Alarm,107323.29,107323.29
STUYVESANT GARDENS I,331,Ventilation/Air Conditioning,Air Conditioning,15285.21,129940.55
STUYVESANT GARDENS I,331,Ventilation/Air Conditioning,Exhaust Fan,20491.54,20491.54
STUYVESANT GARDENS I,331,Waste Management,Waste Infrastructure,2749117.31,2749117.31
STUYVESANT GARDENS II,150,Apartments,Apartment 504 Access,400000,400000
STUYVESANT GARDENS II,150,Apartments,Apartment Bathroom,6888097.16,6888097.16
STUYVESANT GARDENS II,150,Apartments,Apartment Entrance Doors,978918,978918
STUYVESANT GARDENS II,150,Apartments,Apartment Kitchen,5713993.55,5713993.55
STUYVESANT GARDENS II,150,Apartments,Apartment Renovation,9852837.44,9852837.44
STUYVESANT GARDENS II,150,Building Exterior/Facade/Window,Brickwork,,3024386.23
STUYVESANT GARDENS II,150,Building Exterior/Facade/Window,Building Windows,2906494.57,2906494.57
STUYVESANT GARDENS II,150,Building Exterior/Facade/Window,Entrances/Exits,86893.4,86893.4
STUYVESANT GARDENS II,150,Building Exterior/Facade/Window,Foundations,7870.65,7870.65
STUYVESANT GARDENS II,150,Common Areas/Lobbies,Building Common Area Finishes ,1143165.81,1143165.81
STUYVESANT GARDENS II,150,Common Areas/Lobbies,Building Common Areas - Bathroom,341450.7,398359.15
STUYVESANT GARDENS II,150,Common Areas/Lobbies,Interior Building Doors,581358.9,581358.9
STUYVESANT GARDENS II,150,Common Areas/Lobbies,Interior Building Stairs,,1441142.08
STUYVESANT GARDENS II,150,Common Areas/Lobbies,Non Residential Kitchen,436750.88,436750.88
STUYVESANT GARDENS II,150,Elevators,Elevators,2926627.38,2926627.38
STUYVESANT GARDENS II,150,Fire Protection,Fire Sprinkler,4448.8,4448.8
STUYVESANT GARDENS II,150,Grounds,Building Exterior Walkways and Retaining Walls,18924.24,31454.16
STUYVESANT GARDENS II,150,Grounds,Lighting - Exterior Security,135015.06,135015.06
STUYVESANT GARDENS II,150,Grounds,Open Spaces,,404736.82
STUYVESANT GARDENS II,150,Grounds,Parking Lot,408825,408825
STUYVESANT GARDENS II,150,Grounds,Paving - Non-Vehicular Area,166840,166840
STUYVESANT GARDENS II,150,Grounds,Site Fences,619535,619535
STUYVESANT GARDENS II,150,Grounds,Site Lighting,108570,108570
STUYVESANT GARDENS II,150,Grounds,Stairs / Ramps,,31949
STUYVESANT GARDENS II,150,Grounds,Storm Piping,168318.06,168318.06
STUYVESANT GARDENS II,150,Heating,Common Spaces Radiator / Convector / Baseboard,,249443.21
STUYVESANT GARDENS II,150,Heating,Decarbonization,10557279.29,10557279.29
STUYVESANT GARDENS II,150,Heating,Hot Water System,3060.4,8468440.4
STUYVESANT GARDENS II,150,Heating,Through Wall/Window Heat Pump,3111.26,3111.26
STUYVESANT GARDENS II,150,Interior Electrical/Lighting,Electrical System,,1859188.31
STUYVESANT GARDENS II,150,Interior Electrical/Lighting,Emergency and Exit Lighting and Panels,44142.02,44142.02
STUYVESANT GARDENS II,150,Interior Electrical/Lighting,Interior Lighting Fixture,481230.78,481230.78
STUYVESANT GARDENS II,150,Interior Electrical/Lighting,Telephone/Intercom,74112.48,148224.96
STUYVESANT GARDENS II,150,Lead Based Paint,Lead Based Paint,0,0
STUYVESANT GARDENS II,150,Plumbing,Building Sewage System,82399.54,82399.54
STUYVESANT GARDENS II,150,Plumbing,Domestic Water System,915.4,110279.4
STUYVESANT GARDENS II,150,Plumbing,Underground Hydronic Piping,,223171
STUYVESANT GARDENS II,150,Plumbing,Underground Natural Gas Piping,,46214
STUYVESANT GARDENS II,150,Roofs,Building Roof/Parapets/Misc,2347145.14,2347145.14
STUYVESANT GARDENS II,150,Safety And Security,Additional Security,919837.8,919837.8
STUYVESANT GARDENS II,150,Ventilation/Air Conditioning,Air Conditioning,4409.76,97512.8
STUYVESANT GARDENS II,150,Ventilation/Air Conditioning,Exhaust Fan,6026.92,6026.92
STUYVESANT GARDENS II,150,Waste Management,Waste Infrastructure,2021228.89,2021228.89
SUMNER,1099,Apartments,Apartment 504 Access,2600000,2600000
SUMNER,1099,Apartments,Apartment Bathroom,50759266.32,50759266.32
SUMNER,1099,Apartments,Apartment Entrance Doors,7172205.88,7172205.88
SUMNER,1099,Apartments,Apartment Kitchen,42107147.1,42107147.1
SUMNER,1099,Apartments,Apartment Renovation,99552103.28,104128145.8
SUMNER,1099,Building Exterior/Facade/Window,Brickwork,,28819476.05
SUMNER,1099,Building Exterior/Facade/Window,Building Windows,6714547.56,6714547.56
SUMNER,1099,Building Exterior/Facade/Window,Entrances/Exits,430759.78,1353222.82
SUMNER,1099,Building Exterior/Facade/Window,Foundations,47105.9,47105.9
SUMNER,1099,Common Areas/Lobbies,Building Common Area Finishes ,4527999.79,4731551.29
SUMNER,1099,Common Areas/Lobbies,Building Common Areas - Bathroom,1479619.7,1650345.05
SUMNER,1099,Common Areas/Lobbies,Interior Building Doors,4358419.05,4373729.15
SUMNER,1099,Common Areas/Lobbies,Interior Building Stairs,7547.65,25070888.15
SUMNER,1099,Common Areas/Lobbies,Non Residential Kitchen,1696231.18,1696231.18
SUMNER,1099,Elevators,Elevators,1033977.76,39080133.7
SUMNER,1099,Fire Protection,Fire Alarm,175669.98,351339.96
SUMNER,1099,Fire Protection,Fire Sprinkler,0,0
SUMNER,1099,Fire Protection,Standpipe System,14153.18,14153.18
SUMNER,1099,Grounds,Building Exterior Walkways and Retaining Walls,254005.29,326574.41
SUMNER,1099,Grounds,Fixed Site Equipment,4660.92,4660.92
SUMNER,1099,Grounds,Landscaping,8617.8,8617.8
SUMNER,1099,Grounds,Lighting - Exterior Security,1420593.24,1420593.24
SUMNER,1099,Grounds,Open Spaces,,9214464.12
SUMNER,1099,Grounds,Parking Lot,2079600.5,2079600.5
SUMNER,1099,Grounds,Paving - Non-Vehicular Area,2168920,2168920
SUMNER,1099,Grounds,Playgrounds,894621,894621
SUMNER,1099,Grounds,Site Fences,6071443,6071443
SUMNER,1099,Grounds,Site Lighting,687610,687610
SUMNER,1099,Grounds,Site Walls (Not Retaining Walls),1926.4,1926.4
SUMNER,1099,Grounds,Stairs / Ramps,13108.2,1200013.55
SUMNER,1099,Grounds,Storm Piping,38113.45,2126398.45
SUMNER,1099,Heating,Building Steam Piping,60594119.68,60957139.72
SUMNER,1099,Heating,Common Spaces Radiator / Convector / Baseboard,137623.84,1100990.72
SUMNER,1099,Heating,Decarbonization,0,0
SUMNER,1099,Heating,Heating System,137903.21,17651370.6
SUMNER,1099,Heating,Underground Steam and Condensate Return Piping,19763720,19763720
SUMNER,1099,Interior Electrical/Lighting,Electrical System,1144109.7,21973560.88
SUMNER,1099,Interior Electrical/Lighting,Emergency and Exit Lighting and Panels,74179.08,74179.08
SUMNER,1099,Interior Electrical/Lighting,Interior Lighting Fixture,3900335.75,3900335.75
SUMNER,1099,Interior Electrical/Lighting,Public Address System,21667.7,65003.1
SUMNER,1099,Interior Electrical/Lighting,Telephone/Intercom,,1334024.64
SUMNER,1099,Lead Based Paint,Lead Based Paint,4932818.24,4932818.24
SUMNER,1099,Plumbing,Building Drainage,169653.22,9399885.82
SUMNER,1099,Plumbing,Building Sewage System,90933.34,90933.34
SUMNER,1099,Plumbing,Domestic Hot Water System,193493.56,1334968.06
SUMNER,1099,Plumbing,Domestic Water System,310521.24,966705.24
SUMNER,1099,Plumbing,Non Residential Spaces Plumbing Fixtures,7433.59,7433.59
SUMNER,1099,Plumbing,Roof Tank,54949.56,218596.46
SUMNER,1099,Plumbing,Underground Natural Gas Piping,1848560,1848560
SUMNER,1099,Safety And Security,Additional Security,9029034,9029034
SUMNER,1099,Safety And Security,Intrusion Alarm,107323.29,321969.87
SUMNER,1099,Ventilation/Air Conditioning,Air Conditioning,10723.68,10723.68
SUMNER,1099,Ventilation/Air Conditioning,Building Ductwork,1292.55,1292.55
SUMNER,1099,Ventilation/Air Conditioning,Exhaust Fan,23862.35,23862.35
SUMNER,1099,Waste Management,Garbage Chute,38562.24,38562.24
SUMNER,1099,Waste Management,Waste Infrastructure,3254830.68,3254830.68
SURFSIDE GARDENS,600,Apartments,Apartment 504 Access,1400000,1400000
SURFSIDE GARDENS,600,Apartments,Apartment Bathroom,30372347.88,30372347.88
SURFSIDE GARDENS,600,Apartments,Apartment Entrance Doors,3915672,3915672
SURFSIDE GARDENS,600,Apartments,Apartment Kitchen,22971021.05,22971021.05
SURFSIDE GARDENS,600,Apartments,Apartment Renovation,56126871.91,57501575.59
SURFSIDE GARDENS,600,Building Exterior/Facade/Window,Brickwork,1570,16400326.22
SURFSIDE GARDENS,600,Building Exterior/Facade/Window,Building Windows,22190057.19,22190057.19
SURFSIDE GARDENS,600,Building Exterior/Facade/Window,Entrances/Exits,452768.43,452768.43
SURFSIDE GARDENS,600,Building Exterior/Facade/Window,Foundations,72448.9,72448.9
SURFSIDE GARDENS,600,Common Areas/Lobbies,Building Common Area Finishes ,2310836.73,2414287.23
SURFSIDE GARDENS,600,Common Areas/Lobbies,Building Common Areas - Bathroom,56908.45,455267.6
SURFSIDE GARDENS,600,Common Areas/Lobbies,Interior Building Doors,1779911.55,1881776.55
SURFSIDE GARDENS,600,Common Areas/Lobbies,Interior Building Stairs,14168.97,9976846.82
SURFSIDE GARDENS,600,Common Areas/Lobbies,Non Residential Kitchen,422090.02,422090.02
SURFSIDE GARDENS,600,Elevators,Elevators,14633136.9,14633136.9
SURFSIDE GARDENS,600,Fire Protection,Fire Sprinkler,0,0
SURFSIDE GARDENS,600,Fire Protection,Standpipe System,87441.47,87441.47
SURFSIDE GARDENS,600,Grounds,Building Exterior Walkways and Retaining Walls,149594.19,149594.19
SURFSIDE GARDENS,600,Grounds,Fixed Site Equipment,4660.92,4660.92
SURFSIDE GARDENS,600,Grounds,Lighting - Exterior Security,680945.52,680945.52
SURFSIDE GARDENS,600,Grounds,Open Spaces,,0
SURFSIDE GARDENS,600,Grounds,Parking Lot,2220192.3,2220192.3
SURFSIDE GARDENS,600,Grounds,Paving - Non-Vehicular Area,2171005.5,2171005.5
SURFSIDE GARDENS,600,Grounds,Playgrounds,539620.2,539620.2
SURFSIDE GARDENS,600,Grounds,Site Fences,2046235.6,2046235.6
SURFSIDE GARDENS,600,Grounds,Site Lighting,551897.5,551897.5
SURFSIDE GARDENS,600,Grounds,Stairs / Ramps,18809.2,344689
SURFSIDE GARDENS,600,Heating,Building Steam Piping,,39036321.7
SURFSIDE GARDENS,600,Heating,Common Spaces Radiator / Convector / Baseboard,,301052.15
SURFSIDE GARDENS,600,Heating,Decarbonization,0,0
SURFSIDE GARDENS,600,Heating,Heating System,146826.86,288015.51
SURFSIDE GARDENS,600,Heating,Steam Fan Coil Unit,,11905.57
SURFSIDE GARDENS,600,Heating,Underground Steam and Condensate Return Piping,,3359832.4
SURFSIDE GARDENS,600,Interior Electrical/Lighting,Electrical System,207045.66,376997.45
SURFSIDE GARDENS,600,Interior Electrical/Lighting,Emergency and Exit Lighting and Panels,6700.68,48024.67
SURFSIDE GARDENS,600,Interior Electrical/Lighting,Interior Lighting Fixture,1653322.85,1753111.01
SURFSIDE GARDENS,600,Interior Electrical/Lighting,Telephone/Intercom,88365.7,88365.7
SURFSIDE GARDENS,600,Lead Based Paint,Lead Based Paint,600000,600000
SURFSIDE GARDENS,600,Plumbing,Building Drainage,,352517.76
SURFSIDE GARDENS,600,Plumbing,Domestic Hot Water System,2384.86,316381.92
SURFSIDE GARDENS,600,Plumbing,Roof Tank,1949435.76,2276729.56
SURFSIDE GARDENS,600,Plumbing,Underground Hydronic Piping,,1963904.8
SURFSIDE GARDENS,600,Plumbing,Underground Natural Gas Piping,,480625.6
SURFSIDE GARDENS,600,Roofs,Building Roof/Parapets/Misc,86756,86756
SURFSIDE GARDENS,600,Safety And Security,Additional Security,3324640.2,3324640.2
SURFSIDE GARDENS,600,Safety And Security,CCTV,,1683371.76
SURFSIDE GARDENS,600,Safety And Security,Intrusion Alarm,214646.58,214646.58
SURFSIDE GARDENS,600,Ventilation/Air Conditioning,Exhaust Fan,2410.77,2410.77
SURFSIDE GARDENS,600,Waste Management,Garbage Chute,20814.96,20814.96
SURFSIDE GARDENS,600,Waste Management,Waste Infrastructure,2589037.41,2589037.41
SUTTER AVENUE-UNION STREET,100,Apartments,Apartment 504 Access,200000,200000
SUTTER AVENUE-UNION STREET,100,Apartments,Apartment Bathroom,5131401.24,5131401.24
SUTTER AVENUE-UNION STREET,100,Apartments,Apartment Entrance Doors,652612,652612
SUTTER AVENUE-UNION STREET,100,Apartments,Apartment Kitchen,3834895,3834895
SUTTER AVENUE-UNION STREET,100,Apartments,Apartment Renovation,7686984.66,8614106.46
SUTTER AVENUE-UNION STREET,100,Building Exterior/Facade/Window,Brickwork,4418164.44,7016943.34
SUTTER AVENUE-UNION STREET,100,Building Exterior/Facade/Window,Building Windows,5012298.53,5012298.53
SUTTER AVENUE-UNION STREET,100,Building Exterior/Facade/Window,Entrances/Exits,169822.5,169822.5
SUTTER AVENUE-UNION STREET,100,Building Exterior/Facade/Window,Foundations,122409.4,122409.4
SUTTER AVENUE-UNION STREET,100,Common Areas/Lobbies,Building Common Area Finishes ,724318.22,724318.22
SUTTER AVENUE-UNION STREET,100,Common Areas/Lobbies,Building Common Areas - Bathroom,284542.25,284542.25
SUTTER AVENUE-UNION STREET,100,Common Areas/Lobbies,Interior Building Doors,400381.6,400381.6
SUTTER AVENUE-UNION STREET,100,Common Areas/Lobbies,Interior Building Stairs,,1503800.43
SUTTER AVENUE-UNION STREET,100,Common Areas/Lobbies,Non Residential Kitchen,844180.04,844180.04
SUTTER AVENUE-UNION STREET,100,Elevators,Elevators,1463313.69,1463313.69
SUTTER AVENUE-UNION STREET,100,Fire Protection,Fire Alarm,17461.89,544471.83
SUTTER AVENUE-UNION STREET,100,Grounds,Building Exterior Walkways and Retaining Walls,13757.22,17933.86
SUTTER AVENUE-UNION STREET,100,Grounds,Landscaping,4128,4128
SUTTER AVENUE-UNION STREET,100,Grounds,Lighting - Exterior Security,457877.16,457877.16
SUTTER AVENUE-UNION STREET,100,Grounds,Open Spaces,,573111.2
SUTTER AVENUE-UNION STREET,100,Grounds,Paving - Non-Vehicular Area,156412.5,156412.5
SUTTER AVENUE-UNION STREET,100,Grounds,Playgrounds,23730,23730
SUTTER AVENUE-UNION STREET,100,Grounds,Site Fences,309767.5,309767.5
SUTTER AVENUE-UNION STREET,100,Grounds,Site Lighting,72380,72380
SUTTER AVENUE-UNION STREET,100,Grounds,Site Walls (Not Retaining Walls),12749,12749
SUTTER AVENUE-UNION STREET,100,Grounds,Stairs / Ramps,41013.3,127880.4
SUTTER AVENUE-UNION STREET,100,Grounds,Storm Piping,626485.5,626485.5
SUTTER AVENUE-UNION STREET,100,Heating,Common Spaces Radiator / Convector / Baseboard,172524.48,611200.47
SUTTER AVENUE-UNION STREET,100,Heating,Decarbonization,7693186.23,7693186.23
SUTTER AVENUE-UNION STREET,100,Heating,Hot Water System,2208360,4416720
SUTTER AVENUE-UNION STREET,100,Interior Electrical/Lighting,Electrical System,,6348945.15
SUTTER AVENUE-UNION STREET,100,Interior Electrical/Lighting,Emergency and Exit Lighting and Panels,3350.34,3350.34
SUTTER AVENUE-UNION STREET,100,Interior Electrical/Lighting,Interior Lighting Fixture,492129.56,492129.56
SUTTER AVENUE-UNION STREET,100,Interior Electrical/Lighting,Telephone/Intercom,222337.44,222337.44
SUTTER AVENUE-UNION STREET,100,Lead Based Paint,Lead Based Paint,0,0
SUTTER AVENUE-UNION STREET,100,Plumbing,Building Drainage,2284875.26,2284875.26
SUTTER AVENUE-UNION STREET,100,Plumbing,Building Sewage System,1466280,1466280
SUTTER AVENUE-UNION STREET,100,Plumbing,Domestic Water System,656184,10038384
SUTTER AVENUE-UNION STREET,100,Plumbing,Underground Hydronic Piping,267805.2,267805.2
SUTTER AVENUE-UNION STREET,100,Plumbing,Underground Natural Gas Piping,55456.8,55456.8
SUTTER AVENUE-UNION STREET,100,Roofs,Building Roof/Parapets/Misc,3073264.91,3160833.77
SUTTER AVENUE-UNION STREET,100,Safety And Security,Additional Security,2533986,2533986
SUTTER AVENUE-UNION STREET,100,Ventilation/Air Conditioning,Building Ductwork,1573.08,1573.08
SUTTER AVENUE-UNION STREET,100,Ventilation/Air Conditioning,Exhaust Fan,13259.23,13259.23
SUTTER AVENUE-UNION STREET,100,Waste Management,Garbage Chute,1704,1704
SUTTER AVENUE-UNION STREET,100,Waste Management,Waste Infrastructure,2376493.21,2376493.21
TAFT,1470,Apartments,Apartment 504 Access,3400000,3400000
TAFT,1470,Apartments,Apartment Bathroom,45610653.62,70435540.7
TAFT,1470,Apartments,Apartment Entrance Doors,9123515.76,9123515.76
TAFT,1470,Apartments,Apartment Kitchen,43587553.22,57048034.67
TAFT,1470,Apartments,Apartment Renovation,63105455.38,106697039.7
TAFT,1470,Building Exterior/Facade/Window,Brickwork,29140284.8,29240284.8
TAFT,1470,Building Exterior/Facade/Window,Building Windows,68147823.56,68147823.56
TAFT,1470,Building Exterior/Facade/Window,Entrances/Exits,1593010.76,1711852.98
TAFT,1470,Building Exterior/Facade/Window,Foundations,334883.9,334883.9
TAFT,1470,Common Areas/Lobbies,Building Common Area Finishes ,7120119.05,10421832.07
TAFT,1470,Common Areas/Lobbies,Building Common Areas - Bathroom,341450.7,1479619.7
TAFT,1470,Common Areas/Lobbies,Building Locker Room and Shower,4828.53,18465.53
TAFT,1470,Common Areas/Lobbies,Interior Building Doors,4094511.69,4668185.19
TAFT,1470,Common Areas/Lobbies,Interior Building Stairs,13095595.15,20677255.5
TAFT,1470,Common Areas/Lobbies,Non Residential Kitchen,9344.62,3397934.05
TAFT,1470,Elevators,Elevators,26345418.69,26345418.69
TAFT,1470,Fire Protection,Fire Alarm,296795.14,408665.14
TAFT,1470,Fire Protection,Fire Sprinkler,5817.32,5817.32
TAFT,1470,Grounds,Building Exterior Walkways and Retaining Walls,2769313.61,2814995.61
TAFT,1470,Grounds,Landscaping,108400,108400
TAFT,1470,Grounds,Lighting - Exterior Security,2250894.73,2250894.73
TAFT,1470,Grounds,Open Spaces,,12019748.73
TAFT,1470,Grounds,Parking Lot,4829100,4829100
TAFT,1470,Grounds,Paving - Non-Vehicular Area,4796650,4796650
TAFT,1470,Grounds,Playgrounds,1101072,1101072
TAFT,1470,Grounds,Site Fences,8319470,8319470
TAFT,1470,Grounds,Site Lighting,337797.72,337797.72
TAFT,1470,Grounds,Site Walls (Not Retaining Walls),481.6,481.6
TAFT,1470,Grounds,Stairs / Ramps,978146.85,1064409.15
TAFT,1470,Heating,Building Steam Piping,93084985.45,93084985.45
TAFT,1470,Heating,Common Spaces Radiator / Convector / Baseboard,352661.09,1083787.74
TAFT,1470,Heating,Decarbonization,0,0
TAFT,1470,Heating,Gas Fired Furnace,,50466.12
TAFT,1470,Heating,Through Wall/Window Heat Pump,9220.16,54100.1
TAFT,1470,Interior Electrical/Lighting,Electrical System,6547071.37,8314099.84
TAFT,1470,Interior Electrical/Lighting,Emergency and Exit Lighting and Panels,48612.59,123001.75
TAFT,1470,Interior Electrical/Lighting,Interior Lighting Fixture,5097328.06,5097328.06
TAFT,1470,Interior Electrical/Lighting,Public Address System,,43335.4
TAFT,1470,Interior Electrical/Lighting,Telephone/Intercom,148224.96,222337.44
TAFT,1470,Interior Electrical/Lighting,Transformer,0,1158739.74
TAFT,1470,Lead Based Paint,Lead Based Paint,11338198.2,11338198.2
TAFT,1470,Plumbing,Building Drainage,18944.52,151138.68
TAFT,1470,Plumbing,Building Sewage System,13207.2,13207.2
TAFT,1470,Plumbing,Domestic Hot Water System,133526.21,236523.04
TAFT,1470,Plumbing,Domestic Water System,70221.44,107776.95
TAFT,1470,Plumbing,Gas Risers,3236.53,3236.53
TAFT,1470,Plumbing,Roof Tank,180190.27,180190.27
TAFT,1470,Roofs,Building Roof/Parapets/Misc,4303817.08,4303817.08
TAFT,1470,Safety And Security,Additional Security,6809422.2,6809422.2
TAFT,1470,Safety And Security,CCTV,3913449.8,26919530.52
TAFT,1470,Safety And Security,Intrusion Alarm,866.82,215513.4
TAFT,1470,Ventilation/Air Conditioning,Air Conditioning,43786.38,172225.39
TAFT,1470,Ventilation/Air Conditioning,Building Ductwork,7051.33,7051.33
TAFT,1470,Ventilation/Air Conditioning,Exhaust Fan,10700.64,10700.64
TAFT,1470,Ventilation/Air Conditioning,Other Fans,,17429.93
TAFT,1470,Waste Management,Garbage Chute,7668,7668
TAFT,1470,Waste Management,Waste Infrastructure,2281623.23,2281623.23
TAPSCOTT STREET REHAB,155,Apartments,Apartment 504 Access,400000,400000
TAPSCOTT STREET REHAB,155,Apartments,Apartment Bathroom,8459877.72,8459877.72
TAPSCOTT STREET REHAB,155,Apartments,Apartment Entrance Doors,1011548.6,1011548.6
TAPSCOTT STREET REHAB,155,Apartments,Apartment Kitchen,5944087.25,5944087.25
TAPSCOTT STREET REHAB,155,Apartments,Apartment Renovation,14285355.28,14777772.66
TAPSCOTT STREET REHAB,155,Building Exterior/Facade/Window,Brickwork,,20790231.18
TAPSCOTT STREET REHAB,155,Building Exterior/Facade/Window,Building Windows,2958244.88,2958244.88
TAPSCOTT STREET REHAB,155,Building Exterior/Facade/Window,Entrances/Exits,233560.78,579484.42
TAPSCOTT STREET REHAB,155,Building Exterior/Facade/Window,Foundations,56524.8,56524.8
TAPSCOTT STREET REHAB,155,Common Areas/Lobbies,Building Common Area Finishes ,777231.18,1198739.04
TAPSCOTT STREET REHAB,155,Common Areas/Lobbies,Building Common Areas - Bathroom,113816.9,113816.9
TAPSCOTT STREET REHAB,155,Common Areas/Lobbies,Interior Building Doors,326332.2,326332.2
TAPSCOTT STREET REHAB,155,Common Areas/Lobbies,Interior Building Stairs,1017.63,2820643.44
TAPSCOTT STREET REHAB,155,Grounds,Building Exterior Walkways and Retaining Walls,11601.8,14212.2
TAPSCOTT STREET REHAB,155,Grounds,Fixed Site Equipment,2360.46,2360.46
TAPSCOTT STREET REHAB,155,Grounds,Lighting - Exterior Security,528319.8,528319.8
TAPSCOTT STREET REHAB,155,Grounds,Open Spaces,,875383.06
TAPSCOTT STREET REHAB,155,Grounds,Paving - Non-Vehicular Area,496349,496349
TAPSCOTT STREET REHAB,155,Grounds,Playgrounds,86377.2,86377.2
TAPSCOTT STREET REHAB,155,Grounds,Site Fences,290296.4,290296.4
TAPSCOTT STREET REHAB,155,Grounds,Stairs / Ramps,122171.15,211628.35
TAPSCOTT STREET REHAB,155,Heating,Common Spaces Radiator / Convector / Baseboard,60210.43,283849.17
TAPSCOTT STREET REHAB,155,Heating,Decarbonization,4715000.7,4715000.7
TAPSCOTT STREET REHAB,155,Interior Electrical/Lighting,Electrical System,3394571.5,7971134.89
TAPSCOTT STREET REHAB,155,Interior Electrical/Lighting,Emergency and Exit Lighting and Panels,3350.34,3350.34
TAPSCOTT STREET REHAB,155,Interior Electrical/Lighting,Interior Lighting Fixture,132318.84,132318.84
TAPSCOTT STREET REHAB,155,Lead Based Paint,Lead Based Paint,0,0
TAPSCOTT STREET REHAB,155,Roofs,Building Roof/Parapets/Misc,46209.66,5165193.98
TAPSCOTT STREET REHAB,155,Safety And Security,Additional Security,4596249,4596249
TAPSCOTT STREET REHAB,155,Waste Management,Waste Infrastructure,2511655.02,2511655.02
TAYLOR STREET-WYTHE AVENUE,525,Apartments,Apartment 504 Access,1200000,1200000
TAYLOR STREET-WYTHE AVENUE,525,Apartments,Apartment Bathroom,26394391.76,26394391.76
TAYLOR STREET-WYTHE AVENUE,525,Apartments,Apartment Entrance Doors,2721392.04,3426213
TAYLOR STREET-WYTHE AVENUE,525,Apartments,Apartment Kitchen,9242096.95,20133198.75
TAYLOR STREET-WYTHE AVENUE,525,Apartments,Apartment Renovation,19401634.62,34940464.73
TAYLOR STREET-WYTHE AVENUE,525,Building Exterior/Facade/Window,Brickwork,5463.6,15291234.14
TAYLOR STREET-WYTHE AVENUE,525,Building Exterior/Facade/Window,Building Windows,4547315.08,14663646.5
TAYLOR STREET-WYTHE AVENUE,525,Building Exterior/Facade/Window,Entrances/Exits,442203.39,527941.78
TAYLOR STREET-WYTHE AVENUE,525,Building Exterior/Facade/Window,Foundations,253401.1,253401.1
TAYLOR STREET-WYTHE AVENUE,525,Common Areas/Lobbies,Building Common Area Finishes ,2732460.06,4222821.12
TAYLOR STREET-WYTHE AVENUE,525,Common Areas/Lobbies,Building Common Areas - Bathroom,796718.3,1365802.8
TAYLOR STREET-WYTHE AVENUE,525,Common Areas/Lobbies,Building Gymnasium,25319.17,99134.09
TAYLOR STREET-WYTHE AVENUE,525,Common Areas/Lobbies,Building Locker Room and Shower,19516,40496
TAYLOR STREET-WYTHE AVENUE,525,Common Areas/Lobbies,Interior Building Doors,1503588.92,2028436.47
TAYLOR STREET-WYTHE AVENUE,525,Common Areas/Lobbies,Interior Building Stairs,1378483.7,6955076.85
TAYLOR STREET-WYTHE AVENUE,525,Common Areas/Lobbies,Non Residential Kitchen,422090.02,1688360.08
TAYLOR STREET-WYTHE AVENUE,525,Elevators,Elevators,2926627.38,14633136.9
TAYLOR STREET-WYTHE AVENUE,525,Fire Protection,Fire Alarm,175669.98,175669.98
TAYLOR STREET-WYTHE AVENUE,525,Fire Protection,Fire Sprinkler,0,0
TAYLOR STREET-WYTHE AVENUE,525,Grounds,Building Exterior Walkways and Retaining Walls,180527.28,180527.28
TAYLOR STREET-WYTHE AVENUE,525,Grounds,Landscaping,4065,4065
TAYLOR STREET-WYTHE AVENUE,525,Grounds,Lighting - Exterior Security,551800.68,551800.68
TAYLOR STREET-WYTHE AVENUE,525,Grounds,Open Spaces,,1826802.1
TAYLOR STREET-WYTHE AVENUE,525,Grounds,Paving - Non-Vehicular Area,208550,208550
TAYLOR STREET-WYTHE AVENUE,525,Grounds,Playgrounds,275268,275268
TAYLOR STREET-WYTHE AVENUE,525,Grounds,Site Fences,1196587.6,1196587.6
TAYLOR STREET-WYTHE AVENUE,525,Grounds,Site Lighting,46723.42,46723.42
TAYLOR STREET-WYTHE AVENUE,525,Grounds,Stairs / Ramps,17095.9,221308.52
TAYLOR STREET-WYTHE AVENUE,525,Heating,Air Source Heat Pump,8222.21,88818.74
TAYLOR STREET-WYTHE AVENUE,525,Heating,Common Spaces Radiator / Convector / Baseboard,,739728.14
TAYLOR STREET-WYTHE AVENUE,525,Heating,Decarbonization,36950477.52,36950477.52
TAYLOR STREET-WYTHE AVENUE,525,Heating,Hot Water System,,1612102.8
TAYLOR STREET-WYTHE AVENUE,525,Heating,Through Wall/Window Heat Pump,,199466.4
TAYLOR STREET-WYTHE AVENUE,525,Interior Electrical/Lighting,Electrical System,5529733.34,5644144.31
TAYLOR STREET-WYTHE AVENUE,525,Interior Electrical/Lighting,Emergency and Exit Lighting and Panels,82946.35,110817.27
TAYLOR STREET-WYTHE AVENUE,525,Interior Electrical/Lighting,Interior Lighting Fixture,2554534.12,2554534.12
TAYLOR STREET-WYTHE AVENUE,525,Interior Electrical/Lighting,Public Address System,21667.7,43335.4
TAYLOR STREET-WYTHE AVENUE,525,Interior Electrical/Lighting,Telephone/Intercom,222337.44,296449.92
TAYLOR STREET-WYTHE AVENUE,525,Lead Based Paint,Lead Based Paint,4902813.3,4902813.3
TAYLOR STREET-WYTHE AVENUE,525,Plumbing,Building Drainage,354.69,29731.17
TAYLOR STREET-WYTHE AVENUE,525,Plumbing,Building Sewage System,2937.9,81671.74
TAYLOR STREET-WYTHE AVENUE,525,Plumbing,Roof Tank,2113082.66,2113082.66
TAYLOR STREET-WYTHE AVENUE,525,Plumbing,Underground Natural Gas Piping,,92428
TAYLOR STREET-WYTHE AVENUE,525,Roofs,Building Roof/Parapets/Misc,479053.79,6138393.79
TAYLOR STREET-WYTHE AVENUE,525,Safety And Security,Additional Security,4230130.8,4230130.8
TAYLOR STREET-WYTHE AVENUE,525,Safety And Security,CCTV,1402809.8,10100230.56
TAYLOR STREET-WYTHE AVENUE,525,Safety And Security,Intrusion Alarm,,107323.29
TAYLOR STREET-WYTHE AVENUE,525,Ventilation/Air Conditioning,Air Conditioning,72213.78,72213.78
TAYLOR STREET-WYTHE AVENUE,525,Ventilation/Air Conditioning,Exhaust Fan,1205.38,1205.38
TAYLOR STREET-WYTHE AVENUE,525,Ventilation/Air Conditioning,Other Fans,,69719.72
TAYLOR STREET-WYTHE AVENUE,525,Waste Management,Waste Infrastructure,2600610.6,2600610.6
TELLER AVENUE-EAST 166TH STREET,90,Apartments,Apartment 504 Access,200000,200000
TELLER AVENUE-EAST 166TH STREET,90,Apartments,Apartment Bathroom,4160595.6,4160595.6
TELLER AVENUE-EAST 166TH STREET,90,Apartments,Apartment Entrance Doors,587350.8,587350.8
TELLER AVENUE-EAST 166TH STREET,90,Apartments,Apartment Kitchen,3451405.5,3451405.5
TELLER AVENUE-EAST 166TH STREET,90,Apartments,Apartment Renovation,9166322.04,9647939.94
TELLER AVENUE-EAST 166TH STREET,90,Building Exterior/Facade/Window,Brickwork,905.5,400905.5
TELLER AVENUE-EAST 166TH STREET,90,Building Exterior/Facade/Window,Building Windows,4059055.23,4059055.23
TELLER AVENUE-EAST 166TH STREET,90,Building Exterior/Facade/Window,Entrances/Exits,81479.92,81479.92
TELLER AVENUE-EAST 166TH STREET,90,Building Exterior/Facade/Window,Foundations,14516.8,14516.8
TELLER AVENUE-EAST 166TH STREET,90,Common Areas/Lobbies,Building Common Area Finishes ,701552.44,701552.44
TELLER AVENUE-EAST 166TH STREET,90,Common Areas/Lobbies,Building Common Areas - Bathroom,,227633.8
TELLER AVENUE-EAST 166TH STREET,90,Common Areas/Lobbies,Interior Building Doors,336488.35,336488.35
TELLER AVENUE-EAST 166TH STREET,90,Common Areas/Lobbies,Interior Building Stairs,,1065191.97
TELLER AVENUE-EAST 166TH STREET,90,Common Areas/Lobbies,Non Residential Kitchen,422090.02,422090.02
TELLER AVENUE-EAST 166TH STREET,90,Elevators,Elevators,2926627.38,2926627.38
TELLER AVENUE-EAST 166TH STREET,90,Grounds,Lighting - Exterior Security,123274.62,123274.62
TELLER AVENUE-EAST 166TH STREET,90,Grounds,Open Spaces,,466760.95
TELLER AVENUE-EAST 166TH STREET,90,Grounds,Parking Lot,81765,81765
TELLER AVENUE-EAST 166TH STREET,90,Grounds,Paving - Non-Vehicular Area,76120.75,76120.75
TELLER AVENUE-EAST 166TH STREET,90,Grounds,Playgrounds,109158,109158
TELLER AVENUE-EAST 166TH STREET,90,Grounds,Site Fences,247814,247814
TELLER AVENUE-EAST 166TH STREET,90,Grounds,Site Walls (Not Retaining Walls),963.2,963.2
TELLER AVENUE-EAST 166TH STREET,90,Grounds,Stairs / Ramps,853.1,38350.45
TELLER AVENUE-EAST 166TH STREET,90,Heating,Common Spaces Radiator / Convector / Baseboard,,68811.92
TELLER AVENUE-EAST 166TH STREET,90,Heating,Decarbonization,6334367.57,6334367.57
TELLER AVENUE-EAST 166TH STREET,90,Interior Electrical/Lighting,Electrical System,,1050389.69
TELLER AVENUE-EAST 166TH STREET,90,Interior Electrical/Lighting,Emergency and Exit Lighting and Panels,15296,15296
TELLER AVENUE-EAST 166TH STREET,90,Interior Electrical/Lighting,Interior Lighting Fixture,160480.55,160480.55
TELLER AVENUE-EAST 166TH STREET,90,Lead Based Paint,Lead Based Paint,714393,714393
TELLER AVENUE-EAST 166TH STREET,90,Plumbing,Building Drainage,44064.72,44064.72
TELLER AVENUE-EAST 166TH STREET,90,Plumbing,Underground Hydronic Piping,,111585.5
TELLER AVENUE-EAST 166TH STREET,90,Plumbing,Underground Natural Gas Piping,,46214
TELLER AVENUE-EAST 166TH STREET,90,Roofs,Building Roof/Parapets/Misc,1757840.55,1757840.55
TELLER AVENUE-EAST 166TH STREET,90,Safety And Security,Additional Security,919837.8,919837.8
TELLER AVENUE-EAST 166TH STREET,90,Safety And Security,Intrusion Alarm,,107323.29
TELLER AVENUE-EAST 166TH STREET,90,Waste Management,Waste Infrastructure,152521.6,152521.6
THOMAS APARTMENTS,87,Apartments,Apartment 504 Access,200000,200000
THOMAS APARTMENTS,87,Apartments,Apartment Bathroom,3975680.24,3975680.24
THOMAS APARTMENTS,87,Apartments,Apartment Entrance Doors,567772.44,567772.44
THOMAS APARTMENTS,87,Apartments,Apartment Kitchen,3298009.7,3298009.7
THOMAS APARTMENTS,87,Apartments,Apartment Renovation,2242487.74,5884218.94
THOMAS APARTMENTS,87,Building Exterior/Facade/Window,Brickwork,2441659.93,2441659.93
THOMAS APARTMENTS,87,Building Exterior/Facade/Window,Building Windows,1598541.86,1598541.86
THOMAS APARTMENTS,87,Building Exterior/Facade/Window,Entrances/Exits,149558.08,149558.08
THOMAS APARTMENTS,87,Building Exterior/Facade/Window,Foundations,4965.5,4965.5
THOMAS APARTMENTS,87,Common Areas/Lobbies,Building Common Area Finishes ,784987.12,784987.12
THOMAS APARTMENTS,87,Common Areas/Lobbies,Building Common Areas - Bathroom,227633.8,398359.15
THOMAS APARTMENTS,87,Common Areas/Lobbies,Interior Building Doors,436004,436004
THOMAS APARTMENTS,87,Common Areas/Lobbies,Non Residential Kitchen,422090.02,422090.02
THOMAS APARTMENTS,87,Elevators,Elevators,2926627.38,2926627.38
THOMAS APARTMENTS,87,Grounds,Building Exterior Walkways and Retaining Walls,0,1305.2
THOMAS APARTMENTS,87,Grounds,Lighting - Exterior Security,105663.96,105663.96
THOMAS APARTMENTS,87,Grounds,Open Spaces,,0
THOMAS APARTMENTS,87,Grounds,Paving - Non-Vehicular Area,72992.5,72992.5
THOMAS APARTMENTS,87,Grounds,Site Fences,31861.8,31861.8
THOMAS APARTMENTS,87,Heating,Common Spaces Radiator / Convector / Baseboard,,146225.33
THOMAS APARTMENTS,87,Heating,Decarbonization,6123221.99,6123221.99
THOMAS APARTMENTS,87,Heating,Hot Water System,,4269496
THOMAS APARTMENTS,87,Interior Electrical/Lighting,Emergency and Exit Lighting and Panels,153914.83,165859.51
THOMAS APARTMENTS,87,Interior Electrical/Lighting,Interior Lighting Fixture,533714.74,533714.74
THOMAS APARTMENTS,87,Lead Based Paint,Lead Based Paint,0,0
THOMAS APARTMENTS,87,Plumbing,Building Sewage System,39366.92,39366.92
THOMAS APARTMENTS,87,Plumbing,Domestic Water System,,109364
THOMAS APARTMENTS,87,Plumbing,Underground Hydronic Piping,,89268.4
THOMAS APARTMENTS,87,Plumbing,Underground Natural Gas Piping,,46214
THOMAS APARTMENTS,87,Roofs,Building Roof/Parapets/Misc,989287.03,989287.03
THOMAS APARTMENTS,87,Safety And Security,Additional Security,745348.8,745348.8
THOMAS APARTMENTS,87,Safety And Security,CCTV,,280561.96
THOMAS APARTMENTS,87,Ventilation/Air Conditioning,Air Conditioning,89921.44,89921.44
THOMAS APARTMENTS,87,Waste Management,Interior Compactor,63826.69,63826.69
THOMAS APARTMENTS,87,Waste Management,Waste Infrastructure,17359.78,17359.78
THROGGS NECK,1185,Apartments,Apartment 504 Access,2800000,2800000
THROGGS NECK,1185,Apartments,Apartment Bathroom,54781175.4,54781175.4
THROGGS NECK,1185,Apartments,Apartment Entrance Doors,7733452.2,7733452.2
THROGGS NECK,1185,Apartments,Apartment Kitchen,45443505.75,45443505.75
THROGGS NECK,1185,Apartments,Apartment Renovation,115729172,127524271.2
THROGGS NECK,1185,Building Exterior/Facade/Window,Brickwork,3622,4803622
THROGGS NECK,1185,Building Exterior/Facade/Window,Building Windows,52003632.18,52003632.18
THROGGS NECK,1185,Building Exterior/Facade/Window,Entrances/Exits,3546286.32,3546286.32
THROGGS NECK,1185,Building Exterior/Facade/Window,Foundations,352608.58,352608.58
THROGGS NECK,1185,Common Areas/Lobbies,Building Common Area Finishes ,6002728.18,6892042.82
THROGGS NECK,1185,Common Areas/Lobbies,Building Common Areas - Bathroom,170725.35,1081260.55
THROGGS NECK,1185,Common Areas/Lobbies,Interior Building Doors,6407562.4,6407562.4
THROGGS NECK,1185,Common Areas/Lobbies,Interior Building Stairs,11857.18,27456215.03
THROGGS NECK,1185,Common Areas/Lobbies,Non Residential Kitchen,1272812.59,1272812.59
THROGGS NECK,1185,Elevators,Elevators,,35578816.2
THROGGS NECK,1185,Fire Protection,Fire Sprinkler,104828.95,216048.95
THROGGS NECK,1185,Grounds,Building Exterior Walkways and Retaining Walls,264396.63,264396.63
THROGGS NECK,1185,Grounds,Fixed Site Equipment,39424.31,39424.31
THROGGS NECK,1185,Grounds,Landscaping,67898.74,67898.74
THROGGS NECK,1185,Grounds,Lighting - Exterior Security,2488973.28,2488973.28
THROGGS NECK,1185,Grounds,Open Spaces,,21114206.45
THROGGS NECK,1185,Grounds,Parking Lot,4236568.88,4236568.88
THROGGS NECK,1185,Grounds,Paving - Non-Vehicular Area,8321145,8321145
THROGGS NECK,1185,Grounds,Playgrounds,768852,768852
THROGGS NECK,1185,Grounds,Site Fences,11735763,11735763
THROGGS NECK,1185,Grounds,Stairs / Ramps,81819.8,1569851.05
THROGGS NECK,1185,Grounds,Storm Piping,50302.2,13972202.2
THROGGS NECK,1185,Heating,Decarbonization,130187563.5,130187563.5
THROGGS NECK,1185,Interior Electrical/Lighting,Electrical System,1402144.59,32259781
THROGGS NECK,1185,Interior Electrical/Lighting,Emergency and Exit Lighting and Panels,35782.49,86071.23
THROGGS NECK,1185,Interior Electrical/Lighting,Interior Lighting Fixture,4873701.54,4873701.54
THROGGS NECK,1185,Interior Electrical/Lighting,Telephone/Intercom,592899.84,592899.84
THROGGS NECK,1185,Lead Based Paint,Lead Based Paint,27995226.4,27995226.4
THROGGS NECK,1185,Plumbing,Building Drainage,599711.63,5111847.2
THROGGS NECK,1185,Plumbing,Building Sewage System,10997.1,9594236.61
THROGGS NECK,1185,Plumbing,Domestic Water System,55789.74,46697263.34
THROGGS NECK,1185,Plumbing,Gas Risers,9066.01,9066.01
THROGGS NECK,1185,Plumbing,Non Residential Spaces Plumbing Fixtures,23672.65,23672.65
THROGGS NECK,1185,Plumbing,Roof Tank,245470.35,245470.35
THROGGS NECK,1185,Plumbing,Underground Hydronic Piping,22317100,22317100
THROGGS NECK,1185,Roofs,Building Roof/Parapets/Misc,32075725.43,32075725.43
THROGGS NECK,1185,Safety And Security,Additional Security,20026162.8,20026162.8
THROGGS NECK,1185,Safety And Security,Intrusion Alarm,,107323.29
THROGGS NECK,1185,Ventilation/Air Conditioning,Air Conditioning,45024.83,228256.85
THROGGS NECK,1185,Waste Management,Garbage Chute,203500.2,203500.2
THROGGS NECK,1185,Waste Management,Waste Infrastructure,7620231.9,7620231.9
THROGGS NECK ADDITION,287,Apartments,Apartment 504 Access,600000,600000
THROGGS NECK ADDITION,287,Apartments,Apartment Bathroom,13683736.64,13683736.64
THROGGS NECK ADDITION,287,Apartments,Apartment Entrance Doors,1872996.44,1872996.44
THROGGS NECK ADDITION,287,Apartments,Apartment Kitchen,10967799.7,10967799.7
THROGGS NECK ADDITION,287,Apartments,Apartment Renovation,26006087.66,27131349.14
THROGGS NECK ADDITION,287,Building Exterior/Facade/Window,Brickwork,1758.4,1601758.4
THROGGS NECK ADDITION,287,Building Exterior/Facade/Window,Building Windows,10240138.36,10240138.36
THROGGS NECK ADDITION,287,Building Exterior/Facade/Window,Entrances/Exits,436536.07,436536.07
THROGGS NECK ADDITION,287,Building Exterior/Facade/Window,Foundations,39265.24,39265.24
THROGGS NECK ADDITION,287,Common Areas/Lobbies,Building Common Area Finishes ,2129949.64,2168715.6
THROGGS NECK ADDITION,287,Common Areas/Lobbies,Building Common Areas - Bathroom,682901.4,853626.75
THROGGS NECK ADDITION,287,Common Areas/Lobbies,Building Gymnasium,339119.62,339119.62
THROGGS NECK ADDITION,287,Common Areas/Lobbies,Building Locker Room and Shower,4413.2,4413.2
THROGGS NECK ADDITION,287,Common Areas/Lobbies,Interior Building Doors,1243575.41,1243575.41
THROGGS NECK ADDITION,287,Common Areas/Lobbies,Interior Building Stairs,,4448742.94
THROGGS NECK ADDITION,287,Common Areas/Lobbies,Non Residential Kitchen,438918.31,861008.33
THROGGS NECK ADDITION,287,Elevators,Elevators,11706509.52,11706509.52
THROGGS NECK ADDITION,287,Fire Protection,Fire Alarm,,175669.98
THROGGS NECK ADDITION,287,Fire Protection,Fire Sprinkler,0,0
THROGGS NECK ADDITION,287,Grounds,Building Exterior Walkways and Retaining Walls,132920.7,132920.7
THROGGS NECK ADDITION,287,Grounds,Fixed Site Equipment,1165.23,1165.23
THROGGS NECK ADDITION,287,Grounds,Lighting - Exterior Security,387434.52,387434.52
THROGGS NECK ADDITION,287,Grounds,Open Spaces,,5619787.35
THROGGS NECK ADDITION,287,Grounds,Parking Lot,1873781.25,1873781.25
THROGGS NECK ADDITION,287,Grounds,Paving - Non-Vehicular Area,2433778.5,2433778.5
THROGGS NECK ADDITION,287,Grounds,Playgrounds,567241.92,567241.92
THROGGS NECK ADDITION,287,Grounds,Site Fences,2478140,2478140
THROGGS NECK ADDITION,287,Grounds,Stairs / Ramps,,6541
THROGGS NECK ADDITION,287,Grounds,Storm Piping,40241.76,40241.76
THROGGS NECK ADDITION,287,Heating,Building Steam Piping,37033.17,8940617.77
THROGGS NECK ADDITION,287,Heating,Common Spaces Radiator / Convector / Baseboard,137623.84,258044.7
THROGGS NECK ADDITION,287,Heating,Decarbonization,6850506.04,6850506.04
THROGGS NECK ADDITION,287,Heating,Heating System,20425.24,20425.24
THROGGS NECK ADDITION,287,Heating,Hot Water System,3825.5,3825.5
THROGGS NECK ADDITION,287,Interior Electrical/Lighting,Electrical System,305095.92,1502174.29
THROGGS NECK ADDITION,287,Interior Electrical/Lighting,Emergency and Exit Lighting and Panels,17342.3,81154.75
THROGGS NECK ADDITION,287,Interior Electrical/Lighting,Interior Lighting Fixture,952804.01,952804.01
THROGGS NECK ADDITION,287,Interior Electrical/Lighting,Telephone/Intercom,11050.73,11050.73
THROGGS NECK ADDITION,287,Lead Based Paint,Lead Based Paint,1575860.07,1575860.07
THROGGS NECK ADDITION,287,Plumbing,Building Drainage,78686.26,93374.5
THROGGS NECK ADDITION,287,Plumbing,Building Sewage System,8813.7,8813.7
THROGGS NECK ADDITION,287,Plumbing,Domestic Water System,7818.5,7818.5
THROGGS NECK ADDITION,287,Plumbing,Non Residential Spaces Plumbing Fixtures,4032.53,4032.53
THROGGS NECK ADDITION,287,Plumbing,Roof Tank,163646.9,163646.9
THROGGS NECK ADDITION,287,Plumbing,Underground Hydronic Piping,,892684
THROGGS NECK ADDITION,287,Plumbing,Underground Natural Gas Piping,,323498
THROGGS NECK ADDITION,287,Roofs,Building Roof/Parapets/Misc,6961773.43,7020152.67
THROGGS NECK ADDITION,287,Safety And Security,Additional Security,3072417.6,3072417.6
THROGGS NECK ADDITION,287,Safety And Security,Intrusion Alarm,4848.4,112171.69
THROGGS NECK ADDITION,287,Ventilation/Air Conditioning,Air Conditioning,4438.02,4438.02
THROGGS NECK ADDITION,287,Ventilation/Air Conditioning,Exhaust Fan,13499.24,13499.24
THROGGS NECK ADDITION,287,Waste Management,Waste Infrastructure,322402.97,322402.97
TILDEN,998,Apartments,Apartment 504 Access,2400000,2400000
TILDEN,998,Apartments,Apartment Bathroom,47014730.28,47014730.28
TILDEN,998,Apartments,Apartment Entrance Doors,6513067.76,6513067.76
TILDEN,998,Apartments,Apartment Kitchen,38195554.2,38195554.2
TILDEN,998,Apartments,Apartment Renovation,94291146.9,94556294.72
TILDEN,998,Building Exterior/Facade/Window,Brickwork,2491.6,34920762.46
TILDEN,998,Building Exterior/Facade/Window,Building Windows,39202901.85,39202901.85
TILDEN,998,Building Exterior/Facade/Window,Entrances/Exits,552564.36,552564.36
TILDEN,998,Building Exterior/Facade/Window,Foundations,123053.16,123053.16
TILDEN,998,Common Areas/Lobbies,Building Common Area Finishes ,5565756.8,6115331.68
TILDEN,998,Common Areas/Lobbies,Building Common Areas - Bathroom,457152.25,1140053.65
TILDEN,998,Common Areas/Lobbies,Interior Building Doors,3211132.75,3323184.25
TILDEN,998,Common Areas/Lobbies,Interior Building Stairs,,16291171.33
TILDEN,998,Common Areas/Lobbies,Non Residential Kitchen,422090.02,1688360.08
TILDEN,998,Elevators,Elevators,23413019.04,23413019.04
TILDEN,998,Fire Protection,Fire Sprinkler,0,0
TILDEN,998,Fire Protection,Standpipe System,185845.44,185845.44
TILDEN,998,Grounds,Building Exterior Walkways and Retaining Walls,441757.6,441757.6
TILDEN,998,Grounds,Lighting - Exterior Security,821830.8,821830.8
TILDEN,998,Grounds,Open Spaces,,3664321.74
TILDEN,998,Grounds,Parking Lot,2929310.75,2929310.75
TILDEN,998,Grounds,Paving - Non-Vehicular Area,4602072.85,4602072.85
TILDEN,998,Grounds,Playgrounds,746071.2,746071.2
TILDEN,998,Grounds,Site Fences,6567071,6567071
TILDEN,998,Grounds,Site Lighting,289520,289520
TILDEN,998,Grounds,Stairs / Ramps,159324.28,562520.66
TILDEN,998,Heating,Air Source Heat Pump,0,0
TILDEN,998,Heating,Building Steam Piping,55614674.74,55880779.74
TILDEN,998,Heating,Common Spaces Radiator / Convector / Baseboard,25804.47,550495.36
TILDEN,998,Heating,Decarbonization,0,0
TILDEN,998,Heating,Heating System,13674640.14,14072892.25
TILDEN,998,Heating,Underground Steam and Condensate Return Piping,5435023,5435023
TILDEN,998,Interior Electrical/Lighting,Electrical System,687650.48,13833996.05
TILDEN,998,Interior Electrical/Lighting,Emergency and Exit Lighting and Panels,38659.67,50184.19
TILDEN,998,Interior Electrical/Lighting,Interior Lighting Fixture,3731930.75,3731930.75
TILDEN,998,Lead Based Paint,Lead Based Paint,2439968.5,2439968.5
TILDEN,998,Plumbing,Building Drainage,132194.16,132194.16
TILDEN,998,Plumbing,Building Sewage System,78733.84,78733.84
TILDEN,998,Plumbing,Domestic Hot Water System,,111630.9
TILDEN,998,Plumbing,Roof Tank,245470.35,245470.35
TILDEN,998,Plumbing,Underground Hydronic Piping,4909762,4909762
TILDEN,998,Plumbing,Underground Natural Gas Piping,443654.4,443654.4
TILDEN,998,Roofs,Building Roof/Parapets/Misc,9210592.9,9210592.9
TILDEN,998,Safety And Security,Additional Security,4463331.6,4463331.6
TILDEN,998,Safety And Security,Intrusion Alarm,107323.29,107323.29
TILDEN,998,Ventilation/Air Conditioning,Air Conditioning,91616.01,91616.01
TILDEN,998,Ventilation/Air Conditioning,Building Ductwork,430.85,430.85
TILDEN,998,Waste Management,Garbage Chute,40811.28,40811.28
TILDEN,998,Waste Management,Waste Infrastructure,2884365.63,2884365.63
TODT HILL,502,Apartments,Apartment 504 Access,1200000,1200000
TODT HILL,502,Apartments,Apartment Bathroom,23206877.68,23206877.68
TODT HILL,502,Apartments,Apartment Kitchen,19251172.9,19251172.9
TODT HILL,502,Apartments,Apartment Renovation,44890743.61,50417970.73
TODT HILL,502,Building Exterior/Facade/Window,Brickwork,2182963.43,18243416.99
TODT HILL,502,Building Exterior/Facade/Window,Building Loading Dock,1631.5,1631.5
TODT HILL,502,Building Exterior/Facade/Window,Building Windows,23781455.98,23781455.98
TODT HILL,502,Building Exterior/Facade/Window,Entrances/Exits,130537.76,215338.28
TODT HILL,502,Building Exterior/Facade/Window,Foundations,45104.6,45104.6
TODT HILL,502,Common Areas/Lobbies,Building Common Area Finishes ,3457169.49,3457169.49
TODT HILL,502,Common Areas/Lobbies,Building Common Areas - Bathroom,569084.5,682901.4
TODT HILL,502,Common Areas/Lobbies,Interior Building Doors,1338541.15,1338541.15
TODT HILL,502,Common Areas/Lobbies,Interior Building Stairs,1749.22,7896701.48
TODT HILL,502,Common Areas/Lobbies,Non Residential Kitchen,2110450.1,2110450.1
TODT HILL,502,Elevators,Elevators,20486391.66,20486391.66
TODT HILL,502,Fire Protection,Fire Alarm,17336.47,81136.45
TODT HILL,502,Grounds,Building Exterior Walkways and Retaining Walls,112304.14,114261.94
TODT HILL,502,Grounds,Lighting - Exterior Security,745517.94,745517.94
TODT HILL,502,Grounds,Open Spaces,,307019.9
TODT HILL,502,Grounds,Parking Lot,1904193.55,1904193.55
TODT HILL,502,Grounds,Site Lighting,253330,253330
TODT HILL,502,Grounds,Stairs / Ramps,234294.9,234294.9
TODT HILL,502,Grounds,Storm Piping,,1809847
TODT HILL,502,Heating,Common Spaces Radiator / Convector / Baseboard,86014.9,911757.94
TODT HILL,502,Heating,Decarbonization,35331694.69,35331694.69
TODT HILL,502,Interior Electrical/Lighting,Electrical System,2110261.38,8672393.8
TODT HILL,502,Interior Electrical/Lighting,Emergency and Exit Lighting and Panels,77220.26,101839.92
TODT HILL,502,Interior Electrical/Lighting,Interior Lighting Fixture,1496108.44,1496108.44
TODT HILL,502,Interior Electrical/Lighting,PA System,,21667.7
TODT HILL,502,Interior Electrical/Lighting,Public Address System,,21667.7
TODT HILL,502,Interior Electrical/Lighting,Telephone/Intercom,,518787.36
TODT HILL,502,Interior Electrical/Lighting,Transformer,956691.78,956691.78
TODT HILL,502,Lead Based Paint,Lead Based Paint,8186458.26,8186458.26
TODT HILL,502,Plumbing,Building Drainage,102817.68,2444466.84
TODT HILL,502,Plumbing,Building Sewage System,2937.9,2344587.06
TODT HILL,502,Plumbing,Domestic Water System,7818.5,10515100.65
TODT HILL,502,Plumbing,Gas Risers,,4431466.22
TODT HILL,502,Plumbing,Non Residential Spaces Plumbing Fixtures,3401.06,3401.06
TODT HILL,502,Plumbing,Underground Hydronic Piping,5356104,5356104
TODT HILL,502,Plumbing,Underground Natural Gas Piping,1053679.2,1053679.2
TODT HILL,502,Safety And Security,Additional Security,5748464.4,5748464.4
TODT HILL,502,Safety And Security,Intrusion Alarm,107323.29,107323.29
TODT HILL,502,Ventilation/Air Conditioning,Air Conditioning,7317.87,7317.87
TODT HILL,502,Waste Management,Garbage Chute,852,852
TODT HILL,502,Waste Management,Waste Infrastructure,2969219.81,2969219.81
TOMPKINS,1046,Apartments,Apartment 504 Access,2400000,2400000
TOMPKINS,1046,Apartments,Apartment Bathroom,33452268.6,54511046.19
TOMPKINS,1046,Apartments,Apartment Entrance Doors,6030134.88,6826321.52
TOMPKINS,1046,Apartments,Apartment Kitchen,32522349.03,40192139.03
TOMPKINS,1046,Apartments,Apartment Renovation,26492049.73,72797707.29
TOMPKINS,1046,Building Exterior/Facade/Window,Brickwork,,30281458.76
TOMPKINS,1046,Building Exterior/Facade/Window,Building Windows,41994941.73,41994941.73
TOMPKINS,1046,Building Exterior/Facade/Window,Entrances/Exits,526110.78,538225.14
TOMPKINS,1046,Building Exterior/Facade/Window,Foundations,136025.45,136025.45
TOMPKINS,1046,Common Areas/Lobbies,Building Common Area Finishes ,3684671.75,5784898.61
TOMPKINS,1046,Common Areas/Lobbies,Building Common Areas - Bathroom,856770.1,913678.55
TOMPKINS,1046,Common Areas/Lobbies,Building Gymnasium,485.1,52865.1
TOMPKINS,1046,Common Areas/Lobbies,Interior Building Doors,3725400.92,4469015.42
TOMPKINS,1046,Common Areas/Lobbies,Interior Building Stairs,29198791.1,33271583.85
TOMPKINS,1046,Common Areas/Lobbies,Non Residential Kitchen,,1688360.08
TOMPKINS,1046,Elevators,Elevators,27802960.11,34943589.71
TOMPKINS,1046,Fire Protection,Fire Sprinkler,0,0
TOMPKINS,1046,Grounds,Building Exterior Walkways and Retaining Walls,1434943.26,1434943.26
TOMPKINS,1046,Grounds,Fixed Site Equipment,34373.67,34373.67
TOMPKINS,1046,Grounds,Landscaping,33875,33875
TOMPKINS,1046,Grounds,Lighting - Exterior Security,786609.48,786609.48
TOMPKINS,1046,Grounds,Open Spaces,,1201421.99
TOMPKINS,1046,Grounds,Parking Lot,2087490,2087490
TOMPKINS,1046,Grounds,Paving - Non-Vehicular Area,3023975,3023975
TOMPKINS,1046,Grounds,Playgrounds,813939,813939
TOMPKINS,1046,Grounds,Site Fences,5150991,5150991
TOMPKINS,1046,Grounds,Site Lighting,6408.78,6408.78
TOMPKINS,1046,Grounds,Stairs / Ramps,490965.45,523670.45
TOMPKINS,1046,Heating,Decarbonization,108253391.6,108253391.6
TOMPKINS,1046,Interior Electrical/Lighting,Electrical System,5815617.68,6269932.23
TOMPKINS,1046,Interior Electrical/Lighting,Emergency and Exit Lighting and Panels,58620.48,74231.11
TOMPKINS,1046,Interior Electrical/Lighting,Interior Lighting Fixture,3167938.06,3167938.06
TOMPKINS,1046,Interior Electrical/Lighting,Telephone/Intercom,444674.88,592899.84
TOMPKINS,1046,Lead Based Paint,Lead Based Paint,2422774.17,2422774.17
TOMPKINS,1046,Plumbing,Building Drainage,59817.03,133258.23
TOMPKINS,1046,Plumbing,Building Sewage System,10269.3,10269.3
TOMPKINS,1046,Plumbing,Roof Tank,54949.56,300419.91
TOMPKINS,1046,Plumbing,Underground Natural Gas Piping,1386420,1386420
TOMPKINS,1046,Roofs,Building Roof/Parapets/Misc,9500451.79,9500451.79
TOMPKINS,1046,Safety And Security,Additional Security,6037995.6,6037995.6
TOMPKINS,1046,Safety And Security,CCTV,,6733487.04
TOMPKINS,1046,Ventilation/Air Conditioning,Exhaust Fan,,4673.74
TOMPKINS,1046,Waste Management,Waste Infrastructure,2467006.17,2467006.17
TWIN PARKS EAST (SITE 9),219,Apartments,Apartment 504 Access,600000,600000
TWIN PARKS EAST (SITE 9),219,Apartments,Apartment Bathroom,10077887.12,10077887.12
TWIN PARKS EAST (SITE 9),219,Apartments,Apartment Entrance Doors,1429220.28,1429220.28
TWIN PARKS EAST (SITE 9),219,Apartments,Apartment Kitchen,8360071.1,8360071.1
TWIN PARKS EAST (SITE 9),219,Apartments,Apartment Renovation,15453568.1,17416521
TWIN PARKS EAST (SITE 9),219,Building Exterior/Facade/Window,Brickwork,2434489.93,2434489.93
TWIN PARKS EAST (SITE 9),219,Building Exterior/Facade/Window,Building Windows,3612124.08,3612124.08
TWIN PARKS EAST (SITE 9),219,Building Exterior/Facade/Window,Entrances/Exits,46300.41,46300.41
TWIN PARKS EAST (SITE 9),219,Building Exterior/Facade/Window,Foundations,7042.7,7042.7
TWIN PARKS EAST (SITE 9),219,Common Areas/Lobbies,Building Common Area Finishes ,1358367.11,1358367.11
TWIN PARKS EAST (SITE 9),219,Common Areas/Lobbies,Building Common Areas - Bathroom,455267.6,569084.5
TWIN PARKS EAST (SITE 9),219,Common Areas/Lobbies,Interior Building Doors,856971.05,856971.05
TWIN PARKS EAST (SITE 9),219,Common Areas/Lobbies,Interior Building Stairs,,2067725.59
TWIN PARKS EAST (SITE 9),219,Common Areas/Lobbies,Non Residential Kitchen,422090.02,422090.02
TWIN PARKS EAST (SITE 9),219,Elevators,Elevators,2926627.38,2926627.38
TWIN PARKS EAST (SITE 9),219,Grounds,Building Exterior Walkways and Retaining Walls,7713,7713
TWIN PARKS EAST (SITE 9),219,Grounds,Lighting - Exterior Security,234808.8,234808.8
TWIN PARKS EAST (SITE 9),219,Grounds,Open Spaces,,2204724.5
TWIN PARKS EAST (SITE 9),219,Grounds,Parking Lot,529837.2,529837.2
TWIN PARKS EAST (SITE 9),219,Grounds,Paving - Non-Vehicular Area,417100,417100
TWIN PARKS EAST (SITE 9),219,Grounds,Site Fences,1770100,1770100
TWIN PARKS EAST (SITE 9),219,Grounds,Stairs / Ramps,,9811.5
TWIN PARKS EAST (SITE 9),219,Heating,Common Spaces Radiator / Convector / Baseboard,369864.07,498886.42
TWIN PARKS EAST (SITE 9),219,Heating,Decarbonization,15413627.76,15413627.76
TWIN PARKS EAST (SITE 9),219,Heating,Through Wall/Window Heat Pump,2116.75,2116.75
TWIN PARKS EAST (SITE 9),219,Interior Electrical/Lighting,Electrical System,939308.05,1411026.43
TWIN PARKS EAST (SITE 9),219,Interior Electrical/Lighting,Emergency and Exit Lighting and Panels,108473.32,108473.32
TWIN PARKS EAST (SITE 9),219,Interior Electrical/Lighting,Emergency Generator Set,,253020.59
TWIN PARKS EAST (SITE 9),219,Interior Electrical/Lighting,Interior Lighting Fixture,1002606.93,1002606.93
TWIN PARKS EAST (SITE 9),219,Interior Electrical/Lighting,PA System,,21667.7
TWIN PARKS EAST (SITE 9),219,Lead Based Paint,Lead Based Paint,0,0
TWIN PARKS EAST (SITE 9),219,Plumbing,Building Drainage,14688.24,14688.24
TWIN PARKS EAST (SITE 9),219,Plumbing,Roof Tank,1220188.23,1220188.23
TWIN PARKS EAST (SITE 9),219,Roofs,Building Roof/Parapets/Misc,1933286.49,1933286.49
TWIN PARKS EAST (SITE 9),219,Safety And Security,Additional Security,919837.8,919837.8
TWIN PARKS EAST (SITE 9),219,Safety And Security,Intrusion Alarm,,107323.29
TWIN PARKS EAST (SITE 9),219,Waste Management,Waste Infrastructure,2021228.89,2021228.89
TWO BRIDGES URA (SITE 7),250,Apartments,Apartment 504 Access,600000,600000
TWO BRIDGES URA (SITE 7),250,Apartments,Apartment Bathroom,13382032.63,13382032.63
TWO BRIDGES URA (SITE 7),250,Apartments,Apartment Entrance Doors,1631530,1631530
TWO BRIDGES URA (SITE 7),250,Apartments,Apartment Kitchen,9587237.5,9587237.5
TWO BRIDGES URA (SITE 7),250,Apartments,Apartment Renovation,7252206.32,21939656.84
TWO BRIDGES URA (SITE 7),250,Building Exterior/Facade/Window,Brickwork,3237334.93,3237334.93
TWO BRIDGES URA (SITE 7),250,Building Exterior/Facade/Window,Building Windows,7391463.55,7391463.55
TWO BRIDGES URA (SITE 7),250,Building Exterior/Facade/Window,Entrances/Exits,102443.22,186310.19
TWO BRIDGES URA (SITE 7),250,Building Exterior/Facade/Window,Foundations,115516.5,115516.5
TWO BRIDGES URA (SITE 7),250,Common Areas/Lobbies,Building Common Area Finishes ,682653.47,1059287.18
TWO BRIDGES URA (SITE 7),250,Common Areas/Lobbies,Building Common Areas - Bathroom,398359.15,398359.15
TWO BRIDGES URA (SITE 7),250,Common Areas/Lobbies,Interior Building Doors,604748.95,823758.7
TWO BRIDGES URA (SITE 7),250,Common Areas/Lobbies,Interior Building Stairs,3258234.2,3258234.2
TWO BRIDGES URA (SITE 7),250,Common Areas/Lobbies,Non Residential Kitchen,,856049.31
TWO BRIDGES URA (SITE 7),250,Elevators,Elevators,5853254.76,5853254.76
TWO BRIDGES URA (SITE 7),250,Fire Protection,Fire Alarm,175669.98,351339.96
TWO BRIDGES URA (SITE 7),250,Fire Protection,Fire Sprinkler,6360.8,6360.8
TWO BRIDGES URA (SITE 7),250,Fire Protection,Standpipe System,5119.2,5119.2
TWO BRIDGES URA (SITE 7),250,Grounds,Building Exterior Walkways and Retaining Walls,159938.95,179516.95
TWO BRIDGES URA (SITE 7),250,Grounds,Fixed Site Equipment,6536.31,6536.31
TWO BRIDGES URA (SITE 7),250,Grounds,Landscaping,542,542
TWO BRIDGES URA (SITE 7),250,Grounds,Lighting - Exterior Security,1340.5,1340.5
TWO BRIDGES URA (SITE 7),250,Grounds,Open Spaces,,0
TWO BRIDGES URA (SITE 7),250,Grounds,Paving - Non-Vehicular Area,936389.5,936389.5
TWO BRIDGES URA (SITE 7),250,Grounds,Playgrounds,,127192.8
TWO BRIDGES URA (SITE 7),250,Grounds,Site Fences,111516.3,111516.3
TWO BRIDGES URA (SITE 7),250,Grounds,Site Walls (Not Retaining Walls),481.6,481.6
TWO BRIDGES URA (SITE 7),250,Grounds,Stairs / Ramps,69956.4,119013.9
TWO BRIDGES URA (SITE 7),250,Heating,Building Steam Piping,,12571338.24
TWO BRIDGES URA (SITE 7),250,Heating,Common Spaces Radiator / Convector / Baseboard,87004.26,147214.69
TWO BRIDGES URA (SITE 7),250,Heating,Decarbonization,0,0
TWO BRIDGES URA (SITE 7),250,Heating,Heating System,13049.4,13049.4
TWO BRIDGES URA (SITE 7),250,Heating,Through Wall/Window Heat Pump,,4986.66
TWO BRIDGES URA (SITE 7),250,Interior Electrical/Lighting,Electrical System,965181.9,965181.9
TWO BRIDGES URA (SITE 7),250,Interior Electrical/Lighting,Emergency and Exit Lighting and Panels,,51964.89
TWO BRIDGES URA (SITE 7),250,Interior Electrical/Lighting,Interior Lighting Fixture,66608.23,66608.23
TWO BRIDGES URA (SITE 7),250,Lead Based Paint,Lead Based Paint,2032842.6,2032842.6
TWO BRIDGES URA (SITE 7),250,Plumbing,Building Drainage,22348.89,66413.61
TWO BRIDGES URA (SITE 7),250,Plumbing,Domestic Hot Water System,,14884.12
TWO BRIDGES URA (SITE 7),250,Plumbing,Domestic Water System,15637,15637
TWO BRIDGES URA (SITE 7),250,Roofs,Building Roof/Parapets/Misc,755237.3,2125393.3
TWO BRIDGES URA (SITE 7),250,Safety And Security,Additional Security,964525.8,964525.8
TWO BRIDGES URA (SITE 7),250,Safety And Security,CCTV,,4208429.4
TWO BRIDGES URA (SITE 7),250,Ventilation/Air Conditioning,Air Conditioning,7317.87,81720.57
TWO BRIDGES URA (SITE 7),250,Ventilation/Air Conditioning,Building Ductwork,12400.09,12400.09
TWO BRIDGES URA (SITE 7),250,Ventilation/Air Conditioning,Exhaust Fan,4673.74,4673.74
TWO BRIDGES URA (SITE 7),250,Waste Management,Waste Infrastructure,2044375.26,2044375.26
UNION AVENUE-EAST 163RD STREET,200,Apartments,Apartment 504 Access,400000,400000
UNION AVENUE-EAST 163RD STREET,200,Apartments,Apartment Bathroom,9199539.16,9199539.16
UNION AVENUE-EAST 163RD STREET,200,Apartments,Apartment Entrance Doors,1305224,1305224
UNION AVENUE-EAST 163RD STREET,200,Apartments,Apartment Kitchen,7631441.05,7631441.05
UNION AVENUE-EAST 163RD STREET,200,Apartments,Apartment Renovation,14280216.33,14280216.33
UNION AVENUE-EAST 163RD STREET,200,Building Exterior/Facade/Window,Brickwork,2220,402220
UNION AVENUE-EAST 163RD STREET,200,Building Exterior/Facade/Window,Building Windows,3573207.73,3573207.73
UNION AVENUE-EAST 163RD STREET,200,Building Exterior/Facade/Window,Entrances/Exits,109339.16,109339.16
UNION AVENUE-EAST 163RD STREET,200,Building Exterior/Facade/Window,Foundations,6016.2,6016.2
UNION AVENUE-EAST 163RD STREET,200,Common Areas/Lobbies,Building Common Area Finishes ,1327545.66,1442781.66
UNION AVENUE-EAST 163RD STREET,200,Common Areas/Lobbies,Building Common Areas - Bathroom,,341450.7
UNION AVENUE-EAST 163RD STREET,200,Common Areas/Lobbies,Interior Building Doors,637718.5,637718.5
UNION AVENUE-EAST 163RD STREET,200,Common Areas/Lobbies,Interior Building Stairs,,1378483.73
UNION AVENUE-EAST 163RD STREET,200,Common Areas/Lobbies,Non Residential Kitchen,422090.02,422090.02
UNION AVENUE-EAST 163RD STREET,200,Elevators,Elevators,,2926627.38
UNION AVENUE-EAST 163RD STREET,200,Fire Protection,Fire Sprinkler,,50593.08
UNION AVENUE-EAST 163RD STREET,200,Grounds,Building Exterior Walkways and Retaining Walls,18819.52,18819.52
UNION AVENUE-EAST 163RD STREET,200,Grounds,Open Spaces,,0
UNION AVENUE-EAST 163RD STREET,200,Grounds,Parking Lot,,654120
UNION AVENUE-EAST 163RD STREET,200,Grounds,Paving - Non-Vehicular Area,208550,208550
UNION AVENUE-EAST 163RD STREET,200,Grounds,Site Fences,531030,531030
UNION AVENUE-EAST 163RD STREET,200,Grounds,Site Lighting,54285,54285
UNION AVENUE-EAST 163RD STREET,200,Grounds,Stairs / Ramps,9584.7,9584.7
UNION AVENUE-EAST 163RD STREET,200,Heating,Common Spaces Radiator / Convector / Baseboard,,507487.91
UNION AVENUE-EAST 163RD STREET,200,Heating,Decarbonization,14005990.52,14005990.52
UNION AVENUE-EAST 163RD STREET,200,Interior Electrical/Lighting,Electrical System,187861.61,1522614.06
UNION AVENUE-EAST 163RD STREET,200,Interior Electrical/Lighting,Emergency and Exit Lighting and Panels,48167.2,48167.2
UNION AVENUE-EAST 163RD STREET,200,Lead Based Paint,Lead Based Paint,0,0
UNION AVENUE-EAST 163RD STREET,200,Plumbing,Domestic Water System,218728,218728
UNION AVENUE-EAST 163RD STREET,200,Roofs,Building Roof/Parapets/Misc,2655259.31,2655259.31
UNION AVENUE-EAST 163RD STREET,200,Safety And Security,Additional Security,745348.8,745348.8
UNION AVENUE-EAST 163RD STREET,200,Ventilation/Air Conditioning,Air Conditioning,105948.96,105948.96
UNION AVENUE-EAST 163RD STREET,200,Waste Management,Waste Infrastructure,2021228.89,2021228.89
UNION AVENUE-EAST 166TH STREET,120,Apartments,Apartment 504 Access,200000,200000
UNION AVENUE-EAST 166TH STREET,120,Apartments,Apartment Bathroom,7766445.12,7766445.12
UNION AVENUE-EAST 166TH STREET,120,Apartments,Apartment Entrance Doors,783134.4,783134.4
UNION AVENUE-EAST 166TH STREET,120,Apartments,Apartment Kitchen,4601874,4601874
UNION AVENUE-EAST 166TH STREET,120,Apartments,Apartment Renovation,10516698.94,13134097.04
UNION AVENUE-EAST 166TH STREET,120,Building Exterior/Facade/Window,Brickwork,5163.1,5163.1
UNION AVENUE-EAST 166TH STREET,120,Building Exterior/Facade/Window,Building Windows,3114907.88,4392835.42
UNION AVENUE-EAST 166TH STREET,120,Building Exterior/Facade/Window,Entrances/Exits,963148.45,963148.45
UNION AVENUE-EAST 166TH STREET,120,Building Exterior/Facade/Window,Foundations,95256,95256
UNION AVENUE-EAST 166TH STREET,120,Common Areas/Lobbies,Building Common Area Finishes ,926434.31,926434.31
UNION AVENUE-EAST 166TH STREET,120,Common Areas/Lobbies,Interior Building Doors,517404.95,517404.95
UNION AVENUE-EAST 166TH STREET,120,Common Areas/Lobbies,Interior Building Stairs,11040.24,4271808.13
UNION AVENUE-EAST 166TH STREET,120,Grounds,Building Exterior Walkways and Retaining Walls,45260.96,45260.96
UNION AVENUE-EAST 166TH STREET,120,Grounds,Fixed Site Equipment,2178.77,2178.77
UNION AVENUE-EAST 166TH STREET,120,Grounds,Landscaping,1720,1720
UNION AVENUE-EAST 166TH STREET,120,Grounds,Lighting - Exterior Security,428526.06,428526.06
UNION AVENUE-EAST 166TH STREET,120,Grounds,Open Spaces,,0
UNION AVENUE-EAST 166TH STREET,120,Grounds,Parking Lot,62565,62565
UNION AVENUE-EAST 166TH STREET,120,Grounds,Paving - Non-Vehicular Area,1129798.77,1129798.77
UNION AVENUE-EAST 166TH STREET,120,Grounds,Playgrounds,391545,391545
UNION AVENUE-EAST 166TH STREET,120,Grounds,Site Fences,789464.6,789464.6
UNION AVENUE-EAST 166TH STREET,120,Grounds,Site Lighting,126665,126665
UNION AVENUE-EAST 166TH STREET,120,Grounds,Stairs / Ramps,133964.04,233157.14
UNION AVENUE-EAST 166TH STREET,120,Heating,Common Spaces Radiator / Convector / Baseboard,,309653.64
UNION AVENUE-EAST 166TH STREET,120,Heating,Decarbonization,8445823.43,8445823.43
UNION AVENUE-EAST 166TH STREET,120,Heating,Heating System,27755.04,27755.04
UNION AVENUE-EAST 166TH STREET,120,Interior Electrical/Lighting,Electrical System,0,6680672.1
UNION AVENUE-EAST 166TH STREET,120,Interior Electrical/Lighting,Emergency and Exit Lighting and Panels,31091.43,31091.43
UNION AVENUE-EAST 166TH STREET,120,Interior Electrical/Lighting,Interior Lighting Fixture,712734.32,712734.32
UNION AVENUE-EAST 166TH STREET,120,Interior Electrical/Lighting,Telephone/Intercom,,444674.88
UNION AVENUE-EAST 166TH STREET,120,Lead Based Paint,Lead Based Paint,0,0
UNION AVENUE-EAST 166TH STREET,120,Plumbing,Building Drainage,132194.16,161570.64
UNION AVENUE-EAST 166TH STREET,120,Roofs,Building Roof/Parapets/Misc,8196124.54,11479799.71
UNION AVENUE-EAST 166TH STREET,120,Safety And Security,Additional Security,600000,600000
UNION AVENUE-EAST 166TH STREET,120,Ventilation/Air Conditioning,Exhaust Fan,2410.77,2410.77
UNION AVENUE-EAST 166TH STREET,120,Waste Management,Waste Infrastructure,1971007.76,1971007.76
"UNITY PLAZA (SITES 17,24,25A)",167,Apartments,Apartment 504 Access,400000,400000
"UNITY PLAZA (SITES 17,24,25A)",167,Apartments,Apartment Bathroom,8552335.4,8552335.4
"UNITY PLAZA (SITES 17,24,25A)",167,Apartments,Apartment Entrance Doors,1089862.04,1089862.04
"UNITY PLAZA (SITES 17,24,25A)",167,Apartments,Apartment Kitchen,6404274.65,6404274.65
"UNITY PLAZA (SITES 17,24,25A)",167,Apartments,Apartment Renovation,18859463.64,19996381.4
"UNITY PLAZA (SITES 17,24,25A)",167,Building Exterior/Facade/Window,Brickwork,555,1200555
"UNITY PLAZA (SITES 17,24,25A)",167,Building Exterior/Facade/Window,Building Windows,2640853.68,3925920.48
"UNITY PLAZA (SITES 17,24,25A)",167,Building Exterior/Facade/Window,Entrances/Exits,79125.03,79125.03
"UNITY PLAZA (SITES 17,24,25A)",167,Building Exterior/Facade/Window,Foundations,5259.85,5259.85
"UNITY PLAZA (SITES 17,24,25A)",167,Common Areas/Lobbies,Building Common Area Finishes ,1232506.48,1232506.48
"UNITY PLAZA (SITES 17,24,25A)",167,Common Areas/Lobbies,Building Common Areas - Bathroom,227633.8,227633.8
"UNITY PLAZA (SITES 17,24,25A)",167,Common Areas/Lobbies,Interior Building Doors,836203.5,836203.5
"UNITY PLAZA (SITES 17,24,25A)",167,Common Areas/Lobbies,Interior Building Stairs,,2631650.75
"UNITY PLAZA (SITES 17,24,25A)",167,Common Areas/Lobbies,Non Residential Kitchen,,422090.02
"UNITY PLAZA (SITES 17,24,25A)",167,Elevators,Elevators,4389941.07,4389941.07
"UNITY PLAZA (SITES 17,24,25A)",167,Grounds,Building Exterior Walkways and Retaining Walls,3381,3381
"UNITY PLAZA (SITES 17,24,25A)",167,Grounds,Fixed Site Equipment,1165.23,1165.23
"UNITY PLAZA (SITES 17,24,25A)",167,Grounds,Lighting - Exterior Security,157295.68,157295.68
"UNITY PLAZA (SITES 17,24,25A)",167,Grounds,Open Spaces,,1836255.73
"UNITY PLAZA (SITES 17,24,25A)",167,Grounds,Parking Lot,438353,438353
"UNITY PLAZA (SITES 17,24,25A)",167,Grounds,Paving - Non-Vehicular Area,821687,821687
"UNITY PLAZA (SITES 17,24,25A)",167,Grounds,Playgrounds,264826.8,264826.8
"UNITY PLAZA (SITES 17,24,25A)",167,Grounds,Site Fences,718660.6,718660.6
"UNITY PLAZA (SITES 17,24,25A)",167,Grounds,Site Lighting,27142.5,27142.5
"UNITY PLAZA (SITES 17,24,25A)",167,Grounds,Site Walls (Not Retaining Walls),481.6,481.6
"UNITY PLAZA (SITES 17,24,25A)",167,Grounds,Stairs / Ramps,65194.55,171306.65
"UNITY PLAZA (SITES 17,24,25A)",167,Heating,Common Spaces Radiator / Convector / Baseboard,,172029.8
"UNITY PLAZA (SITES 17,24,25A)",167,Heating,Decarbonization,11753770.94,11753770.94
"UNITY PLAZA (SITES 17,24,25A)",167,Interior Electrical/Lighting,Electrical System,,4057480.82
"UNITY PLAZA (SITES 17,24,25A)",167,Interior Electrical/Lighting,Emergency and Exit Lighting and Panels,,5552.18
"UNITY PLAZA (SITES 17,24,25A)",167,Interior Electrical/Lighting,Interior Lighting Fixture,723263.04,723263.04
"UNITY PLAZA (SITES 17,24,25A)",167,Lead Based Paint,Lead Based Paint,167000,167000
"UNITY PLAZA (SITES 17,24,25A)",167,Plumbing,Building Drainage,2622.53,2622.53
"UNITY PLAZA (SITES 17,24,25A)",167,Plumbing,Domestic Water System,,328092
"UNITY PLAZA (SITES 17,24,25A)",167,Plumbing,Underground Hydronic Piping,,312439.4
"UNITY PLAZA (SITES 17,24,25A)",167,Plumbing,Underground Natural Gas Piping,,55456.8
"UNITY PLAZA (SITES 17,24,25A)",167,Roofs,Building Roof/Parapets/Misc,3925268.61,3925268.61
"UNITY PLAZA (SITES 17,24,25A)",167,Safety And Security,Additional Security,1706229,1706229
"UNITY PLAZA (SITES 17,24,25A)",167,Waste Management,Waste Infrastructure,2258691.17,2258691.17
UNITY PLAZA (SITES 4-27),462,Apartments,Apartment 504 Access,1000000,1000000
UNITY PLAZA (SITES 4-27),462,Apartments,Apartment Bathroom,21727554.8,21727554.8
UNITY PLAZA (SITES 4-27),462,Apartments,Apartment Entrance Doors,3015067.44,3015067.44
UNITY PLAZA (SITES 4-27),462,Apartments,Apartment Kitchen,17640517,17640517
UNITY PLAZA (SITES 4-27),462,Apartments,Apartment Renovation,45576439.16,47803662.59
UNITY PLAZA (SITES 4-27),462,Building Exterior/Facade/Window,Brickwork,,2000000
UNITY PLAZA (SITES 4-27),462,Building Exterior/Facade/Window,Building Windows,13658887.28,13658887.28
UNITY PLAZA (SITES 4-27),462,Building Exterior/Facade/Window,Entrances/Exits,543714.31,543714.31
UNITY PLAZA (SITES 4-27),462,Building Exterior/Facade/Window,Foundations,71578.52,71578.52
UNITY PLAZA (SITES 4-27),462,Common Areas/Lobbies,Building Common Area Finishes ,3202452.65,3487595.54
UNITY PLAZA (SITES 4-27),462,Common Areas/Lobbies,Building Common Areas - Bathroom,113816.9,910535.2
UNITY PLAZA (SITES 4-27),462,Common Areas/Lobbies,Building Gymnasium,112617,112617
UNITY PLAZA (SITES 4-27),462,Common Areas/Lobbies,Interior Building Doors,2059949.25,2059949.25
UNITY PLAZA (SITES 4-27),462,Common Areas/Lobbies,Interior Building Stairs,,5764568.32
UNITY PLAZA (SITES 4-27),462,Common Areas/Lobbies,Non Residential Kitchen,,844180.04
UNITY PLAZA (SITES 4-27),462,Elevators,Elevators,19023077.97,19023077.97
UNITY PLAZA (SITES 4-27),462,Fire Protection,Fire Sprinkler,1506.29,1506.29
UNITY PLAZA (SITES 4-27),462,Grounds,Building Exterior Walkways and Retaining Walls,132685.14,140516.34
UNITY PLAZA (SITES 4-27),462,Grounds,Lighting - Exterior Security,774869.04,774869.04
UNITY PLAZA (SITES 4-27),462,Grounds,Open Spaces,,4813755.13
UNITY PLAZA (SITES 4-27),462,Grounds,Parking Lot,232914,232914
UNITY PLAZA (SITES 4-27),462,Grounds,Paving - Non-Vehicular Area,,4444200.5
UNITY PLAZA (SITES 4-27),462,Grounds,Playgrounds,899841.6,899841.6
UNITY PLAZA (SITES 4-27),462,Grounds,Site Fences,1125783.6,1125783.6
UNITY PLAZA (SITES 4-27),462,Grounds,Site Lighting,787132.5,787132.5
UNITY PLAZA (SITES 4-27),462,Grounds,Site Walls (Not Retaining Walls),10113.6,10113.6
UNITY PLAZA (SITES 4-27),462,Grounds,Stairs / Ramps,183590.33,433431.51
UNITY PLAZA (SITES 4-27),462,Grounds,Storm Piping,10060.44,10060.44
UNITY PLAZA (SITES 4-27),462,Heating,Common Spaces Radiator / Convector / Baseboard,,524690.89
UNITY PLAZA (SITES 4-27),462,Heating,Decarbonization,32446038.35,32446038.35
UNITY PLAZA (SITES 4-27),462,Interior Electrical/Lighting,Electrical System,624490.99,10038385.44
UNITY PLAZA (SITES 4-27),462,Interior Electrical/Lighting,Emergency and Exit Lighting and Panels,37293.66,37293.66
UNITY PLAZA (SITES 4-27),462,Interior Electrical/Lighting,Interior Lighting Fixture,1823495.83,1831903.19
UNITY PLAZA (SITES 4-27),462,Lead Based Paint,Lead Based Paint,629731.26,629731.26
UNITY PLAZA (SITES 4-27),462,Plumbing,Building Drainage,98619.56,98619.56
UNITY PLAZA (SITES 4-27),462,Plumbing,Building Sewage System,433036.12,433036.12
UNITY PLAZA (SITES 4-27),462,Plumbing,Domestic Water System,,328092
UNITY PLAZA (SITES 4-27),462,Plumbing,Underground Hydronic Piping,,267805.2
UNITY PLAZA (SITES 4-27),462,Plumbing,Underground Natural Gas Piping,,73942.4
UNITY PLAZA (SITES 4-27),462,Roofs,Building Roof/Parapets/Misc,8686869.37,8686869.37
UNITY PLAZA (SITES 4-27),462,Safety And Security,Additional Security,4613095.2,4613095.2
UNITY PLAZA (SITES 4-27),462,Safety And Security,Intrusion Alarm,107323.29,214646.58
UNITY PLAZA (SITES 4-27),462,Ventilation/Air Conditioning,Building Ductwork,786.54,786.54
UNITY PLAZA (SITES 4-27),462,Ventilation/Air Conditioning,Exhaust Fan,6026.92,6026.92
UNITY PLAZA (SITES 4-27),462,Waste Management,Garbage Chute,4377.6,4377.6
UNITY PLAZA (SITES 4-27),462,Waste Management,Waste Infrastructure,2901638.9,2901638.9
UNIVERSITY AVENUE REHAB,230,Apartments,Apartment 504 Access,600000,600000
UNIVERSITY AVENUE REHAB,230,Apartments,Apartment Bathroom,13175219.4,13175219.4
UNIVERSITY AVENUE REHAB,230,Apartments,Apartment Entrance Doors,1501007.6,1501007.6
UNIVERSITY AVENUE REHAB,230,Apartments,Apartment Kitchen,8781909.55,8781909.55
UNIVERSITY AVENUE REHAB,230,Apartments,Apartment Renovation,18285036.33,18947443.95
UNIVERSITY AVENUE REHAB,230,Building Exterior/Facade/Window,Brickwork,2269.6,3879011.86
UNIVERSITY AVENUE REHAB,230,Building Exterior/Facade/Window,Building Windows,10851831,10851831
UNIVERSITY AVENUE REHAB,230,Building Exterior/Facade/Window,Entrances/Exits,440524.18,440524.18
UNIVERSITY AVENUE REHAB,230,Building Exterior/Facade/Window,Foundations,74491.4,74491.4
UNIVERSITY AVENUE REHAB,230,Common Areas/Lobbies,Building Common Area Finishes ,2651640.35,2703886.52
UNIVERSITY AVENUE REHAB,230,Common Areas/Lobbies,Building Common Areas - Bathroom,284542.25,512176.05
UNIVERSITY AVENUE REHAB,230,Common Areas/Lobbies,Interior Building Doors,767338.4,782618.15
UNIVERSITY AVENUE REHAB,230,Common Areas/Lobbies,Interior Building Stairs,,4072792.83
UNIVERSITY AVENUE REHAB,230,Elevators,Elevators,,7316568.45
UNIVERSITY AVENUE REHAB,230,Fire Protection,Fire Sprinkler,0,0
UNIVERSITY AVENUE REHAB,230,Grounds,Building Exterior Walkways and Retaining Walls,3810,3810
UNIVERSITY AVENUE REHAB,230,Grounds,Fixed Site Equipment,4660.92,4660.92
UNIVERSITY AVENUE REHAB,230,Grounds,Landscaping,1002.7,1002.7
UNIVERSITY AVENUE REHAB,230,Grounds,Lighting - Exterior Security,369823.86,369823.86
UNIVERSITY AVENUE REHAB,230,Grounds,Open Spaces,,0
UNIVERSITY AVENUE REHAB,230,Grounds,Paving - Non-Vehicular Area,500520,500520
UNIVERSITY AVENUE REHAB,230,Grounds,Playgrounds,56952,56952
UNIVERSITY AVENUE REHAB,230,Grounds,Site Fences,708040,708040
UNIVERSITY AVENUE REHAB,230,Grounds,Stairs / Ramps,29865.7,58997.8
UNIVERSITY AVENUE REHAB,230,Grounds,Storm Piping,278438,278438
UNIVERSITY AVENUE REHAB,230,Heating,Decarbonization,23826105.34,23826105.34
UNIVERSITY AVENUE REHAB,230,Interior Electrical/Lighting,Electrical System,375723.22,5653629.92
UNIVERSITY AVENUE REHAB,230,Interior Electrical/Lighting,Emergency and Exit Lighting and Panels,20847.2,26609.46
UNIVERSITY AVENUE REHAB,230,Interior Electrical/Lighting,Interior Lighting Fixture,914781.2,914781.2
UNIVERSITY AVENUE REHAB,230,Lead Based Paint,Lead Based Paint,0,0
UNIVERSITY AVENUE REHAB,230,Plumbing,Building Drainage,549855,549855
UNIVERSITY AVENUE REHAB,230,Plumbing,Building Sewage System,2016135,3260484
UNIVERSITY AVENUE REHAB,230,Plumbing,Domestic Water System,,9304015
UNIVERSITY AVENUE REHAB,230,Plumbing,Gas Risers,,3565869
UNIVERSITY AVENUE REHAB,230,Plumbing,Underground Hydronic Piping,1673782.5,1673782.5
UNIVERSITY AVENUE REHAB,230,Roofs,Building Roof/Parapets/Misc,6478283.93,6478283.93
UNIVERSITY AVENUE REHAB,230,Safety And Security,Additional Security,2307429.6,2307429.6
UNIVERSITY AVENUE REHAB,230,Safety And Security,CCTV,,1122247.84
UNIVERSITY AVENUE REHAB,230,Safety And Security,Intrusion Alarm,,214646.58
UNIVERSITY AVENUE REHAB,230,Ventilation/Air Conditioning,Air Conditioning,,114655.34
UNIVERSITY AVENUE REHAB,230,Waste Management,Interior Compactor,319133.45,319133.45
UNIVERSITY AVENUE REHAB,230,Waste Management,Waste Infrastructure,1988367.54,1988367.54
UPACA (SITE 5),200,Apartments,Apartment 504 Access,400000,400000
UPACA (SITE 5),200,Apartments,Apartment Bathroom,9199539.16,9199539.16
UPACA (SITE 5),200,Apartments,Apartment Entrance Doors,1305224,1305224
UPACA (SITE 5),200,Apartments,Apartment Kitchen,7631441.05,7631441.05
UPACA (SITE 5),200,Apartments,Apartment Renovation,15041386.25,15041386.25
UPACA (SITE 5),200,Building Exterior/Facade/Window,Brickwork,,400000
UPACA (SITE 5),200,Building Exterior/Facade/Window,Building Windows,3527201.23,3527201.23
UPACA (SITE 5),200,Building Exterior/Facade/Window,Entrances/Exits,169608.62,169608.62
UPACA (SITE 5),200,Building Exterior/Facade/Window,Foundations,178110,178110
UPACA (SITE 5),200,Common Areas/Lobbies,Building Common Area Finishes ,1410224.58,1410224.58
UPACA (SITE 5),200,Common Areas/Lobbies,Building Common Areas - Bathroom,341450.7,398359.15
UPACA (SITE 5),200,Common Areas/Lobbies,Interior Building Doors,782921.65,782921.65
UPACA (SITE 5),200,Common Areas/Lobbies,Interior Building Stairs,,1566458.78
UPACA (SITE 5),200,Common Areas/Lobbies,Non Residential Kitchen,422090.02,422090.02
UPACA (SITE 5),200,Elevators,Elevators,2926627.38,2926627.38
UPACA (SITE 5),200,Fire Protection,Fire Alarm,179054.31,179054.31
UPACA (SITE 5),200,Fire Protection,Fire Sprinkler,,50593.08
UPACA (SITE 5),200,Grounds,Building Exterior Walkways and Retaining Walls,29123.16,30428.36
UPACA (SITE 5),200,Grounds,Landscaping,4336,4336
UPACA (SITE 5),200,Grounds,Lighting - Exterior Security,140885.28,140885.28
UPACA (SITE 5),200,Grounds,Open Spaces,,881763
UPACA (SITE 5),200,Grounds,Parking Lot,610512,610512
UPACA (SITE 5),200,Grounds,Paving - Non-Vehicular Area,371219,371219
UPACA (SITE 5),200,Grounds,Site Fences,477927,477927
UPACA (SITE 5),200,Grounds,Site Lighting,126665,126665
UPACA (SITE 5),200,Heating,Common Spaces Radiator / Convector / Baseboard,,301052.15
UPACA (SITE 5),200,Heating,Decarbonization,0,0
UPACA (SITE 5),200,Heating,Heating System,101651.16,7073152.84
UPACA (SITE 5),200,Heating,Hot Water Heat Exchanger,,184531.01
UPACA (SITE 5),200,Interior Electrical/Lighting,Electrical System,375723.22,2612952.1
UPACA (SITE 5),200,Interior Electrical/Lighting,Emergency and Exit Lighting and Panels,25977.26,27968.04
UPACA (SITE 5),200,Interior Electrical/Lighting,Interior Lighting Fixture,625738.57,638561.11
UPACA (SITE 5),200,Interior Electrical/Lighting,Telephone/Intercom,,74112.48
UPACA (SITE 5),200,Lead Based Paint,Lead Based Paint,0,0
UPACA (SITE 5),200,Plumbing,Domestic Hot Water System,167080.72,167080.72
UPACA (SITE 5),200,Plumbing,Domestic Water System,109364,109364
UPACA (SITE 5),200,Roofs,Building Roof/Parapets/Misc,2055955.6,2055955.6
UPACA (SITE 5),200,Safety And Security,Additional Security,745348.8,745348.8
UPACA (SITE 5),200,Safety And Security,CCTV,,280561.96
UPACA (SITE 5),200,Safety And Security,Intrusion Alarm,,107323.29
UPACA (SITE 5),200,Ventilation/Air Conditioning,Air Conditioning,3101.17,3101.17
UPACA (SITE 5),200,Ventilation/Air Conditioning,Exhaust Fan,3616.15,3616.15
UPACA (SITE 5),200,Waste Management,Waste Infrastructure,2021228.89,2021228.89
UPACA (SITE 6),150,Apartments,Apartment 504 Access,400000,400000
UPACA (SITE 6),150,Apartments,Apartment Bathroom,6934326,6934326
UPACA (SITE 6),150,Apartments,Apartment Entrance Doors,978918,978918
UPACA (SITE 6),150,Apartments,Apartment Kitchen,5752342.5,5752342.5
UPACA (SITE 6),150,Apartments,Apartment Renovation,10303773.69,10303773.69
UPACA (SITE 6),150,Building Exterior/Facade/Window,Brickwork,,3115117.47
UPACA (SITE 6),150,Building Exterior/Facade/Window,Building Windows,3124741.53,3124741.53
UPACA (SITE 6),150,Building Exterior/Facade/Window,Entrances/Exits,110343.81,110343.81
UPACA (SITE 6),150,Building Exterior/Facade/Window,Foundations,90576.45,90576.45
UPACA (SITE 6),150,Common Areas/Lobbies,Building Common Area Finishes ,908062.61,908062.61
UPACA (SITE 6),150,Common Areas/Lobbies,Building Common Areas - Bathroom,,284542.25
UPACA (SITE 6),150,Common Areas/Lobbies,Interior Building Doors,584072.45,584072.45
UPACA (SITE 6),150,Common Areas/Lobbies,Interior Building Stairs,,1566458.78
UPACA (SITE 6),150,Elevators,Elevators,,2964901.35
UPACA (SITE 6),150,Fire Protection,Fire Sprinkler,,50593.08
UPACA (SITE 6),150,Grounds,Building Exterior Walkways and Retaining Walls,24972.5,24972.5
UPACA (SITE 6),150,Grounds,Lighting - Exterior Security,135015.06,135015.06
UPACA (SITE 6),150,Grounds,Open Spaces,,766882
UPACA (SITE 6),150,Grounds,Parking Lot,492576,492576
UPACA (SITE 6),150,Grounds,Paving - Non-Vehicular Area,336599.7,336599.7
UPACA (SITE 6),150,Grounds,Site Fences,421283.8,421283.8
UPACA (SITE 6),150,Grounds,Site Lighting,126665,126665
UPACA (SITE 6),150,Grounds,Stairs / Ramps,48389.5,88325.75
UPACA (SITE 6),150,Heating,Common Spaces Radiator / Convector / Baseboard,,129022.35
UPACA (SITE 6),150,Heating,Decarbonization,6976875.44,6976875.44
UPACA (SITE 6),150,Interior Electrical/Lighting,Electrical System,,2460404.14
UPACA (SITE 6),150,Interior Electrical/Lighting,Emergency and Exit Lighting and Panels,111498.61,111498.61
UPACA (SITE 6),150,Interior Electrical/Lighting,Interior Lighting Fixture,348786.42,348786.42
UPACA (SITE 6),150,Interior Electrical/Lighting,Telephone/Intercom,,74112.48
UPACA (SITE 6),150,Lead Based Paint,Lead Based Paint,0,0
UPACA (SITE 6),150,Plumbing,Building Sewage System,157467.68,157467.68
UPACA (SITE 6),150,Plumbing,Domestic Hot Water System,159638.66,159638.66
UPACA (SITE 6),150,Plumbing,Domestic Water System,,109364
UPACA (SITE 6),150,Roofs,Building Roof/Parapets/Misc,1513990.66,1513990.66
UPACA (SITE 6),150,Safety And Security,Additional Security,745348.8,745348.8
UPACA (SITE 6),150,Ventilation/Air Conditioning,Air Conditioning,30538.67,30538.67
UPACA (SITE 6),150,Ventilation/Air Conditioning,Exhaust Fan,3856.17,3856.17
UPACA (SITE 6),150,Waste Management,Waste Infrastructure,2249274.65,2249274.65
VAN DYKE I,1603,Apartments,Apartment 504 Access,3800000,3800000
VAN DYKE I,1603,Apartments,Apartment Bathroom,74289745.88,74289745.88
VAN DYKE I,1603,Apartments,Apartment Entrance Doors,10461370.36,10461370.36
VAN DYKE I,1603,Apartments,Apartment Kitchen,61319971.05,61319971.05
VAN DYKE I,1603,Apartments,Apartment Renovation,110679238.9,123521159.1
VAN DYKE I,1603,Building Exterior/Facade/Window,Brickwork,2512,5202512
VAN DYKE I,1603,Building Exterior/Facade/Window,Building Loading Dock,1285.3,1285.3
VAN DYKE I,1603,Building Exterior/Facade/Window,Building Windows,70683396.85,70683396.85
VAN DYKE I,1603,Building Exterior/Facade/Window,Entrances/Exits,6437.2,6437.2
VAN DYKE I,1603,Building Exterior/Facade/Window,Foundations,209188.7,209188.7
VAN DYKE I,1603,Common Areas/Lobbies,Building Common Area Finishes ,8562103.88,8720182.11
VAN DYKE I,1603,Common Areas/Lobbies,Building Common Areas - Bathroom,1081260.55,2276338
VAN DYKE I,1603,Common Areas/Lobbies,Building Gymnasium,633937.26,633937.26
VAN DYKE I,1603,Common Areas/Lobbies,Building Locker Room and Shower,8392,8392
VAN DYKE I,1603,Common Areas/Lobbies,Interior Building Doors,5852714.05,5852714.05
VAN DYKE I,1603,Common Areas/Lobbies,Interior Building Stairs,,26567140.93
VAN DYKE I,1603,Common Areas/Lobbies,Non Residential Kitchen,2609652.9,3453832.94
VAN DYKE I,1603,Elevators,Elevators,38046155.94,38046155.94
VAN DYKE I,1603,Fire Protection,Fire Alarm,,175669.98
VAN DYKE I,1603,Fire Protection,Fire Sprinkler,,756296
VAN DYKE I,1603,Fire Protection,Standpipe System,,1655037.36
VAN DYKE I,1603,Grounds,Building Exterior Walkways and Retaining Walls,208323.82,407366.82
VAN DYKE I,1603,Grounds,Fixed Site Equipment,15792.91,15792.91
VAN DYKE I,1603,Grounds,Landscaping,29412,29412
VAN DYKE I,1603,Grounds,Lighting - Exterior Security,820176.2,820176.2
VAN DYKE I,1603,Grounds,Open Spaces,,15581885.7
VAN DYKE I,1603,Grounds,Parking Lot,4942478.5,4942478.5
VAN DYKE I,1603,Grounds,Paving - Non-Vehicular Area,9739326.71,9739326.71
VAN DYKE I,1603,Grounds,Playgrounds,384426,384426
VAN DYKE I,1603,Grounds,Site Fences,5398805,5398805
VAN DYKE I,1603,Grounds,Site Walls (Not Retaining Walls),23058.6,23058.6
VAN DYKE I,1603,Grounds,Stairs / Ramps,274556.95,1929515.15
VAN DYKE I,1603,Grounds,Storm Piping,,4455008
VAN DYKE I,1603,Heating,Building Steam Piping,72172027.06,73147379.74
VAN DYKE I,1603,Heating,Common Spaces Radiator / Convector / Baseboard,,326856.62
VAN DYKE I,1603,Heating,Decarbonization,0,0
VAN DYKE I,1603,Heating,Heating System,17334580.28,17740628.63
VAN DYKE I,1603,Heating,Underground Steam and Condensate Return Piping,20257813,20257813
VAN DYKE I,1603,Interior Electrical/Lighting,Electrical System,2131373.21,22243684.83
VAN DYKE I,1603,Interior Electrical/Lighting,Emergency and Exit Lighting and Panels,43581.61,50904.07
VAN DYKE I,1603,Interior Electrical/Lighting,Interior Lighting Fixture,4629913.18,5012575.84
VAN DYKE I,1603,Interior Electrical/Lighting,Telephone/Intercom,,1482249.6
VAN DYKE I,1603,Interior Electrical/Lighting,Transformer,159448.63,159448.63
VAN DYKE I,1603,Lead Based Paint,Lead Based Paint,24142370.97,24142370.97
VAN DYKE I,1603,Plumbing,Building Drainage,279076.56,2188931.7
VAN DYKE I,1603,Plumbing,Building Sewage System,0,8702005.23
VAN DYKE I,1603,Plumbing,Domestic Hot Water System,1025628.36,1144701.32
VAN DYKE I,1603,Plumbing,Domestic Water System,112666.53,112666.53
VAN DYKE I,1603,Plumbing,Gas Risers,9709.59,15182132.59
VAN DYKE I,1603,Plumbing,Roof Tank,1949435.76,1949435.76
VAN DYKE I,1603,Plumbing,Underground Hydronic Piping,12943918,12943918
VAN DYKE I,1603,Plumbing,Underground Natural Gas Piping,1497333.6,1497333.6
VAN DYKE I,1603,Roofs,Building Roof/Parapets/Misc,23171901.35,23171901.35
VAN DYKE I,1603,Safety And Security,Additional Security,12128970,12128970
VAN DYKE I,1603,Safety And Security,Intrusion Alarm,,107323.29
VAN DYKE I,1603,Ventilation/Air Conditioning,Air Conditioning,39855.27,39855.27
VAN DYKE I,1603,Ventilation/Air Conditioning,Building Ductwork,430.85,430.85
VAN DYKE I,1603,Ventilation/Air Conditioning,Exhaust Fan,2890.8,2890.8
VAN DYKE I,1603,Waste Management,Garbage Chute,5178.72,5178.72
VAN DYKE I,1603,Waste Management,Waste Infrastructure,4906979.81,4906979.81
VAN DYKE II,112,Apartments,Apartment 504 Access,200000,200000
VAN DYKE II,112,Apartments,Apartment Bathroom,5177630.08,5177630.08
VAN DYKE II,112,Apartments,Apartment Entrance Doors,730925.44,730925.44
VAN DYKE II,112,Apartments,Apartment Kitchen,4295082.4,4295082.4
VAN DYKE II,112,Apartments,Apartment Renovation,8500469.19,8585358.14
VAN DYKE II,112,Building Exterior/Facade/Window,Brickwork,2441659.93,2441659.93
VAN DYKE II,112,Building Exterior/Facade/Window,Building Windows,3004758,3004758
VAN DYKE II,112,Common Areas/Lobbies,Building Common Area Finishes ,775765.41,775765.41
VAN DYKE II,112,Common Areas/Lobbies,Building Common Areas - Bathroom,,227633.8
VAN DYKE II,112,Common Areas/Lobbies,Interior Building Doors,441127.6,441127.6
VAN DYKE II,112,Common Areas/Lobbies,Interior Building Stairs,,1754433.84
VAN DYKE II,112,Common Areas/Lobbies,Non Residential Kitchen,,422090.02
VAN DYKE II,112,Elevators,Elevators,2926627.38,2926627.38
VAN DYKE II,112,Fire Protection,Standpipe System,27102.46,27102.46
VAN DYKE II,112,Grounds,Building Exterior Walkways and Retaining Walls,39259.7,57532.5
VAN DYKE II,112,Grounds,Landscaping,602,602
VAN DYKE II,112,Grounds,Lighting - Exterior Security,4669.96,4669.96
VAN DYKE II,112,Grounds,Open Spaces,,1171369.8
VAN DYKE II,112,Grounds,Parking Lot,343413,343413
VAN DYKE II,112,Grounds,Paving - Non-Vehicular Area,571427,571427
VAN DYKE II,112,Grounds,Site Fences,566432,566432
VAN DYKE II,112,Grounds,Stairs / Ramps,3412.4,35361.4
VAN DYKE II,112,Heating,Building Steam Piping,24091.64,3758036.7
VAN DYKE II,112,Heating,Common Spaces Radiator / Convector / Baseboard,,163428.31
VAN DYKE II,112,Heating,Decarbonization,0,0
VAN DYKE II,112,Heating,Underground Steam and Condensate Return Piping,345865.1,345865.1
VAN DYKE II,112,Interior Electrical/Lighting,Electrical System,601721.82,1046048.38
VAN DYKE II,112,Interior Electrical/Lighting,Emergency and Exit Lighting and Panels,23988.44,23988.44
VAN DYKE II,112,Interior Electrical/Lighting,Interior Lighting Fixture,150153.92,150153.92
VAN DYKE II,112,Lead Based Paint,Lead Based Paint,112000,112000
VAN DYKE II,112,Plumbing,Building Sewage System,39366.92,39366.92
VAN DYKE II,112,Plumbing,Domestic Hot Water System,68753.06,68753.06
VAN DYKE II,112,Plumbing,Underground Hydronic Piping,89268.4,89268.4
VAN DYKE II,112,Plumbing,Underground Natural Gas Piping,36971.2,36971.2
VAN DYKE II,112,Roofs,Building Roof/Parapets/Misc,463546.14,1296664.12
VAN DYKE II,112,Safety And Security,Additional Security,745348.8,745348.8
VAN DYKE II,112,Ventilation/Air Conditioning,Air Conditioning,,171983.01
VAN DYKE II,112,Ventilation/Air Conditioning,Exhaust Fan,2410.77,2410.77
VAN DYKE II,112,Waste Management,Waste Infrastructure,84940.69,84940.69
VANDALIA AVENUE,293,Apartments,Apartment 504 Access,600000,600000
VANDALIA AVENUE,293,Apartments,Apartment Bathroom,13498821.28,13498821.28
VANDALIA AVENUE,293,Apartments,Apartment Entrance Doors,1912153.16,1912153.16
VANDALIA AVENUE,293,Apartments,Apartment Kitchen,11197893.4,11197893.4
VANDALIA AVENUE,293,Apartments,Apartment Renovation,23627685.17,24875820.03
VANDALIA AVENUE,293,Building Exterior/Facade/Window,Brickwork,4867869.87,4967869.87
VANDALIA AVENUE,293,Building Exterior/Facade/Window,Building Windows,8022508.93,8165294.13
VANDALIA AVENUE,293,Building Exterior/Facade/Window,Entrances/Exits,318733.48,318733.48
VANDALIA AVENUE,293,Building Exterior/Facade/Window,Foundations,25160.59,25160.59
VANDALIA AVENUE,293,Common Areas/Lobbies,Building Common Area Finishes ,2183573.4,2183573.4
VANDALIA AVENUE,293,Common Areas/Lobbies,Building Common Areas - Bathroom,284542.25,512176.05
VANDALIA AVENUE,293,Common Areas/Lobbies,Interior Building Doors,1157594.2,1157594.2
VANDALIA AVENUE,293,Common Areas/Lobbies,Interior Building Stairs,,1253167.03
VANDALIA AVENUE,293,Common Areas/Lobbies,Non Residential Kitchen,1266270.06,1266270.06
VANDALIA AVENUE,293,Elevators,Elevators,5853254.76,5853254.76
VANDALIA AVENUE,293,Fire Protection,Fire Alarm,169218.48,169218.48
VANDALIA AVENUE,293,Fire Protection,Standpipe System,1935.89,1935.89
VANDALIA AVENUE,293,Grounds,Building Exterior Walkways and Retaining Walls,198500.9,198500.9
VANDALIA AVENUE,293,Grounds,Fixed Site Equipment,26145.24,26145.24
VANDALIA AVENUE,293,Grounds,Lighting - Exterior Security,293511,293511
VANDALIA AVENUE,293,Grounds,Open Spaces,,1305623.44
VANDALIA AVENUE,293,Grounds,Parking Lot,1945021.55,1945021.55
VANDALIA AVENUE,293,Grounds,Paving - Non-Vehicular Area,337851,337851
VANDALIA AVENUE,293,Grounds,Site Fences,761143,761143
VANDALIA AVENUE,293,Grounds,Site Lighting,280472.5,280472.5
VANDALIA AVENUE,293,Grounds,Stairs / Ramps,24968.1,45415.46
VANDALIA AVENUE,293,Heating,Common Spaces Radiator / Convector / Baseboard,567698.34,1212810.09
VANDALIA AVENUE,293,Heating,Decarbonization,20199594.38,20199594.38
VANDALIA AVENUE,293,Interior Electrical/Lighting,Electrical System,1613974.52,6139886.59
VANDALIA AVENUE,293,Interior Electrical/Lighting,Emergency and Exit Lighting and Panels,146698.8,146698.8
VANDALIA AVENUE,293,Interior Electrical/Lighting,Interior Lighting Fixture,1093033.62,1093033.62
VANDALIA AVENUE,293,Interior Electrical/Lighting,PA System,,21667.7
VANDALIA AVENUE,293,Interior Electrical/Lighting,Telephone/Intercom,,148224.96
VANDALIA AVENUE,293,Lead Based Paint,Lead Based Paint,0,0
VANDALIA AVENUE,293,Plumbing,Building Sewage System,39366.92,39366.92
VANDALIA AVENUE,293,Plumbing,Domestic Water System,109364,109364
VANDALIA AVENUE,293,Roofs,Building Roof/Parapets/Misc,4793529.08,5158399.33
VANDALIA AVENUE,293,Safety And Security,Additional Security,1554084,1554084
VANDALIA AVENUE,293,Safety And Security,CCTV,4410.17,284972.13
VANDALIA AVENUE,293,Safety And Security,Intrusion Alarm,107323.29,107323.29
VANDALIA AVENUE,293,Ventilation/Air Conditioning,Air Conditioning,7317.87,121973.21
VANDALIA AVENUE,293,Waste Management,Garbage Chute,852,852
VANDALIA AVENUE,293,Waste Management,Waste Infrastructure,2106169.58,2106169.58
VLADECK,1531,Apartments,Apartment 504 Access,3600000,3600000
VLADECK,1531,Apartments,Apartment Bathroom,70961269.4,70961269.4
VLADECK,1531,Apartments,Apartment Entrance Doors,9599922.52,9599922.52
VLADECK,1531,Apartments,Apartment Kitchen,58520497.7,58520497.7
VLADECK,1531,Apartments,Apartment Renovation,89375680.57,97220701.03
VLADECK,1531,Building Exterior/Facade/Window,Brickwork,2439,53537284.19
VLADECK,1531,Building Exterior/Facade/Window,Building Windows,62744648.7,62744648.7
VLADECK,1531,Building Exterior/Facade/Window,Entrances/Exits,2177562.4,2177562.4
VLADECK,1531,Building Exterior/Facade/Window,Foundations,46863.7,46863.7
VLADECK,1531,Common Areas/Lobbies,Building Common Area Finishes ,5030330.08,5030330.08
VLADECK,1531,Common Areas/Lobbies,Building Common Areas - Bathroom,56908.45,398359.15
VLADECK,1531,Common Areas/Lobbies,Interior Building Doors,2216686.7,2216686.7
VLADECK,1531,Common Areas/Lobbies,Interior Building Stairs,,23058273.26
VLADECK,1531,Common Areas/Lobbies,Non Residential Kitchen,422090.02,844180.04
VLADECK,1531,Elevators,Elevators,57075006.18,67318202.01
VLADECK,1531,Grounds,Building Exterior Walkways and Retaining Walls,64785.46,75227.06
VLADECK,1531,Grounds,Landscaping,4674.75,4674.75
VLADECK,1531,Grounds,Lighting - Exterior Security,1491035.88,1491035.88
VLADECK,1531,Grounds,Open Spaces,,0
VLADECK,1531,Grounds,Parking Lot,135557.5,135557.5
VLADECK,1531,Grounds,Paving - Non-Vehicular Area,7593931.15,7593931.15
VLADECK,1531,Grounds,Playgrounds,389172,389172
VLADECK,1531,Grounds,Site Fences,7310513,7310513
VLADECK,1531,Grounds,Stairs / Ramps,444357.85,1025829.65
VLADECK,1531,Grounds,Storm Piping,2784380,2784380
VLADECK,1531,Heating,Decarbonization,158240774.7,158240774.7
VLADECK,1531,Interior Electrical/Lighting,Electrical System,2570728.6,15549736.73
VLADECK,1531,Interior Electrical/Lighting,Emergency and Exit Lighting and Panels,158919.15,158919.15
VLADECK,1531,Lead Based Paint,Lead Based Paint,9406940.93,9406940.93
VLADECK,1531,Plumbing,Building Drainage,2376615.54,2376615.54
VLADECK,1531,Plumbing,Building Sewage System,5691732.39,5691732.39
VLADECK,1531,Plumbing,Domestic Water System,,28323298.1
VLADECK,1531,Plumbing,Underground Hydronic Piping,4641956.8,4641956.8
VLADECK,1531,Plumbing,Underground Natural Gas Piping,1386420,1386420
VLADECK,1531,Roofs,Building Roof/Parapets/Misc,23554351.08,23554351.08
VLADECK,1531,Safety And Security,Additional Security,14047114.2,14047114.2
VLADECK,1531,Safety And Security,Intrusion Alarm,107323.29,107323.29
VLADECK,1531,Ventilation/Air Conditioning,Air Conditioning,61077.34,345522.7
VLADECK,1531,Waste Management,Garbage Chute,699045.48,699045.48
VLADECK,1531,Waste Management,Waste Infrastructure,5270687.09,5270687.09
VLADECK II,240,Apartments,Apartment 504 Access,600000,600000
VLADECK II,240,Apartments,Apartment Bathroom,11279836.96,11279836.96
VLADECK II,240,Apartments,Apartment Entrance Doors,1566268.8,1566268.8
VLADECK II,240,Apartments,Apartment Kitchen,9088701.15,9088701.15
VLADECK II,240,Apartments,Apartment Renovation,15574287.8,16740873.38
VLADECK II,240,Building Exterior/Facade/Window,Brickwork,2198,10709167.04
VLADECK II,240,Building Exterior/Facade/Window,Building Windows,10414523.55,10414523.55
VLADECK II,240,Building Exterior/Facade/Window,Entrances/Exits,474741.46,474741.46
VLADECK II,240,Building Exterior/Facade/Window,Foundations,32833.25,32833.25
VLADECK II,240,Common Areas/Lobbies,Building Common Area Finishes ,1004103.92,1004103.92
VLADECK II,240,Common Areas/Lobbies,Building Common Areas - Bathroom,284542.25,625992.95
VLADECK II,240,Common Areas/Lobbies,Interior Building Doors,425514,425514
VLADECK II,240,Common Areas/Lobbies,Interior Building Stairs,,2506334.05
VLADECK II,240,Common Areas/Lobbies,Non Residential Kitchen,422090.02,422090.02
VLADECK II,240,Elevators,Elevators,18941.17,11725450.69
VLADECK II,240,Grounds,Building Exterior Walkways and Retaining Walls,175379.22,175379.22
VLADECK II,240,Grounds,Landscaping,4471.5,4471.5
VLADECK II,240,Grounds,Lighting - Exterior Security,311121.66,311121.66
VLADECK II,240,Grounds,Open Spaces,,311809
VLADECK II,240,Grounds,Parking Lot,539649,539649
VLADECK II,240,Grounds,Stairs / Ramps,137574,684089.3
VLADECK II,240,Grounds,Storm Piping,6237220.41,6237220.41
VLADECK II,240,Heating,Decarbonization,24805869.33,24805869.33
VLADECK II,240,Heating,Hot Water System,,220836
VLADECK II,240,Interior Electrical/Lighting,Electrical System,942131.39,4591398.68
VLADECK II,240,Interior Electrical/Lighting,Emergency and Exit Lighting and Panels,5025.51,32046.72
VLADECK II,240,Lead Based Paint,Lead Based Paint,1142497.5,1142497.5
VLADECK II,240,Plumbing,Building Drainage,410660.16,410660.16
VLADECK II,240,Plumbing,Building Sewage System,1654984.84,1654984.84
VLADECK II,240,Plumbing,Domestic Water System,,11368099
VLADECK II,240,Plumbing,Gas Risers,,3006517
VLADECK II,240,Plumbing,Underground Hydronic Piping,2454881,2454881
VLADECK II,240,Plumbing,Underground Natural Gas Piping,887308.8,887308.8
VLADECK II,240,Roofs,Building Roof/Parapets/Misc,4044925.15,4044925.15
VLADECK II,240,Safety And Security,Additional Security,2897928.6,2897928.6
VLADECK II,240,Safety And Security,Intrusion Alarm,1909.92,109233.21
VLADECK II,240,Waste Management,Waste Infrastructure,2529014.8,2529014.8
WAGNER,2162,Apartments,Apartment 504 Access,5000000,5000000
WAGNER,2162,Apartments,Apartment Bathroom,99345777.16,99345777.16
WAGNER,2162,Apartments,Apartment Entrance Doors,14109471.44,14109471.44
WAGNER,2162,Apartments,Apartment Kitchen,82411893.55,82411893.55
WAGNER,2162,Apartments,Apartment Renovation,195100923,218607286.4
WAGNER,2162,Building Exterior/Facade/Window,Brickwork,16467,87802548.81
WAGNER,2162,Building Exterior/Facade/Window,Building Windows,90285572.38,90285572.38
WAGNER,2162,Building Exterior/Facade/Window,Entrances/Exits,1241381.28,1241381.28
WAGNER,2162,Building Exterior/Facade/Window,Foundations,104921,104921
WAGNER,2162,Common Areas/Lobbies,Building Common Area Finishes ,4425987.36,4514509.56
WAGNER,2162,Common Areas/Lobbies,Building Common Areas - Bathroom,512176.05,1934887.3
WAGNER,2162,Common Areas/Lobbies,Interior Building Doors,6673516.4,6673516.4
WAGNER,2162,Common Areas/Lobbies,Interior Building Stairs,1290.14,30641223.91
WAGNER,2162,Common Areas/Lobbies,Non Residential Kitchen,2110450.1,2110450.1
WAGNER,2162,Elevators,Elevators,,53521320.18
WAGNER,2162,Fire Protection,Standpipe System,346271.51,346271.51
WAGNER,2162,Grounds,Building Exterior Walkways and Retaining Walls,151169.1,250364.3
WAGNER,2162,Grounds,Fixed Site Equipment,8160.87,8160.87
WAGNER,2162,Grounds,Landscaping,3976.74,3976.74
WAGNER,2162,Grounds,Lighting - Exterior Security,2083928.1,2083928.1
WAGNER,2162,Grounds,Open Spaces,,13259476.45
WAGNER,2162,Grounds,Parking Lot,3890409.05,3890409.05
WAGNER,2162,Grounds,Site Fences,14691830,14691830
WAGNER,2162,Grounds,Stairs / Ramps,183504.69,1704277.09
WAGNER,2162,Grounds,Storm Piping,,13921900
WAGNER,2162,Heating,Common Spaces Radiator / Convector / Baseboard,154826.82,447277.48
WAGNER,2162,Heating,Decarbonization,428481754.7,428481754.7
WAGNER,2162,Interior Electrical/Lighting,Electrical System,2402.63,26490889.64
WAGNER,2162,Interior Electrical/Lighting,Emergency and Exit Lighting and Panels,150338.57,158301.69
WAGNER,2162,Interior Electrical/Lighting,Emergency Generator Set,253020.59,253020.59
WAGNER,2162,Interior Electrical/Lighting,Interior Lighting Fixture,5593857.86,5593857.86
WAGNER,2162,Interior Electrical/Lighting,Public Address System,21667.7,21667.7
WAGNER,2162,Interior Electrical/Lighting,Transformer,318897.26,637794.52
WAGNER,2162,Lead Based Paint,Lead Based Paint,42286866.44,42286866.44
WAGNER,2162,Plumbing,Building Drainage,2045784.63,21895550.13
WAGNER,2162,Plumbing,Building Sewage System,1031937.44,1031937.44
WAGNER,2162,Plumbing,Domestic Water System,7818.5,7818.5
WAGNER,2162,Plumbing,Gas Risers,15539.07,15539.07
WAGNER,2162,Plumbing,Non Residential Spaces Plumbing Fixtures,3401.06,3401.06
WAGNER,2162,Plumbing,Roof Tank,2031860.1,2277330.45
WAGNER,2162,Plumbing,Underground Natural Gas Piping,4621400,4621400
WAGNER,2162,Roofs,Building Roof/Parapets/Misc,3188438.79,23803405.47
WAGNER,2162,Safety And Security,Additional Security,10923452.4,10923452.4
WAGNER,2162,Safety And Security,CCTV,280561.96,280561.96
WAGNER,2162,Ventilation/Air Conditioning,Air Conditioning,4438.02,96054.03
WAGNER,2162,Ventilation/Air Conditioning,Building Ductwork,14157.72,14157.72
WAGNER,2162,Ventilation/Air Conditioning,Exhaust Fan,42892.5,42892.5
WAGNER,2162,Waste Management,Garbage Chute,42081.6,42081.6
WAGNER,2162,Waste Management,Waste Infrastructure,5073233.64,5073233.64
WALD,1861,Apartments,Apartment 504 Access,4400000,4400000
WALD,1861,Apartments,Apartment Bathroom,86447930.8,86447930.8
WALD,1861,Apartments,Apartment Entrance Doors,12145109.32,12145109.32
WALD,1861,Apartments,Apartment Kitchen,71175651.2,71175651.2
WALD,1861,Apartments,Apartment Renovation,142753759.7,167021411.1
WALD,1861,Building Exterior/Facade/Window,Brickwork,15050024.77,46532709.86
WALD,1861,Building Exterior/Facade/Window,Building Windows,86890585.89,86997674.79
WALD,1861,Building Exterior/Facade/Window,Entrances/Exits,1376229.11,1376229.11
WALD,1861,Building Exterior/Facade/Window,Foundations,738087.25,738087.25
WALD,1861,Common Areas/Lobbies,Building Common Area Finishes ,9494466.04,9591369.04
WALD,1861,Common Areas/Lobbies,Building Common Areas - Bathroom,455267.6,2390154.9
WALD,1861,Common Areas/Lobbies,Building Gymnasium,507567.5,507567.5
WALD,1861,Common Areas/Lobbies,Building Locker Room and Shower,14255.03,14255.03
WALD,1861,Common Areas/Lobbies,Interior Building Doors,5072172.1,5072172.1
WALD,1861,Common Areas/Lobbies,Interior Building Stairs,1443449.16,27634639.98
WALD,1861,Common Areas/Lobbies,Non Residential Kitchen,2954630.14,2954630.14
WALD,1861,Elevators,Elevators,46826038.08,46826038.08
WALD,1861,Fire Protection,Fire Alarm,172970.9,172970.9
WALD,1861,Fire Protection,Standpipe System,,2720854.8
WALD,1861,Grounds,Building Exterior Walkways and Retaining Walls,33162.16,38382.96
WALD,1861,Grounds,Landscaping,4878,4878
WALD,1861,Grounds,Lighting - Exterior Security,1631921.16,1631921.16
WALD,1861,Grounds,Open Spaces,,0
WALD,1861,Grounds,Parking Lot,2367399.5,2367399.5
WALD,1861,Grounds,Site Fences,6921091,6921091
WALD,1861,Grounds,Stairs / Ramps,56586.2,259462.35
WALD,1861,Grounds,Storm Piping,,3758913
WALD,1861,Heating,Decarbonization,192784269.7,192784269.7
WALD,1861,Interior Electrical/Lighting,Electrical System,759916.46,18998501.48
WALD,1861,Interior Electrical/Lighting,Emergency and Exit Lighting and Panels,185305.51,185305.51
WALD,1861,Interior Electrical/Lighting,Interior Lighting Fixture,7076986.15,7076986.15
WALD,1861,Interior Electrical/Lighting,PA System,43335.4,43335.4
WALD,1861,Interior Electrical/Lighting,Public Address System,21667.7,21667.7
WALD,1861,Lead Based Paint,Lead Based Paint,14573171.22,14573171.22
WALD,1861,Plumbing,Building Drainage,161570.64,5351697.66
WALD,1861,Plumbing,Building Sewage System,2937.9,13136407.86
WALD,1861,Plumbing,Domestic Water System,1373.1,63631453.5
WALD,1861,Plumbing,Gas Risers,9066.01,25304361.83
WALD,1861,Plumbing,Roof Tank,,327293.8
WALD,1861,Plumbing,Underground Hydronic Piping,3816224.1,3816224.1
WALD,1861,Plumbing,Underground Natural Gas Piping,1996444.8,1996444.8
WALD,1861,Roofs,Building Roof/Parapets/Misc,6609640.57,6609640.57
WALD,1861,Safety And Security,Additional Security,9829449,9829449
WALD,1861,Safety And Security,Intrusion Alarm,321969.87,536616.45
WALD,1861,Ventilation/Air Conditioning,Air Conditioning,4216.42,398021.47
WALD,1861,Ventilation/Air Conditioning,Exhaust Fan,4096.18,4096.18
WALD,1861,Waste Management,Garbage Chute,51634.44,51634.44
WALD,1861,Waste Management,Waste Infrastructure,3899052.79,3899052.79
WASHINGTON,1515,Apartments,Apartment 504 Access,3600000,3600000
WASHINGTON,1515,Apartments,Apartment Bathroom,69990463.76,69990463.76
WASHINGTON,1515,Apartments,Apartment Entrance Doors,9887071.8,9887071.8
WASHINGTON,1515,Apartments,Apartment Kitchen,58060310.3,58060310.3
WASHINGTON,1515,Apartments,Apartment Renovation,136461073.3,141772848.4
WASHINGTON,1515,Building Exterior/Facade/Window,Brickwork,19420052.47,21820052.47
WASHINGTON,1515,Building Exterior/Facade/Window,Building Loading Dock,2447.25,2447.25
WASHINGTON,1515,Building Exterior/Facade/Window,Building Windows,55255445.43,55255445.43
WASHINGTON,1515,Building Exterior/Facade/Window,Entrances/Exits,1396853.57,1396853.57
WASHINGTON,1515,Building Exterior/Facade/Window,Foundations,243392.7,243392.7
WASHINGTON,1515,Common Areas/Lobbies,Building Common Area Finishes ,6847569.12,7187569.62
WASHINGTON,1515,Common Areas/Lobbies,Building Common Areas - Bathroom,,2276338
WASHINGTON,1515,Common Areas/Lobbies,Interior Building Doors,5156559.75,5202490.05
WASHINGTON,1515,Common Areas/Lobbies,Interior Building Stairs,,24374098.64
WASHINGTON,1515,Common Areas/Lobbies,Non Residential Kitchen,2168265.05,2168265.05
WASHINGTON,1515,Elevators,Elevators,803197.27,42311816.17
WASHINGTON,1515,Fire Protection,Fire Alarm,175669.98,351339.96
WASHINGTON,1515,Fire Protection,Fire Sprinkler,0,0
WASHINGTON,1515,Fire Protection,Standpipe System,,1269561.6
WASHINGTON,1515,Grounds,Building Exterior Walkways and Retaining Walls,352026.11,354636.51
WASHINGTON,1515,Grounds,Fixed Site Equipment,2330.46,2330.46
WASHINGTON,1515,Grounds,Lighting - Exterior Security,239528.51,509558.63
WASHINGTON,1515,Grounds,Open Spaces,,0
WASHINGTON,1515,Grounds,Parking Lot,2866179.4,2866179.4
WASHINGTON,1515,Grounds,Paving - Non-Vehicular Area,3336800,3336800
WASHINGTON,1515,Grounds,Site Fences,12390700,12390700
WASHINGTON,1515,Grounds,Site Lighting,137960.83,137960.83
WASHINGTON,1515,Grounds,Stairs / Ramps,106626.7,491990.15
WASHINGTON,1515,Grounds,Storm Piping,,3619694
WASHINGTON,1515,Heating,Building Steam Piping,94095341.14,94095341.14
WASHINGTON,1515,Heating,Common Spaces Radiator / Convector / Baseboard,223638.74,507487.91
WASHINGTON,1515,Heating,Decarbonization,36066601.46,36066601.46
WASHINGTON,1515,Heating,Gas Fired Furnace,,100932.24
WASHINGTON,1515,Heating,Underground Steam and Condensate Return Piping,16897980.6,16897980.6
WASHINGTON,1515,Interior Electrical/Lighting,Electrical System,8541339.79,19612911.64
WASHINGTON,1515,Interior Electrical/Lighting,Emergency and Exit Lighting and Panels,140448.96,162857.39
WASHINGTON,1515,Interior Electrical/Lighting,Emergency Generator Set,253020.59,253020.59
WASHINGTON,1515,Interior Electrical/Lighting,Interior Lighting Fixture,32018.87,32018.87
WASHINGTON,1515,Interior Electrical/Lighting,Telephone/Intercom,,1185799.68
WASHINGTON,1515,Lead Based Paint,Lead Based Paint,3309862.5,3309862.5
WASHINGTON,1515,Plumbing,Building Drainage,42171.7,3810842.02
WASHINGTON,1515,Plumbing,Domestic Water System,1830.8,47244130.33
WASHINGTON,1515,Plumbing,Gas Risers,5829.48,5829.48
WASHINGTON,1515,Plumbing,Non Residential Spaces Plumbing Fixtures,4032.53,4032.53
WASHINGTON,1515,Plumbing,Roof Tank,974717.88,1220188.23
WASHINGTON,1515,Plumbing,Underground Natural Gas Piping,1756132,1756132
WASHINGTON,1515,Roofs,Building Roof/Parapets/Misc,17259794.8,17259794.8
WASHINGTON,1515,Safety And Security,Additional Security,7918390.2,7918390.2
WASHINGTON,1515,Safety And Security,Intrusion Alarm,107323.29,214646.58
WASHINGTON,1515,Ventilation/Air Conditioning,Air Conditioning,1443.11,1443.11
WASHINGTON,1515,Waste Management,Garbage Chute,89307.96,89307.96
WASHINGTON,1515,Waste Management,Waste Infrastructure,4070119.67,4070119.67
WEBSTER,606,Apartments,Apartment 504 Access,1400000,1400000
WEBSTER,606,Apartments,Apartment Bathroom,31296924.68,31296924.68
WEBSTER,606,Apartments,Apartment Entrance Doors,3954828.72,3954828.72
WEBSTER,606,Apartments,Apartment Kitchen,23162765.8,23162765.8
WEBSTER,606,Apartments,Apartment Renovation,64166061.86,65324582.3
WEBSTER,606,Building Exterior/Facade/Window,Brickwork,6735309.14,20283866.37
WEBSTER,606,Building Exterior/Facade/Window,Building Windows,21912436.35,21912436.35
WEBSTER,606,Building Exterior/Facade/Window,Entrances/Exits,547447.68,547447.68
WEBSTER,606,Building Exterior/Facade/Window,Foundations,42730.3,42730.3
WEBSTER,606,Common Areas/Lobbies,Building Common Area Finishes ,4083082.71,4083082.71
WEBSTER,606,Common Areas/Lobbies,Building Common Areas - Bathroom,113816.9,1195077.45
WEBSTER,606,Common Areas/Lobbies,Interior Building Doors,3184664.95,3184664.95
WEBSTER,606,Common Areas/Lobbies,Interior Building Stairs,,13659520.57
WEBSTER,606,Common Areas/Lobbies,Non Residential Kitchen,1266270.06,1266270.06
WEBSTER,606,Elevators,Elevators,14633136.9,14633136.9
WEBSTER,606,Fire Protection,Standpipe System,162614.76,162614.76
WEBSTER,606,Grounds,Building Exterior Walkways and Retaining Walls,382180.15,382180.15
WEBSTER,606,Grounds,Lighting - Exterior Security,446136.72,446136.72
WEBSTER,606,Grounds,Open Spaces,,0
WEBSTER,606,Grounds,Parking Lot,903016.6,903016.6
WEBSTER,606,Grounds,Paving - Non-Vehicular Area,625650,625650
WEBSTER,606,Grounds,Playgrounds,386324.4,386324.4
WEBSTER,606,Grounds,Site Fences,7080400,7080400
WEBSTER,606,Grounds,Site Lighting,217140,217140
WEBSTER,606,Grounds,Stairs / Ramps,385904.53,467667.03
WEBSTER,606,Heating,Common Spaces Radiator / Convector / Baseboard,,619307.28
WEBSTER,606,Heating,Decarbonization,42581026.47,42581026.47
WEBSTER,606,Heating,Heating System,0,0
WEBSTER,606,Interior Electrical/Lighting,Electrical System,2485984.6,5242002.66
WEBSTER,606,Interior Electrical/Lighting,Emergency and Exit Lighting and Panels,88833.49,96376.45
WEBSTER,606,Interior Electrical/Lighting,Interior Lighting Fixture,1669019.21,2094868.57
WEBSTER,606,Lead Based Paint,Lead Based Paint,606000,606000
WEBSTER,606,Plumbing,Building Drainage,106483.38,106483.38
WEBSTER,606,Plumbing,Roof Tank,2113082.66,2113082.66
WEBSTER,606,Plumbing,Underground Hydronic Piping,2678052,2678052
WEBSTER,606,Plumbing,Underground Natural Gas Piping,508354,508354
WEBSTER,606,Safety And Security,Additional Security,4579108.8,4579108.8
WEBSTER,606,Safety And Security,Intrusion Alarm,,214646.58
WEBSTER,606,Ventilation/Air Conditioning,Air Conditioning,17092.28,88203.62
WEBSTER,606,Waste Management,Garbage Chute,5964,5964
WEBSTER,606,Waste Management,Waste Infrastructure,2612183.78,2612183.78
WEST BRIGHTON I,490,Apartments,Apartment 504 Access,1200000,1200000
WEST BRIGHTON I,490,Apartments,Apartment Bathroom,23438021.88,23438021.88
WEST BRIGHTON I,490,Apartments,Apartment Entrance Doors,3197798.8,3197798.8
WEST BRIGHTON I,490,Apartments,Apartment Kitchen,18752636.55,18752636.55
WEST BRIGHTON I,490,Apartments,Apartment Renovation,42794358.65,45755749.02
WEST BRIGHTON I,490,Building Exterior/Facade/Window,Brickwork,5769,25131917.08
WEST BRIGHTON I,490,Building Exterior/Facade/Window,Building Windows,18984047.47,18984047.47
WEST BRIGHTON I,490,Building Exterior/Facade/Window,Entrances/Exits,108342.52,168914.32
WEST BRIGHTON I,490,Building Exterior/Facade/Window,Foundations,2015,2015
WEST BRIGHTON I,490,Common Areas/Lobbies,Building Common Area Finishes ,3016253.11,3016253.11
WEST BRIGHTON I,490,Common Areas/Lobbies,Building Common Areas - Bathroom,512176.05,512176.05
WEST BRIGHTON I,490,Common Areas/Lobbies,Building Gymnasium,54379.7,54379.7
WEST BRIGHTON I,490,Common Areas/Lobbies,Interior Building Doors,1858841.75,1858841.75
WEST BRIGHTON I,490,Common Areas/Lobbies,Interior Building Stairs,,8584194.12
WEST BRIGHTON I,490,Common Areas/Lobbies,Non Residential Kitchen,1269774.37,1691864.39
WEST BRIGHTON I,490,Elevators,Elevators,11706509.52,11706509.52
WEST BRIGHTON I,490,Fire Protection,Fire Alarm,,175669.98
WEST BRIGHTON I,490,Grounds,Building Exterior Walkways and Retaining Walls,307153.5,342393.9
WEST BRIGHTON I,490,Grounds,Fixed Site Equipment,35824.65,35824.65
WEST BRIGHTON I,490,Grounds,Landscaping,3387.5,3387.5
WEST BRIGHTON I,490,Grounds,Lighting - Exterior Security,804220.14,804220.14
WEST BRIGHTON I,490,Grounds,Open Spaces,,5423790.41
WEST BRIGHTON I,490,Grounds,Parking Lot,2198404.7,2198404.7
WEST BRIGHTON I,490,Grounds,Paving - Non-Vehicular Area,2765373,2765373
WEST BRIGHTON I,490,Grounds,Playgrounds,403410,403410
WEST BRIGHTON I,490,Grounds,Site Fences,4319044,4319044
WEST BRIGHTON I,490,Grounds,Site Lighting,199045,199045
WEST BRIGHTON I,490,Grounds,Site Walls (Not Retaining Walls),481.6,481.6
WEST BRIGHTON I,490,Grounds,Stairs / Ramps,171903.95,230973.45
WEST BRIGHTON I,490,Heating,Decarbonization,57037961.67,57037961.67
WEST BRIGHTON I,490,Heating,Gas Fired Furnace,,100932.24
WEST BRIGHTON I,490,Heating,Hot Water System,,88334.4
WEST BRIGHTON I,490,Heating,Through Wall/Window Heat Pump,9973.32,9973.32
WEST BRIGHTON I,490,Interior Electrical/Lighting,Electrical System,3921073.52,7685257.77
WEST BRIGHTON I,490,Interior Electrical/Lighting,Emergency and Exit Lighting and Panels,79511.22,101299.78
WEST BRIGHTON I,490,Interior Electrical/Lighting,Interior Lighting Fixture,1975207.96,2209300.2
WEST BRIGHTON I,490,Interior Electrical/Lighting,Telephone/Intercom,,667012.32
WEST BRIGHTON I,490,Interior Electrical/Lighting,Transformer,,1738109.61
WEST BRIGHTON I,490,Lead Based Paint,Lead Based Paint,3450976.2,3450976.2
WEST BRIGHTON I,490,Plumbing,Building Drainage,,132194.16
WEST BRIGHTON I,490,Plumbing,Underground Hydronic Piping,,2231710
WEST BRIGHTON I,490,Plumbing,Underground Natural Gas Piping,103519.36,103519.36
WEST BRIGHTON I,490,Safety And Security,Additional Security,4633557.6,4633557.6
WEST BRIGHTON I,490,Safety And Security,Intrusion Alarm,5582.53,112905.82
WEST BRIGHTON I,490,Ventilation/Air Conditioning,Air Conditioning,2204.88,2204.88
WEST BRIGHTON I,490,Ventilation/Air Conditioning,Building Ductwork,1724.55,1724.55
WEST BRIGHTON I,490,Waste Management,Waste Infrastructure,2809139.91,2809139.91
WEST BRIGHTON II,108,Apartments,Apartment 504 Access,200000,200000
WEST BRIGHTON II,108,Apartments,Apartment Bathroom,4391739.8,4391739.8
WEST BRIGHTON II,108,Apartments,Apartment Entrance Doors,783134.4,783134.4
WEST BRIGHTON II,108,Apartments,Apartment Kitchen,3643150.25,3643150.25
WEST BRIGHTON II,108,Apartments,Apartment Renovation,7168550.17,7924226.67
WEST BRIGHTON II,108,Building Exterior/Facade/Window,Brickwork,,13876742.26
WEST BRIGHTON II,108,Building Exterior/Facade/Window,Building Windows,1767054.64,1767054.64
WEST BRIGHTON II,108,Building Exterior/Facade/Window,Entrances/Exits,3872804.48,3872804.48
WEST BRIGHTON II,108,Building Exterior/Facade/Window,Foundations,71057.7,71057.7
WEST BRIGHTON II,108,Common Areas/Lobbies,Building Common Area Finishes ,54162.8,54162.8
WEST BRIGHTON II,108,Common Areas/Lobbies,Building Common Areas - Bathroom,113816.9,113816.9
WEST BRIGHTON II,108,Common Areas/Lobbies,Interior Building Doors,86676.3,86676.3
WEST BRIGHTON II,108,Common Areas/Lobbies,Non Residential Kitchen,422090.02,422090.02
WEST BRIGHTON II,108,Grounds,Building Exterior Walkways and Retaining Walls,25551.55,25551.55
WEST BRIGHTON II,108,Grounds,Landscaping,298.1,298.1
WEST BRIGHTON II,108,Grounds,Lighting - Exterior Security,35221.32,35221.32
WEST BRIGHTON II,108,Grounds,Open Spaces,,0
WEST BRIGHTON II,108,Grounds,Parking Lot,52137.5,52137.5
WEST BRIGHTON II,108,Grounds,Paving - Non-Vehicular Area,1574761.05,1574761.05
WEST BRIGHTON II,108,Grounds,Site Fences,1617871.4,1617871.4
WEST BRIGHTON II,108,Grounds,Site Lighting,325710,325710
WEST BRIGHTON II,108,Heating,Decarbonization,12571632.36,12571632.36
WEST BRIGHTON II,108,Heating,Hot Water System,,2623531.68
WEST BRIGHTON II,108,Interior Electrical/Lighting,Electrical System,977445.04,2104614.7
WEST BRIGHTON II,108,Interior Electrical/Lighting,Interior Lighting Fixture,39659.92,64606.96
WEST BRIGHTON II,108,Interior Electrical/Lighting,Telephone/Intercom,2938.5,2938.5
WEST BRIGHTON II,108,Lead Based Paint,Lead Based Paint,642083.76,642083.76
WEST BRIGHTON II,108,Plumbing,Underground Hydronic Piping,,1004269.5
WEST BRIGHTON II,108,Plumbing,Underground Natural Gas Piping,,739424
WEST BRIGHTON II,108,Roofs,Building Roof/Parapets/Misc,10229179.43,10229179.43
WEST BRIGHTON II,108,Safety And Security,Additional Security,800000,800000
WEST BRIGHTON II,108,Safety And Security,Intrusion Alarm,107323.29,107323.29
WEST BRIGHTON II,108,Waste Management,Waste Infrastructure,1953647.98,1953647.98
WEST FARMS ROAD REHAB,208,Apartments,Apartment 504 Access,400000,400000
WEST FARMS ROAD REHAB,208,Apartments,Apartment Bathroom,10956235.08,10956235.08
WEST FARMS ROAD REHAB,208,Apartments,Apartment Entrance Doors,1357432.96,1357432.96
WEST FARMS ROAD REHAB,208,Apartments,Apartment Kitchen,7938232.65,7938232.65
WEST FARMS ROAD REHAB,208,Apartments,Apartment Renovation,17887499.99,17887499.99
WEST FARMS ROAD REHAB,208,Building Exterior/Facade/Window,Brickwork,2178488.43,10208715.21
WEST FARMS ROAD REHAB,208,Building Exterior/Facade/Window,Building Windows,9846733.57,9846733.57
WEST FARMS ROAD REHAB,208,Building Exterior/Facade/Window,Entrances/Exits,577967.9,577967.9
WEST FARMS ROAD REHAB,208,Building Exterior/Facade/Window,Foundations,17354,17354
WEST FARMS ROAD REHAB,208,Common Areas/Lobbies,Building Common Area Finishes ,1799572.7,1799572.7
WEST FARMS ROAD REHAB,208,Common Areas/Lobbies,Building Common Areas - Bathroom,,455267.6
WEST FARMS ROAD REHAB,208,Common Areas/Lobbies,Interior Building Doors,451344.45,451344.45
WEST FARMS ROAD REHAB,208,Common Areas/Lobbies,Interior Building Stairs,,3132917.56
WEST FARMS ROAD REHAB,208,Common Areas/Lobbies,Non Residential Kitchen,422090.02,422090.02
WEST FARMS ROAD REHAB,208,Elevators,Elevators,10243195.83,10243195.83
WEST FARMS ROAD REHAB,208,Grounds,Open Spaces,,0
WEST FARMS ROAD REHAB,208,Grounds,Paving - Non-Vehicular Area,658183.8,658183.8
WEST FARMS ROAD REHAB,208,Grounds,Site Fences,74344.2,74344.2
WEST FARMS ROAD REHAB,208,Grounds,Stairs / Ramps,63898,95847
WEST FARMS ROAD REHAB,208,Heating,Common Spaces Radiator / Convector / Baseboard,,550495.36
WEST FARMS ROAD REHAB,208,Heating,Decarbonization,4964826.67,4964826.67
WEST FARMS ROAD REHAB,208,Heating,Heating System,,2865681.25
WEST FARMS ROAD REHAB,208,Interior Electrical/Lighting,Electrical System,375723.22,5667198.43
WEST FARMS ROAD REHAB,208,Interior Electrical/Lighting,Emergency and Exit Lighting and Panels,45257.76,45257.76
WEST FARMS ROAD REHAB,208,Lead Based Paint,Lead Based Paint,0,0
WEST FARMS ROAD REHAB,208,Plumbing,Building Drainage,,117505.92
WEST FARMS ROAD REHAB,208,Roofs,Building Roof/Parapets/Misc,4914297.32,4914297.32
WEST FARMS ROAD REHAB,208,Safety And Security,Additional Security,2526606.6,2526606.6
WEST FARMS ROAD REHAB,208,Safety And Security,CCTV,,561123.92
WEST FARMS ROAD REHAB,208,Safety And Security,Intrusion Alarm,,107323.29
WEST FARMS ROAD REHAB,208,Waste Management,Interior Compactor,446786.83,446786.83
WEST FARMS ROAD REHAB,208,Waste Management,Waste Infrastructure,1971007.76,1971007.76
WEST FARMS SQUARE CONVENTIONAL,20,Apartments,Apartment 504 Access,200000,200000
WEST FARMS SQUARE CONVENTIONAL,20,Apartments,Apartment Bathroom,924576.8,924576.8
WEST FARMS SQUARE CONVENTIONAL,20,Apartments,Apartment Entrance Doors,130522.4,130522.4
WEST FARMS SQUARE CONVENTIONAL,20,Apartments,Apartment Kitchen,766979,766979
WEST FARMS SQUARE CONVENTIONAL,20,Apartments,Apartment Renovation,1597800.22,1834762.66
WEST FARMS SQUARE CONVENTIONAL,20,Building Exterior/Facade/Window,Brickwork,1332,2678074.26
WEST FARMS SQUARE CONVENTIONAL,20,Building Exterior/Facade/Window,Building Windows,790398.02,790398.02
WEST FARMS SQUARE CONVENTIONAL,20,Building Exterior/Facade/Window,Entrances/Exits,56607.5,56607.5
WEST FARMS SQUARE CONVENTIONAL,20,Building Exterior/Facade/Window,Foundations,585.6,585.6
WEST FARMS SQUARE CONVENTIONAL,20,Common Areas/Lobbies,Building Common Area Finishes ,174273.45,174273.45
WEST FARMS SQUARE CONVENTIONAL,20,Common Areas/Lobbies,Interior Building Doors,76489.8,76489.8
WEST FARMS SQUARE CONVENTIONAL,20,Common Areas/Lobbies,Interior Building Stairs,,62658.35
WEST FARMS SQUARE CONVENTIONAL,20,Fire Protection,Fire Sprinkler,0,0
WEST FARMS SQUARE CONVENTIONAL,20,Grounds,Lighting - Exterior Security,111534.18,111534.18
WEST FARMS SQUARE CONVENTIONAL,20,Grounds,Open Spaces,,0
WEST FARMS SQUARE CONVENTIONAL,20,Grounds,Paving - Non-Vehicular Area,68279.27,68279.27
WEST FARMS SQUARE CONVENTIONAL,20,Grounds,Site Fences,56643.2,56643.2
WEST FARMS SQUARE CONVENTIONAL,20,Grounds,Stairs / Ramps,1435.5,20604.9
WEST FARMS SQUARE CONVENTIONAL,20,Heating,Decarbonization,930250.06,930250.06
WEST FARMS SQUARE CONVENTIONAL,20,Interior Electrical/Lighting,Electrical System,187861.61,774496.95
WEST FARMS SQUARE CONVENTIONAL,20,Interior Electrical/Lighting,Emergency and Exit Lighting and Panels,26392.93,26392.93
WEST FARMS SQUARE CONVENTIONAL,20,Interior Electrical/Lighting,Interior Lighting Fixture,96709.74,96709.74
WEST FARMS SQUARE CONVENTIONAL,20,Lead Based Paint,Lead Based Paint,0,0
WEST FARMS SQUARE CONVENTIONAL,20,Plumbing,Domestic Hot Water System,,7442.06
WEST FARMS SQUARE CONVENTIONAL,20,Roofs,Building Roof/Parapets/Misc,493764.68,508359.49
WEST FARMS SQUARE CONVENTIONAL,20,Safety And Security,Additional Security,700660.8,700660.8
WEST FARMS SQUARE CONVENTIONAL,20,Waste Management,Interior Compactor,63826.69,63826.69
WEST FARMS SQUARE CONVENTIONAL,20,Waste Management,Waste Infrastructure,17359.78,17359.78
WEST TREMONT AVENUE-SEDGWICK AVENUE AREA,148,Apartments,Apartment 504 Access,400000,400000
WEST TREMONT AVENUE-SEDGWICK AVENUE AREA,148,Apartments,Apartment Bathroom,6795639.48,6795639.48
WEST TREMONT AVENUE-SEDGWICK AVENUE AREA,148,Apartments,Apartment Entrance Doors,965865.76,965865.76
WEST TREMONT AVENUE-SEDGWICK AVENUE AREA,148,Apartments,Apartment Kitchen,5637295.65,5637295.65
WEST TREMONT AVENUE-SEDGWICK AVENUE AREA,148,Apartments,Apartment Renovation,9494139.64,10530224.41
WEST TREMONT AVENUE-SEDGWICK AVENUE AREA,148,Building Exterior/Facade/Window,Brickwork,1443,3143257.04
WEST TREMONT AVENUE-SEDGWICK AVENUE AREA,148,Building Exterior/Facade/Window,Building Windows,2322812.99,2322812.99
WEST TREMONT AVENUE-SEDGWICK AVENUE AREA,148,Building Exterior/Facade/Window,Entrances/Exits,80836.22,80836.22
WEST TREMONT AVENUE-SEDGWICK AVENUE AREA,148,Building Exterior/Facade/Window,Foundations,8558.36,8558.36
WEST TREMONT AVENUE-SEDGWICK AVENUE AREA,148,Common Areas/Lobbies,Building Common Area Finishes ,1147687.19,1147687.19
WEST TREMONT AVENUE-SEDGWICK AVENUE AREA,148,Common Areas/Lobbies,Building Common Areas - Bathroom,341450.7,341450.7
WEST TREMONT AVENUE-SEDGWICK AVENUE AREA,148,Common Areas/Lobbies,Interior Building Doors,492272.55,492272.55
WEST TREMONT AVENUE-SEDGWICK AVENUE AREA,148,Common Areas/Lobbies,Interior Building Stairs,,751900.22
WEST TREMONT AVENUE-SEDGWICK AVENUE AREA,148,Common Areas/Lobbies,Non Residential Kitchen,422090.02,422090.02
WEST TREMONT AVENUE-SEDGWICK AVENUE AREA,148,Elevators,Elevators,2964901.35,2964901.35
WEST TREMONT AVENUE-SEDGWICK AVENUE AREA,148,Fire Protection,Fire Sprinkler,0,0
WEST TREMONT AVENUE-SEDGWICK AVENUE AREA,148,Grounds,Building Exterior Walkways and Retaining Walls,23204.4,23204.4
WEST TREMONT AVENUE-SEDGWICK AVENUE AREA,148,Grounds,Lighting - Exterior Security,58702.2,58702.2
WEST TREMONT AVENUE-SEDGWICK AVENUE AREA,148,Grounds,Open Spaces,,0
WEST TREMONT AVENUE-SEDGWICK AVENUE AREA,148,Grounds,Parking Lot,342304.9,342304.9
WEST TREMONT AVENUE-SEDGWICK AVENUE AREA,148,Grounds,Paving - Non-Vehicular Area,72992.5,72992.5
WEST TREMONT AVENUE-SEDGWICK AVENUE AREA,148,Grounds,Playgrounds,390121.2,390121.2
WEST TREMONT AVENUE-SEDGWICK AVENUE AREA,148,Grounds,Site Fences,177010,177010
WEST TREMONT AVENUE-SEDGWICK AVENUE AREA,148,Grounds,Stairs / Ramps,6389.8,42365.3
WEST TREMONT AVENUE-SEDGWICK AVENUE AREA,148,Heating,Common Spaces Radiator / Convector / Baseboard,,68811.92
WEST TREMONT AVENUE-SEDGWICK AVENUE AREA,148,Heating,Decarbonization,10416515.56,10416515.56
WEST TREMONT AVENUE-SEDGWICK AVENUE AREA,148,Heating,Hot Water System,,5520900
WEST TREMONT AVENUE-SEDGWICK AVENUE AREA,148,Interior Electrical/Lighting,Electrical System,,2405875.3
WEST TREMONT AVENUE-SEDGWICK AVENUE AREA,148,Interior Electrical/Lighting,Emergency and Exit Lighting and Panels,59358.8,59358.8
WEST TREMONT AVENUE-SEDGWICK AVENUE AREA,148,Interior Electrical/Lighting,Interior Lighting Fixture,508906.05,508906.05
WEST TREMONT AVENUE-SEDGWICK AVENUE AREA,148,Lead Based Paint,Lead Based Paint,148000,148000
WEST TREMONT AVENUE-SEDGWICK AVENUE AREA,148,Plumbing,Building Drainage,73441.2,73441.2
WEST TREMONT AVENUE-SEDGWICK AVENUE AREA,148,Plumbing,Underground Hydronic Piping,,334756.5
WEST TREMONT AVENUE-SEDGWICK AVENUE AREA,148,Plumbing,Underground Natural Gas Piping,,46214
WEST TREMONT AVENUE-SEDGWICK AVENUE AREA,148,Roofs,Building Roof/Parapets/Misc,1399895.33,1399895.33
WEST TREMONT AVENUE-SEDGWICK AVENUE AREA,148,Safety And Security,Additional Security,745348.8,745348.8
WEST TREMONT AVENUE-SEDGWICK AVENUE AREA,148,Waste Management,Waste Infrastructure,84940.69,84940.69
WHITE,248,Apartments,Apartment 504 Access,600000,600000
WHITE,248,Apartments,Apartment Bathroom,11464752.32,11464752.32
WHITE,248,Apartments,Apartment Entrance Doors,1618477.76,1618477.76
WHITE,248,Apartments,Apartment Kitchen,9510539.6,9510539.6
WHITE,248,Apartments,Apartment Renovation,11922012.16,14235819.52
WHITE,248,Building Exterior/Facade/Window,Brickwork,,4537035.56
WHITE,248,Building Exterior/Facade/Window,Building Windows,5406395.02,5406395.02
WHITE,248,Building Exterior/Facade/Window,Entrances/Exits,333587.82,333587.82
WHITE,248,Building Exterior/Facade/Window,Foundations,6955,6955
WHITE,248,Common Areas/Lobbies,Building Common Area Finishes ,1420405.45,1420405.45
WHITE,248,Common Areas/Lobbies,Building Common Areas - Bathroom,,113816.9
WHITE,248,Common Areas/Lobbies,Building Locker Room and Shower,3147,3147
WHITE,248,Common Areas/Lobbies,Interior Building Doors,1373738.65,1373738.65
WHITE,248,Common Areas/Lobbies,Interior Building Stairs,,2819625.81
WHITE,248,Common Areas/Lobbies,Non Residential Kitchen,,2110450.1
WHITE,248,Elevators,Elevators,4694351.46,4694351.46
WHITE,248,Fire Protection,Fire Alarm,4354.84,4354.84
WHITE,248,Grounds,Building Exterior Walkways and Retaining Walls,14304.1,14304.1
WHITE,248,Grounds,Lighting - Exterior Security,158495.94,158495.94
WHITE,248,Grounds,Open Spaces,,0
WHITE,248,Grounds,Paving - Non-Vehicular Area,478830.8,478830.8
WHITE,248,Grounds,Playgrounds,182246.4,182246.4
WHITE,248,Grounds,Site Fences,92045.2,92045.2
WHITE,248,Grounds,Site Walls (Not Retaining Walls),10555,10555
WHITE,248,Grounds,Stairs / Ramps,7177.5,47113.75
WHITE,248,Heating,Decarbonization,25587165.3,25587165.3
WHITE,248,Interior Electrical/Lighting,Electrical System,906817.74,1594546.73
WHITE,248,Interior Electrical/Lighting,Emergency and Exit Lighting and Panels,98989.06,98989.06
WHITE,248,Interior Electrical/Lighting,Interior Lighting Fixture,459642.96,459642.96
WHITE,248,Interior Electrical/Lighting,Telephone/Intercom,,148224.96
WHITE,248,Lead Based Paint,Lead Based Paint,2379077.76,2379077.76
WHITE,248,Plumbing,Building Sewage System,157467.68,157467.68
WHITE,248,Plumbing,Domestic Water System,7818.5,7818.5
WHITE,248,Plumbing,Roof Tank,974717.88,1138364.78
WHITE,248,Plumbing,Underground Hydronic Piping,133902.6,133902.6
WHITE,248,Plumbing,Underground Natural Gas Piping,36971.2,36971.2
WHITE,248,Safety And Security,Additional Security,1313503.8,1313503.8
WHITE,248,Safety And Security,CCTV,,280561.96
WHITE,248,Waste Management,Waste Infrastructure,96513.88,96513.88
WHITMAN,1659,Apartments,Apartment 504 Access,3800000,3800000
WHITMAN,1659,Apartments,Apartment Bathroom,32707997.09,80119552.43
WHITMAN,1659,Apartments,Apartment Entrance Doors,9782653.88,10905146.52
WHITMAN,1659,Apartments,Apartment Kitchen,27569716.43,63847823.13
WHITMAN,1659,Apartments,Apartment Renovation,31786534.11,110163102.4
WHITMAN,1659,Building Exterior/Facade/Window,Brickwork,18538176.44,37575372.26
WHITMAN,1659,Building Exterior/Facade/Window,Building Windows,51410101.84,71735575.06
WHITMAN,1659,Building Exterior/Facade/Window,Entrances/Exits,1064533.02,2162220
WHITMAN,1659,Building Exterior/Facade/Window,Foundations,679028.1,679028.1
WHITMAN,1659,Common Areas/Lobbies,Building Common Area Finishes ,5187841.54,9772302.69
WHITMAN,1659,Common Areas/Lobbies,Building Common Areas - Bathroom,569611.6,1195604.55
WHITMAN,1659,Common Areas/Lobbies,Building Locker Room and Shower,,20980
WHITMAN,1659,Common Areas/Lobbies,Interior Building Doors,3783925.66,4374803.36
WHITMAN,1659,Common Areas/Lobbies,Interior Building Stairs,17609364.15,22308740.4
WHITMAN,1659,Common Areas/Lobbies,Non Residential Kitchen,844180.04,5975704.83
WHITMAN,1659,Elevators,Elevators,703796.3,46066520.69
WHITMAN,1659,Fire Protection,Fire Alarm,200866.94,727876.88
WHITMAN,1659,Fire Protection,Fire Sprinkler,0,0
WHITMAN,1659,Fire Protection,Standpipe System,,3378672
WHITMAN,1659,Grounds,Building Exterior Walkways and Retaining Walls,4717951.23,4723172.03
WHITMAN,1659,Grounds,Fixed Site Equipment,4357.54,4357.54
WHITMAN,1659,Grounds,Landscaping,8130,8130
WHITMAN,1659,Grounds,Lighting - Exterior Security,989784.49,989784.49
WHITMAN,1659,Grounds,Open Spaces,,15315033.34
WHITMAN,1659,Grounds,Parking Lot,946090,946090
WHITMAN,1659,Grounds,Paving - Non-Vehicular Area,3236696,3236696
WHITMAN,1659,Grounds,Playgrounds,436632,436632
WHITMAN,1659,Grounds,Site Fences,6938792,6938792
WHITMAN,1659,Grounds,Site Walls (Not Retaining Walls),3661.6,3661.6
WHITMAN,1659,Grounds,Stairs / Ramps,876454.7,1267744.5
WHITMAN,1659,Grounds,Storm Piping,,4371476.6
WHITMAN,1659,Heating,Building Steam Piping,99905968.06,99905968.06
WHITMAN,1659,Heating,Common Spaces Radiator / Convector / Baseboard,283849.17,1986944.19
WHITMAN,1659,Heating,Decarbonization,0,0
WHITMAN,1659,Heating,Heating System,14913.14,112185.49
WHITMAN,1659,Heating,Hot Water Heat Exchanger,184531.01,184531.01
WHITMAN,1659,Heating,Hot Water System,,184030
WHITMAN,1659,Heating,Through Wall/Window Heat Pump,,29919.96
WHITMAN,1659,Heating,Underground Steam and Condensate Return Piping,19763720,19763720
WHITMAN,1659,Interior Electrical/Lighting,Electrical System,17760905.38,19015042.54
WHITMAN,1659,Interior Electrical/Lighting,Emergency and Exit Lighting and Panels,80950.58,234790.45
WHITMAN,1659,Interior Electrical/Lighting,Interior Lighting Fixture,1156015.69,1156015.69
WHITMAN,1659,Interior Electrical/Lighting,PA System,,21667.7
WHITMAN,1659,Interior Electrical/Lighting,Telephone/Intercom,1482249.6,1482249.6
WHITMAN,1659,Lead Based Paint,Lead Based Paint,31040060.88,31040060.88
WHITMAN,1659,Plumbing,Building Drainage,40790.97,12552130.35
WHITMAN,1659,Plumbing,Building Sewage System,3299130,17419406.4
WHITMAN,1659,Plumbing,Domestic Hot Water System,7092.05,190805.69
WHITMAN,1659,Plumbing,Domestic Water System,7818500,128098304
WHITMAN,1659,Plumbing,Gas Risers,,33064695.1
WHITMAN,1659,Plumbing,Roof Tank,974717.88,974717.88
WHITMAN,1659,Plumbing,Underground Hydronic Piping,,1115855
WHITMAN,1659,Plumbing,Underground Natural Gas Piping,924280,924280
WHITMAN,1659,Roofs,Building Roof/Parapets/Misc,11428703.35,23260853.75
WHITMAN,1659,Safety And Security,Additional Security,14544915,14544915
WHITMAN,1659,Safety And Security,CCTV,,7294610.96
WHITMAN,1659,Safety And Security,Intrusion Alarm,107323.29,107323.29
WHITMAN,1659,Ventilation/Air Conditioning,Air Conditioning,0,1136706.78
WHITMAN,1659,Ventilation/Air Conditioning,Building Ductwork,3955.6,3955.6
WHITMAN,1659,Ventilation/Air Conditioning,Exhaust Fan,9347.48,74779.84
WHITMAN,1659,Waste Management,Waste Infrastructure,4962987.53,4962987.53
WILSON,398,Apartments,Apartment 504 Access,1000000,1000000
WILSON,398,Apartments,Apartment Bathroom,20340689.6,20340689.6
WILSON,398,Apartments,Apartment Entrance Doors,2597395.76,2597395.76
WILSON,398,Apartments,Apartment Kitchen,15262882.1,15262882.1
WILSON,398,Apartments,Apartment Renovation,42367073.11,45353312.71
WILSON,398,Building Exterior/Facade/Window,Brickwork,6414439.87,10951475.43
WILSON,398,Building Exterior/Facade/Window,Building Windows,18454016.7,18454016.7
WILSON,398,Building Exterior/Facade/Window,Entrances/Exits,372967.69,372967.69
WILSON,398,Building Exterior/Facade/Window,Foundations,23044,23044
WILSON,398,Common Areas/Lobbies,Building Common Area Finishes ,1971617.12,1971617.12
WILSON,398,Common Areas/Lobbies,Building Common Areas - Bathroom,113816.9,512176.05
WILSON,398,Common Areas/Lobbies,Interior Building Doors,1547880.35,1547880.35
WILSON,398,Common Areas/Lobbies,Interior Building Stairs,1318.33,7833612.24
WILSON,398,Common Areas/Lobbies,Non Residential Kitchen,422090.02,844180.04
WILSON,398,Elevators,Elevators,8779882.14,8779882.14
WILSON,398,Fire Protection,Fire Alarm,,223295.38
WILSON,398,Fire Protection,Standpipe System,38717.8,38717.8
WILSON,398,Grounds,Building Exterior Walkways and Retaining Walls,97265.22,97265.22
WILSON,398,Grounds,Fixed Site Equipment,2360.46,2360.46
WILSON,398,Grounds,Lighting - Exterior Security,311121.66,311121.66
WILSON,398,Grounds,Open Spaces,,1914801.41
WILSON,398,Grounds,Parking Lot,970278,970278
WILSON,398,Grounds,Paving - Non-Vehicular Area,,1524500.5
WILSON,398,Grounds,Playgrounds,319880.4,319880.4
WILSON,398,Grounds,Site Lighting,280472.5,280472.5
WILSON,398,Grounds,Site Walls (Not Retaining Walls),5070.55,5070.55
WILSON,398,Grounds,Stairs / Ramps,16038.2,41597.4
WILSON,398,Heating,Building Steam Piping,20166005.3,20270768.06
WILSON,398,Heating,Common Spaces Radiator / Convector / Baseboard,,77413.41
WILSON,398,Heating,Decarbonization,0,0
WILSON,398,Heating,Heating System,,7056214.87
WILSON,398,Heating,Steam Fan Coil Unit,,23811.14
WILSON,398,Heating,Underground Steam and Condensate Return Piping,1482279,1482279
WILSON,398,Interior Electrical/Lighting,Electrical System,1223164.82,3429927.35
WILSON,398,Interior Electrical/Lighting,Emergency and Exit Lighting and Panels,12884.08,14874.86
WILSON,398,Interior Electrical/Lighting,Interior Lighting Fixture,1399989.33,1414541.77
WILSON,398,Interior Electrical/Lighting,Telephone/Intercom,,74112.48
WILSON,398,Lead Based Paint,Lead Based Paint,3731214.36,3731214.36
WILSON,398,Plumbing,Building Drainage,5245.06,5245.06
WILSON,398,Plumbing,Building Sewage System,84609.64,84609.64
WILSON,398,Plumbing,Domestic Hot Water System,17521.54,201454.54
WILSON,398,Plumbing,Roof Tank,974717.88,1138364.78
WILSON,398,Plumbing,Underground Hydronic Piping,892684,892684
WILSON,398,Plumbing,Underground Natural Gas Piping,138642,138642
WILSON,398,Roofs,Building Roof/Parapets/Misc,3353914.81,3353914.81
WILSON,398,Safety And Security,Additional Security,2122239,2122239
WILSON,398,Ventilation/Air Conditioning,Air Conditioning,2439.29,2439.29
WILSON,398,Ventilation/Air Conditioning,Exhaust Fan,1205.38,1205.38
WILSON,398,Waste Management,Waste Infrastructure,2453875.59,2453875.59
WOODSIDE,1357,Apartments,Apartment 504 Access,3200000,3200000
WOODSIDE,1357,Apartments,Apartment Bathroom,62686307.04,62686307.04
WOODSIDE,1357,Apartments,Apartment Entrance Doors,8855944.84,8855944.84
WOODSIDE,1357,Apartments,Apartment Kitchen,52001176.2,52001176.2
WOODSIDE,1357,Apartments,Apartment Renovation,104570134.5,112177967.4
WOODSIDE,1357,Building Exterior/Facade/Window,Brickwork,17412107.47,48597454.25
WOODSIDE,1357,Building Exterior/Facade/Window,Building Windows,67058682.53,67058682.53
WOODSIDE,1357,Building Exterior/Facade/Window,Entrances/Exits,2683548.04,3095436.28
WOODSIDE,1357,Building Exterior/Facade/Window,Foundations,254911.45,254911.45
WOODSIDE,1357,Common Areas/Lobbies,Building Common Area Finishes ,7688457.43,7688457.43
WOODSIDE,1357,Common Areas/Lobbies,Building Common Areas - Bathroom,284542.25,910535.2
WOODSIDE,1357,Common Areas/Lobbies,Interior Building Doors,3407845.05,4801064.15
WOODSIDE,1357,Common Areas/Lobbies,Interior Building Stairs,,20677255.91
WOODSIDE,1357,Common Areas/Lobbies,Non Residential Kitchen,848335.48,848335.48
WOODSIDE,1357,Elevators,Elevators,81769627.79,81769627.79
WOODSIDE,1357,Grounds,Building Exterior Walkways and Retaining Walls,15396.47,59773.27
WOODSIDE,1357,Grounds,Fixed Site Equipment,8646.66,8646.66
WOODSIDE,1357,Grounds,Landscaping,2032.5,2032.5
WOODSIDE,1357,Grounds,Lighting - Exterior Security,945105.42,945105.42
WOODSIDE,1357,Grounds,Open Spaces,,18363200.66
WOODSIDE,1357,Grounds,Parking Lot,2028900.7,2028900.7
WOODSIDE,1357,Grounds,Paving - Non-Vehicular Area,,6471306.5
WOODSIDE,1357,Grounds,Site Fences,11841969,11841969
WOODSIDE,1357,Grounds,Stairs / Ramps,495385.45,2951573.3
WOODSIDE,1357,Grounds,Storm Piping,,6960950
WOODSIDE,1357,Heating,Decarbonization,108103578.9,108103578.9
WOODSIDE,1357,Interior Electrical/Lighting,Electrical System,10370525.54,27161797.09
WOODSIDE,1357,Interior Electrical/Lighting,Emergency and Exit Lighting and Panels,1675.17,124157.68
WOODSIDE,1357,Interior Electrical/Lighting,Interior Lighting Fixture,3931638.14,4276025.3
WOODSIDE,1357,Interior Electrical/Lighting,Public Address System,,21667.7
WOODSIDE,1357,Lead Based Paint,Lead Based Paint,9171221.94,9171221.94
WOODSIDE,1357,Plumbing,Building Drainage,293764.8,5326770.9
WOODSIDE,1357,Plumbing,Building Sewage System,5875.8,8231706.6
WOODSIDE,1357,Plumbing,Domestic Hot Water System,1259881.26,1259881.26
WOODSIDE,1357,Plumbing,Domestic Water System,111579.48,40111025.48
WOODSIDE,1357,Plumbing,Gas Risers,,12130946.5
WOODSIDE,1357,Plumbing,Non Residential Spaces Plumbing Fixtures,10203.18,10203.18
WOODSIDE,1357,Plumbing,Underground Hydronic Piping,1472928.6,1472928.6
WOODSIDE,1357,Plumbing,Underground Natural Gas Piping,1109136,1109136
WOODSIDE,1357,Roofs,Building Roof/Parapets/Misc,14003846,27732382.77
WOODSIDE,1357,Safety And Security,Additional Security,17934823.2,17934823.2
WOODSIDE,1357,Safety And Security,CCTV,,5330677.24
WOODSIDE,1357,Ventilation/Air Conditioning,Air Conditioning,1102.44,1102.44
WOODSIDE,1357,Ventilation/Air Conditioning,Building Ductwork,4071,4071
WOODSIDE,1357,Ventilation/Air Conditioning,Exhaust Fan,15659.34,15659.34
WOODSIDE,1357,Waste Management,Garbage Chute,159656.04,159656.04
WOODSIDE,1357,Waste Management,Waste Infrastructure,6459482.46,6459482.46
WOODSON,407,Apartments,Apartment 504 Access,1000000,1000000
WOODSON,407,Apartments,Apartment Bathroom,19092510.92,19092510.92
WOODSON,407,Apartments,Apartment Entrance Doors,2656130.84,2656130.84
WOODSON,407,Apartments,Apartment Kitchen,15531324.75,15531324.75
WOODSON,407,Apartments,Apartment Renovation,26880618.76,27362236.66
WOODSON,407,Building Exterior/Facade/Window,Brickwork,2433934.93,6735146.24
WOODSON,407,Building Exterior/Facade/Window,Building Windows,7634742.76,7634742.76
WOODSON,407,Building Exterior/Facade/Window,Entrances/Exits,144438.77,144438.77
WOODSON,407,Building Exterior/Facade/Window,Foundations,8060,8060
WOODSON,407,Common Areas/Lobbies,Building Common Area Finishes ,1836931.89,1836931.89
WOODSON,407,Common Areas/Lobbies,Building Common Areas - Bathroom,,455267.6
WOODSON,407,Common Areas/Lobbies,Interior Building Doors,986773.05,986773.05
WOODSON,407,Common Areas/Lobbies,Interior Building Stairs,,4762034.7
WOODSON,407,Common Areas/Lobbies,Non Residential Kitchen,422090.02,844180.04
WOODSON,407,Elevators,Elevators,5853254.76,5853254.76
WOODSON,407,Grounds,Building Exterior Walkways and Retaining Walls,57532.2,116266.2
WOODSON,407,Grounds,Lighting - Exterior Security,193717.26,193717.26
WOODSON,407,Grounds,Open Spaces,,0
WOODSON,407,Grounds,Parking Lot,572355,572355
WOODSON,407,Grounds,Paving - Non-Vehicular Area,1117828,1117828
WOODSON,407,Grounds,Site Fences,1614331.2,1614331.2
WOODSON,407,Grounds,Site Lighting,253330,253330
WOODSON,407,Grounds,Site Walls (Not Retaining Walls),3181,3181
WOODSON,407,Grounds,Stairs / Ramps,12641.15,157318.85
WOODSON,407,Heating,Building Steam Piping,40335.56,31007759.62
WOODSON,407,Heating,Common Spaces Radiator / Convector / Baseboard,,318255.13
WOODSON,407,Heating,Decarbonization,9714829.12,9714829.12
WOODSON,407,Heating,Heating System,,7056214.87
WOODSON,407,Heating,Underground Steam and Condensate Return Piping,,592911.6
WOODSON,407,Interior Electrical/Lighting,Electrical System,552746.37,2013160.95
WOODSON,407,Interior Electrical/Lighting,Emergency and Exit Lighting and Panels,58971.79,58971.79
WOODSON,407,Interior Electrical/Lighting,Interior Lighting Fixture,1368290.38,1368290.38
WOODSON,407,Lead Based Paint,Lead Based Paint,3190471.74,3190471.74
WOODSON,407,Plumbing,Building Drainage,14688.24,14688.24
WOODSON,407,Plumbing,Building Sewage System,78733.84,78733.84
WOODSON,407,Plumbing,Roof Tank,974717.88,1138364.78
WOODSON,407,Plumbing,Underground Hydronic Piping,,267805.2
WOODSON,407,Plumbing,Underground Natural Gas Piping,,55456.8
WOODSON,407,Roofs,Building Roof/Parapets/Misc,3374414.76,3374414.76
WOODSON,407,Safety And Security,Additional Security,2393483.4,2393483.4
WOODSON,407,Ventilation/Air Conditioning,Air Conditioning,,229310.68
WOODSON,407,Ventilation/Air Conditioning,Building Ductwork,39556,39556
WOODSON,407,Ventilation/Air Conditioning,Exhaust Fan,1445.4,1445.4
WOODSON,407,Waste Management,Waste Infrastructure,1696753.38,1696753.38
WSUR (BROWNSTONES),236,Apartments,Apartment 504 Access,600000,600000
WSUR (BROWNSTONES),236,Apartments,Apartment Bathroom,10910006.24,10910006.24
WSUR (BROWNSTONES),236,Apartments,Apartment Entrance Doors,1540164.32,1540164.32
WSUR (BROWNSTONES),236,Apartments,Apartment Kitchen,9050352.2,9050352.2
WSUR (BROWNSTONES),236,Apartments,Apartment Renovation,13647048.21,15915252.69
WSUR (BROWNSTONES),236,Building Exterior/Facade/Window,Brickwork,5401656.2,47201656.2
WSUR (BROWNSTONES),236,Building Exterior/Facade/Window,Building Windows,5752598.13,5752598.13
WSUR (BROWNSTONES),236,Building Exterior/Facade/Window,Entrances/Exits,1574794.56,1574794.56
WSUR (BROWNSTONES),236,Building Exterior/Facade/Window,Foundations,952223.36,952223.36
WSUR (BROWNSTONES),236,Common Areas/Lobbies,Building Common Area Finishes ,1578399.38,1578399.38
WSUR (BROWNSTONES),236,Common Areas/Lobbies,Building Common Areas - Bathroom,56908.45,56908.45
WSUR (BROWNSTONES),236,Common Areas/Lobbies,Interior Building Doors,1368341.9,1368341.9
WSUR (BROWNSTONES),236,Common Areas/Lobbies,Interior Building Stairs,125627.78,11654764.41
WSUR (BROWNSTONES),236,Common Areas/Lobbies,Non Residential Kitchen,422090.02,422090.02
WSUR (BROWNSTONES),236,Grounds,Building Exterior Walkways and Retaining Walls,5131.16,8524.68
WSUR (BROWNSTONES),236,Grounds,Fixed Site Equipment,583.28,583.28
WSUR (BROWNSTONES),236,Grounds,Landscaping,10248.32,10248.32
WSUR (BROWNSTONES),236,Grounds,Lighting - Exterior Security,569411.34,569411.34
WSUR (BROWNSTONES),236,Grounds,Open Spaces,,0
WSUR (BROWNSTONES),236,Grounds,Paving - Non-Vehicular Area,354117.9,354117.9
WSUR (BROWNSTONES),236,Grounds,Playgrounds,123396,123396
WSUR (BROWNSTONES),236,Grounds,Site Fences,731051.3,731051.3
WSUR (BROWNSTONES),236,Grounds,Site Lighting,54285,54285
WSUR (BROWNSTONES),236,Grounds,Site Walls (Not Retaining Walls),20848.15,20848.15
WSUR (BROWNSTONES),236,Grounds,Stairs / Ramps,56879.5,240325.27
WSUR (BROWNSTONES),236,Grounds,Storm Piping,10060.44,10060.44
WSUR (BROWNSTONES),236,Heating,Decarbonization,25993456,25993456
WSUR (BROWNSTONES),236,Interior Electrical/Lighting,Electrical System,688890.02,6137718.29
WSUR (BROWNSTONES),236,Interior Electrical/Lighting,Emergency and Exit Lighting and Panels,3981.56,3981.56
WSUR (BROWNSTONES),236,Interior Electrical/Lighting,Interior Lighting Fixture,1456459.78,1456459.78
WSUR (BROWNSTONES),236,Lead Based Paint,Lead Based Paint,1750747.92,1750747.92
WSUR (BROWNSTONES),236,Plumbing,Building Drainage,44064.72,73441.2
WSUR (BROWNSTONES),236,Plumbing,Building Sewage System,751468.5,1454159.7
WSUR (BROWNSTONES),236,Plumbing,Domestic Water System,3518325,3909250
WSUR (BROWNSTONES),236,Plumbing,Underground Hydronic Piping,3593053.1,3593053.1
WSUR (BROWNSTONES),236,Plumbing,Underground Natural Gas Piping,360469.2,360469.2
WSUR (BROWNSTONES),236,Roofs,Building Roof/Parapets/Misc,5664204.16,5999884.79
WSUR (BROWNSTONES),236,Safety And Security,Additional Security,14071486.8,14071486.8
WSUR (BROWNSTONES),236,Ventilation/Air Conditioning,Air Conditioning,,57327.67
WSUR (BROWNSTONES),236,Ventilation/Air Conditioning,Exhaust Fan,1445.4,1445.4
WSUR (BROWNSTONES),236,Waste Management,Waste Infrastructure,1971007.76,1971007.76
WSUR (SITE A) 120 WEST 94TH STREET,70,Apartments,Apartment 504 Access,200000,200000
WSUR (SITE A) 120 WEST 94TH STREET,70,Apartments,Apartment Bathroom,3236018.8,3236018.8
WSUR (SITE A) 120 WEST 94TH STREET,70,Apartments,Apartment Entrance Doors,456828.4,456828.4
WSUR (SITE A) 120 WEST 94TH STREET,70,Apartments,Apartment Kitchen,2684426.5,2684426.5
WSUR (SITE A) 120 WEST 94TH STREET,70,Apartments,Apartment Renovation,6420489.91,6559068.91
WSUR (SITE A) 120 WEST 94TH STREET,70,Building Exterior/Facade/Window,Brickwork,2241729.51,2241729.51
WSUR (SITE A) 120 WEST 94TH STREET,70,Building Exterior/Facade/Window,Building Windows,2546960.72,2546960.72
WSUR (SITE A) 120 WEST 94TH STREET,70,Building Exterior/Facade/Window,Entrances/Exits,79466.91,79466.91
WSUR (SITE A) 120 WEST 94TH STREET,70,Building Exterior/Facade/Window,Foundations,24827.5,24827.5
WSUR (SITE A) 120 WEST 94TH STREET,70,Common Areas/Lobbies,Building Common Area Finishes ,440489.12,440489.12
WSUR (SITE A) 120 WEST 94TH STREET,70,Common Areas/Lobbies,Building Common Areas - Bathroom,,56908.45
WSUR (SITE A) 120 WEST 94TH STREET,70,Common Areas/Lobbies,Interior Building Doors,334047.95,334047.95
WSUR (SITE A) 120 WEST 94TH STREET,70,Common Areas/Lobbies,Interior Building Stairs,,1315825.38
WSUR (SITE A) 120 WEST 94TH STREET,70,Elevators,Elevators,2926627.38,2926627.38
WSUR (SITE A) 120 WEST 94TH STREET,70,Fire Protection,Fire Sprinkler,0,0
WSUR (SITE A) 120 WEST 94TH STREET,70,Grounds,Building Exterior Walkways and Retaining Walls,34227.1,34227.1
WSUR (SITE A) 120 WEST 94TH STREET,70,Grounds,Open Spaces,,0
WSUR (SITE A) 120 WEST 94TH STREET,70,Grounds,Paving - Non-Vehicular Area,270072.25,270072.25
WSUR (SITE A) 120 WEST 94TH STREET,70,Grounds,Playgrounds,89224.8,89224.8
WSUR (SITE A) 120 WEST 94TH STREET,70,Grounds,Site Fences,231883.1,231883.1
WSUR (SITE A) 120 WEST 94TH STREET,70,Grounds,Site Walls (Not Retaining Walls),1204,1204
WSUR (SITE A) 120 WEST 94TH STREET,70,Grounds,Stairs / Ramps,853.1,84752.1
WSUR (SITE A) 120 WEST 94TH STREET,70,Grounds,Storm Piping,30181.32,30181.32
WSUR (SITE A) 120 WEST 94TH STREET,70,Heating,Common Spaces Radiator / Convector / Baseboard,,86014.9
WSUR (SITE A) 120 WEST 94TH STREET,70,Heating,Decarbonization,8294847.13,8294847.13
WSUR (SITE A) 120 WEST 94TH STREET,70,Interior Electrical/Lighting,Electrical System,264135.59,507538.02
WSUR (SITE A) 120 WEST 94TH STREET,70,Interior Electrical/Lighting,Emergency and Exit Lighting and Panels,,9953.9
WSUR (SITE A) 120 WEST 94TH STREET,70,Interior Electrical/Lighting,Interior Lighting Fixture,326634.84,326634.84
WSUR (SITE A) 120 WEST 94TH STREET,70,Interior Electrical/Lighting,Telephone/Intercom,,74112.48
WSUR (SITE A) 120 WEST 94TH STREET,70,Lead Based Paint,Lead Based Paint,540166.2,540166.2
WSUR (SITE A) 120 WEST 94TH STREET,70,Plumbing,Building Sewage System,39366.92,39366.92
WSUR (SITE A) 120 WEST 94TH STREET,70,Plumbing,Roof Tank,974717.88,1138364.78
WSUR (SITE A) 120 WEST 94TH STREET,70,Plumbing,Underground Hydronic Piping,89268.4,89268.4
WSUR (SITE A) 120 WEST 94TH STREET,70,Plumbing,Underground Natural Gas Piping,36971.2,36971.2
WSUR (SITE A) 120 WEST 94TH STREET,70,Roofs,Building Roof/Parapets/Misc,985134.85,985134.85
WSUR (SITE A) 120 WEST 94TH STREET,70,Safety And Security,Additional Security,745348.8,745348.8
WSUR (SITE A) 120 WEST 94TH STREET,70,Ventilation/Air Conditioning,Exhaust Fan,2410.77,2410.77
WSUR (SITE A) 120 WEST 94TH STREET,70,Waste Management,Waste Infrastructure,84940.69,84940.69
WSUR (SITE B) 74 WEST 92ND STREET,168,Apartments,Apartment 504 Access,400000,400000
WSUR (SITE B) 74 WEST 92ND STREET,168,Apartments,Apartment Bathroom,7766445.12,7766445.12
WSUR (SITE B) 74 WEST 92ND STREET,168,Apartments,Apartment Entrance Doors,1096388.16,1096388.16
WSUR (SITE B) 74 WEST 92ND STREET,168,Apartments,Apartment Kitchen,6442623.6,6442623.6
WSUR (SITE B) 74 WEST 92ND STREET,168,Apartments,Apartment Renovation,15935379.95,16284599.03
WSUR (SITE B) 74 WEST 92ND STREET,168,Building Exterior/Facade/Window,Brickwork,628,400628
WSUR (SITE B) 74 WEST 92ND STREET,168,Building Exterior/Facade/Window,Building Windows,6247911.92,6247911.92
WSUR (SITE B) 74 WEST 92ND STREET,168,Building Exterior/Facade/Window,Entrances/Exits,130813.99,130813.99
WSUR (SITE B) 74 WEST 92ND STREET,168,Building Exterior/Facade/Window,Foundations,49655,49655
WSUR (SITE B) 74 WEST 92ND STREET,168,Common Areas/Lobbies,Building Common Area Finishes ,1481123.45,1481123.45
WSUR (SITE B) 74 WEST 92ND STREET,168,Common Areas/Lobbies,Building Common Areas - Bathroom,,569084.5
WSUR (SITE B) 74 WEST 92ND STREET,168,Common Areas/Lobbies,Interior Building Doors,922788.75,922788.75
WSUR (SITE B) 74 WEST 92ND STREET,168,Common Areas/Lobbies,Interior Building Stairs,,2944942.51
WSUR (SITE B) 74 WEST 92ND STREET,168,Common Areas/Lobbies,Non Residential Kitchen,844180.04,844180.04
WSUR (SITE B) 74 WEST 92ND STREET,168,Elevators,Elevators,2926627.38,2926627.38
WSUR (SITE B) 74 WEST 92ND STREET,168,Fire Protection,Fire Alarm,192988.71,192988.71
WSUR (SITE B) 74 WEST 92ND STREET,168,Fire Protection,Standpipe System,42589.58,42589.58
WSUR (SITE B) 74 WEST 92ND STREET,168,Grounds,Building Exterior Walkways and Retaining Walls,25639.44,25639.44
WSUR (SITE B) 74 WEST 92ND STREET,168,Grounds,Landscaping,948.5,948.5
WSUR (SITE B) 74 WEST 92ND STREET,168,Grounds,Lighting - Exterior Security,240679.02,240679.02
WSUR (SITE B) 74 WEST 92ND STREET,168,Grounds,Open Spaces,,0
WSUR (SITE B) 74 WEST 92ND STREET,168,Grounds,Paving - Non-Vehicular Area,210635.5,210635.5
WSUR (SITE B) 74 WEST 92ND STREET,168,Grounds,Site Fences,115056.5,115056.5
WSUR (SITE B) 74 WEST 92ND STREET,168,Grounds,Site Walls (Not Retaining Walls),4913.6,4913.6
WSUR (SITE B) 74 WEST 92ND STREET,168,Grounds,Stairs / Ramps,12207,12207
WSUR (SITE B) 74 WEST 92ND STREET,168,Heating,Common Spaces Radiator / Convector / Baseboard,,43007.45
WSUR (SITE B) 74 WEST 92ND STREET,168,Heating,Decarbonization,11824152.8,11824152.8
WSUR (SITE B) 74 WEST 92ND STREET,168,Interior Electrical/Lighting,Electrical System,490134.19,1455567.28
WSUR (SITE B) 74 WEST 92ND STREET,168,Interior Electrical/Lighting,Emergency and Exit Lighting and Panels,21582.97,38449.59
WSUR (SITE B) 74 WEST 92ND STREET,168,Interior Electrical/Lighting,Interior Lighting Fixture,349074.04,349074.04
WSUR (SITE B) 74 WEST 92ND STREET,168,Interior Electrical/Lighting,PA System,,21667.7
WSUR (SITE B) 74 WEST 92ND STREET,168,Lead Based Paint,Lead Based Paint,1524065.76,1524065.76
WSUR (SITE B) 74 WEST 92ND STREET,168,Plumbing,Building Sewage System,39366.92,39366.92
WSUR (SITE B) 74 WEST 92ND STREET,168,Plumbing,Roof Tank,1029667.44,1193314.34
WSUR (SITE B) 74 WEST 92ND STREET,168,Plumbing,Underground Hydronic Piping,,89268.4
WSUR (SITE B) 74 WEST 92ND STREET,168,Plumbing,Underground Natural Gas Piping,,36971.2
WSUR (SITE B) 74 WEST 92ND STREET,168,Roofs,Building Roof/Parapets/Misc,2019994.84,2019994.84
WSUR (SITE B) 74 WEST 92ND STREET,168,Safety And Security,Additional Security,1617793.8,1617793.8
WSUR (SITE B) 74 WEST 92ND STREET,168,Ventilation/Air Conditioning,Air Conditioning,93103.04,145518.24
WSUR (SITE B) 74 WEST 92ND STREET,168,Ventilation/Air Conditioning,Building Ductwork,0,0
WSUR (SITE B) 74 WEST 92ND STREET,168,Waste Management,Waste Infrastructure,2032802.08,2032802.08
WSUR (SITE C) 589 AMSTERDAM AVENUE,158,Apartments,Apartment 504 Access,400000,400000
WSUR (SITE C) 589 AMSTERDAM AVENUE,158,Apartments,Apartment Bathroom,8182504.68,8182504.68
WSUR (SITE C) 589 AMSTERDAM AVENUE,158,Apartments,Apartment Entrance Doors,1031126.96,1031126.96
WSUR (SITE C) 589 AMSTERDAM AVENUE,158,Apartments,Apartment Kitchen,6059134.1,6059134.1
WSUR (SITE C) 589 AMSTERDAM AVENUE,158,Apartments,Apartment Renovation,15653789.83,16115853.44
WSUR (SITE C) 589 AMSTERDAM AVENUE,158,Building Exterior/Facade/Window,Brickwork,3237962.93,3237962.93
WSUR (SITE C) 589 AMSTERDAM AVENUE,158,Building Exterior/Facade/Window,Building Windows,6352071.12,6352071.12
WSUR (SITE C) 589 AMSTERDAM AVENUE,158,Building Exterior/Facade/Window,Entrances/Exits,100175.97,100175.97
WSUR (SITE C) 589 AMSTERDAM AVENUE,158,Building Exterior/Facade/Window,Foundations,3477.5,3477.5
WSUR (SITE C) 589 AMSTERDAM AVENUE,158,Common Areas/Lobbies,Building Common Area Finishes ,902373.6,902373.6
WSUR (SITE C) 589 AMSTERDAM AVENUE,158,Common Areas/Lobbies,Building Common Areas - Bathroom,,341450.7
WSUR (SITE C) 589 AMSTERDAM AVENUE,158,Common Areas/Lobbies,Interior Building Doors,591515.05,591515.05
WSUR (SITE C) 589 AMSTERDAM AVENUE,158,Common Areas/Lobbies,Interior Building Stairs,4228.84,2635879.59
WSUR (SITE C) 589 AMSTERDAM AVENUE,158,Common Areas/Lobbies,Non Residential Kitchen,422090.02,422090.02
WSUR (SITE C) 589 AMSTERDAM AVENUE,158,Elevators,Elevators,2926627.38,2926627.38
WSUR (SITE C) 589 AMSTERDAM AVENUE,158,Fire Protection,Fire Sprinkler,0,0
WSUR (SITE C) 589 AMSTERDAM AVENUE,158,Fire Protection,Standpipe System,1231.57,1231.57
WSUR (SITE C) 589 AMSTERDAM AVENUE,158,Grounds,Building Exterior Walkways and Retaining Walls,35213.9,35213.9
WSUR (SITE C) 589 AMSTERDAM AVENUE,158,Grounds,Landscaping,4878,4878
WSUR (SITE C) 589 AMSTERDAM AVENUE,158,Grounds,Lighting - Exterior Security,140885.28,140885.28
WSUR (SITE C) 589 AMSTERDAM AVENUE,158,Grounds,Open Spaces,,0
WSUR (SITE C) 589 AMSTERDAM AVENUE,158,Grounds,Parking Lot,112617,112617
WSUR (SITE C) 589 AMSTERDAM AVENUE,158,Grounds,Paving - Non-Vehicular Area,291970,291970
WSUR (SITE C) 589 AMSTERDAM AVENUE,158,Grounds,Playgrounds,174652.8,174652.8
WSUR (SITE C) 589 AMSTERDAM AVENUE,158,Grounds,Site Fences,242503.7,242503.7
WSUR (SITE C) 589 AMSTERDAM AVENUE,158,Grounds,Site Lighting,45237.5,45237.5
WSUR (SITE C) 589 AMSTERDAM AVENUE,158,Grounds,Site Walls (Not Retaining Walls),3761.8,3761.8
WSUR (SITE C) 589 AMSTERDAM AVENUE,158,Grounds,Stairs / Ramps,8396,97314.15
WSUR (SITE C) 589 AMSTERDAM AVENUE,158,Grounds,Storm Piping,10060.44,10060.44
WSUR (SITE C) 589 AMSTERDAM AVENUE,158,Heating,Decarbonization,7348975.46,7348975.46
WSUR (SITE C) 589 AMSTERDAM AVENUE,158,Interior Electrical/Lighting,Electrical System,712297.47,900159.08
WSUR (SITE C) 589 AMSTERDAM AVENUE,158,Interior Electrical/Lighting,Emergency and Exit Lighting and Panels,5025.51,5025.51
WSUR (SITE C) 589 AMSTERDAM AVENUE,158,Interior Electrical/Lighting,Interior Lighting Fixture,629159.38,629159.38
WSUR (SITE C) 589 AMSTERDAM AVENUE,158,Lead Based Paint,Lead Based Paint,1181348.76,1181348.76
WSUR (SITE C) 589 AMSTERDAM AVENUE,158,Plumbing,Building Drainage,354.69,354.69
WSUR (SITE C) 589 AMSTERDAM AVENUE,158,Plumbing,Domestic Hot Water System,83540.36,83540.36
WSUR (SITE C) 589 AMSTERDAM AVENUE,158,Plumbing,Roof Tank,974717.88,1138364.78
WSUR (SITE C) 589 AMSTERDAM AVENUE,158,Plumbing,Underground Hydronic Piping,,223171
WSUR (SITE C) 589 AMSTERDAM AVENUE,158,Plumbing,Underground Natural Gas Piping,,92428
WSUR (SITE C) 589 AMSTERDAM AVENUE,158,Roofs,Building Roof/Parapets/Misc,1189694.04,1189694.04
WSUR (SITE C) 589 AMSTERDAM AVENUE,158,Safety And Security,Additional Security,919837.8,919837.8
WSUR (SITE C) 589 AMSTERDAM AVENUE,158,Ventilation/Air Conditioning,Air Conditioning,93103.04,93103.04
WSUR (SITE C) 589 AMSTERDAM AVENUE,158,Ventilation/Air Conditioning,Building Ductwork,7911.2,7911.2
WSUR (SITE C) 589 AMSTERDAM AVENUE,158,Waste Management,Garbage Chute,3474.72,3474.72
WSUR (SITE C) 589 AMSTERDAM AVENUE,158,Waste Management,Waste Infrastructure,2032802.08,2032802.08
WYCKOFF GARDENS,529,Apartments,Apartment 504 Access,1200000,1200000
WYCKOFF GARDENS,529,Apartments,Apartment Bathroom,25009802.44,25009802.44
WYCKOFF GARDENS,529,Apartments,Apartment Entrance Doors,3452317.48,3452317.48
WYCKOFF GARDENS,529,Apartments,Apartment Kitchen,20286594.55,20286594.55
WYCKOFF GARDENS,529,Apartments,Apartment Renovation,50976867.66,50976867.66
WYCKOFF GARDENS,529,Building Exterior/Facade/Window,Brickwork,10983188.98,10983188.98
WYCKOFF GARDENS,529,Building Exterior/Facade/Window,Building Windows,14142018.68,14142018.68
WYCKOFF GARDENS,529,Building Exterior/Facade/Window,Entrances/Exits,,269550.99
WYCKOFF GARDENS,529,Building Exterior/Facade/Window,Foundations,13898.1,13898.1
WYCKOFF GARDENS,529,Common Areas/Lobbies,Building Common Area Finishes ,3336176.98,3349558.9
WYCKOFF GARDENS,529,Common Areas/Lobbies,Building Common Areas - Bathroom,,853626.75
WYCKOFF GARDENS,529,Common Areas/Lobbies,Building Gymnasium,159895.92,159895.92
WYCKOFF GARDENS,529,Common Areas/Lobbies,Interior Building Doors,2019294.3,2019294.3
WYCKOFF GARDENS,529,Common Areas/Lobbies,Interior Building Stairs,,8270902.37
WYCKOFF GARDENS,529,Common Areas/Lobbies,Non Residential Kitchen,1717459.14,1717459.14
WYCKOFF GARDENS,529,Elevators,Elevators,,8894704.05
WYCKOFF GARDENS,529,Fire Protection,Standpipe System,81307.38,81307.38
WYCKOFF GARDENS,529,Grounds,Building Exterior Walkways and Retaining Walls,103768.52,103768.52
WYCKOFF GARDENS,529,Grounds,Fixed Site Equipment,583.28,583.28
WYCKOFF GARDENS,529,Grounds,Lighting - Exterior Security,340472.76,340472.76
WYCKOFF GARDENS,529,Grounds,Open Spaces,,1859563.28
WYCKOFF GARDENS,529,Grounds,Parking Lot,2483501.6,2483501.6
WYCKOFF GARDENS,529,Grounds,Paving - Non-Vehicular Area,271115,271115
WYCKOFF GARDENS,529,Grounds,Playgrounds,341712,341712
WYCKOFF GARDENS,529,Grounds,Site Fences,1062060,1062060
WYCKOFF GARDENS,529,Grounds,Site Lighting,379995,379995
WYCKOFF GARDENS,529,Grounds,Stairs / Ramps,166937.4,401762.55
WYCKOFF GARDENS,529,Heating,Common Spaces Radiator / Convector / Baseboard,473081.95,946163.9
WYCKOFF GARDENS,529,Heating,Decarbonization,37161623.11,37161623.11
WYCKOFF GARDENS,529,Heating,Heating System,833.07,833.07
WYCKOFF GARDENS,529,Interior Electrical/Lighting,Electrical System,541472.9,1700414.28
WYCKOFF GARDENS,529,Interior Electrical/Lighting,Emergency and Exit Lighting and Panels,79518.36,91244.55
WYCKOFF GARDENS,529,Interior Electrical/Lighting,Telephone/Intercom,74112.48,370562.4
WYCKOFF GARDENS,529,Lead Based Paint,Lead Based Paint,2212876.31,2212876.31
WYCKOFF GARDENS,529,Plumbing,Building Drainage,64707.4,64707.4
WYCKOFF GARDENS,529,Plumbing,Building Sewage System,6832.89,6832.89
WYCKOFF GARDENS,529,Plumbing,Non Residential Spaces Plumbing Fixtures,3401.06,3401.06
WYCKOFF GARDENS,529,Plumbing,Roof Tank,245470.35,245470.35
WYCKOFF GARDENS,529,Plumbing,Underground Hydronic Piping,,223171
WYCKOFF GARDENS,529,Plumbing,Underground Natural Gas Piping,,92428
WYCKOFF GARDENS,529,Safety And Security,Additional Security,2820195,2820195
WYCKOFF GARDENS,529,Safety And Security,CCTV,,1122247.84
WYCKOFF GARDENS,529,Safety And Security,Intrusion Alarm,107323.29,107323.29
WYCKOFF GARDENS,529,Ventilation/Air Conditioning,Air Conditioning,118652.8,118652.8
WYCKOFF GARDENS,529,Ventilation/Air Conditioning,Exhaust Fan,27723.85,27723.85
WYCKOFF GARDENS,529,Waste Management,Garbage Chute,11276.16,11276.16
WYCKOFF GARDENS,529,Waste Management,Waste Infrastructure,2442302.41,2442302.41
